5716 5561 5326 5725 5510 5220 5762 5721 5585 5637 5841 5517 5569 5442 5772 5543 6274 5735 5607 5883 5237 5970 5649 6001 5670 5427 5405 5514 5672 5435 5294 5985 5608 5605 5415 5425 5691 5254 5476 5449 5371 5898 5522 5676 5602 5859 5955 5872 5506 5984 5565 5735 5467 5804 5577 5538 5723 5238 5373 5640 5730 5857 5200 5537 5573 5307 5672 5296 6321 6022 5617 5639 5312 5871 5285 5310 5774 6043 5667 5643 5457 5677 5466 5793 5492 5511 5283 5757 5862 6014 6098 5281 5503 5751 5343 5700 5810 5478 5484 5874 5723 5701 5400 5668 5608 5956 5094 5614 5287 5543 5709 6020 5344 5839 5687 5436 6187 5786 6093 5572 5654 5854 5580 5397 5473 5877 5949 6005 5601 5516 6052 5363 5344 5574 5475 5252 5437 5842 5856 5739 5974 5432 5920 5633 5360 5874 5923 5799 5968 5512 5484 6050 5549 5572 5649 5350 5604 5229 6161 5428 5652 5993 5362 5759 5470 5664 5601 5788 5418 5828 5754 5499 5627 5923 6258 5517 5282 5881 5264 5323 5841 5632 5659 5542 5815 5351 5918 5696 5263 5463 5472 5535 5812 5716 5508 5991 5533 5273 5694 5866 5459 5862 5637 5635 5679 5183 5961 5844 5858 5726 5404 5747 5445 5723 5630 5720 5670 5472 5515 5518 5536 5869 5877 5891 5717 5903 5312 5694 5794 6046 5360 5511 5876 5573 5645 5603 5614 5499 5940 4919 5733 5587 6030 5662 5885 5425 5709 5259 5272 5738 5257 5251 5308 5621 5695 5704 
4768 4989 4697 4935 5037 4480 4877 4999 4681 4942 5235 4807 5001 4563 4852 4864 4962 5024 4789 4947 4458 4883 4928 5172 4864 4540 4732 4945 4982 4829 4563 5038 4903 5030 4920 4756 5021 4692 4661 4808 4518 4774 4680 5009 4938 4877 5402 5167 4785 5054 5486 5073 4640 5094 4906 4771 4970 4690 4667 4824 5016 5008 4643 4896 4907 4967 5032 4762 5094 5175 5030 4908 4587 4853 4933 4335 5208 5044 4842 5082 4664 5062 4536 4946 5433 5007 4756 5074 5048 5114 5502 4820 4604 4930 4721 5160 5013 4696 5000 5031 4865 4969 4958 5125 4911 5032 4605 4730 4730 4813 5052 5108 4708 5331 4854 4751 5080 4877 5103 4879 4824 5061 4847 4904 4800 4957 5201 5245 4914 4324 5124 4805 4711 5040 4902 4385 4664 5228 5218 4956 5320 4628 5164 4883 4757 5064 5144 5140 5030 4774 4745 5207 4848 5189 4739 4797 4370 4589 5263 4921 5010 4975 4689 5271 4548 4806 4888 4972 4990 4906 5072 4893 4957 4846 5031 4701 4489 5208 4409 4621 4896 5183 4542 5065 5070 4550 5089 5009 4753 4294 5078 5024 4826 4822 4935 4992 4932 4464 5020 5191 4869 4806 4821 4954 4944 4390 4942 4975 5517 4982 4941 4915 4614 5006 4901 4730 4804 4534 4751 4877 5141 5288 4992 5100 5219 5246 4623 4796 5252 5074 4506 4762 5103 4779 5013 4760 4999 4863 5130 4373 4898 4892 5390 4820 5079 4879 5030 4651 4895 5138 4742 4657 4679 4836 4890 4886 
5081 5280 4871 5009 4971 4793 5261 5237 4988 5028 5410 5038 5222 4734 5045 5052 5654 5143 4993 5349 4623 5355 4996 5570 5009 5348 5097 5256 4968 4859 4886 5668 5222 5010 4956 4990 5110 4732 4891 4954 5054 5193 5146 5288 5229 5009 5487 5130 4969 5349 5276 5151 4774 5299 5207 4982 5362 4779 4880 4810 5191 5264 4885 5148 5193 5082 5374 5246 5625 5246 5382 5173 4802 5173 5028 4834 5219 5253 4851 5398 4793 5141 5016 5233 5138 5157 4962 5099 5352 5464 5545 5055 4931 5462 4801 5375 5133 4867 5199 5548 5445 4956 5113 4935 5053 5150 4870 4957 4988 5064 5313 5388 4957 5658 5392 4809 5441 5394 5426 4909 4910 5272 5010 4870 4798 5243 5654 5411 5095 4681 5609 4796 4865 4991 5138 4597 4855 5328 5137 5231 5363 4829 5044 5407 4886 5400 5247 5103 5386 5164 5132 5422 5221 5241 4940 5026 4839 4713 5403 4897 5264 5574 5289 5160 4929 5176 5482 5577 5063 5345 4880 5000 4967 5114 5615 4910 5060 5198 4759 4672 5312 5086 5151 5105 5512 4956 5380 5163 4834 5117 5221 5317 5142 4989 4936 5047 5081 4790 4959 5434 5069 5023 5160 5260 5271 4656 5023 5032 5525 5064 4868 4910 5183 5332 4824 5054 4965 4899 5170 4745 5046 5141 5130 5427 5115 5604 4927 4968 5186 5410 4929 5052 5325 5129 5277 5078 4881 5289 5667 4731 5082 5084 5503 5272 5242 4953 5039 4694 5220 5470 4786 4865 4765 5074 4983 5232 
4973 5367 5234 5184 5207 4934 5327 5159 5099 4918 5235 5241 5069 4818 5145 5291 5655 5417 5079 5400 4720 5479 5263 5439 5218 5238 5027 5368 5259 5170 5057 5487 5126 5106 5187 5063 5061 4890 4873 5066 5076 5418 5101 5432 5256 5253 5536 5499 5108 5531 5428 5471 4879 5384 5189 4990 5494 5005 5054 5182 5613 5405 5039 5393 5290 4955 5354 5038 5659 5344 5470 5258 4912 5619 5054 5095 5405 5650 5019 5565 5074 5144 5043 5236 5419 5335 5206 5342 5575 5557 5699 5007 5268 5464 5365 5312 5434 5062 5233 5439 5606 5510 5107 5317 5150 5313 5096 5297 4716 5061 5652 5421 4954 5733 5169 5272 5505 5631 5443 5213 5310 5385 5148 5116 5045 5539 5605 5454 5503 4863 5563 5113 5095 5164 5276 4833 5195 5363 5347 5188 5470 5118 5459 5263 4955 5289 5393 5168 5491 5455 5107 5513 5053 5596 5216 4886 5002 5097 5671 5024 5461 5759 4920 5373 5033 5109 5363 5602 5280 5447 5183 5099 5343 5358 5107 5110 4828 5482 4718 5018 5185 5180 4921 5383 5479 4893 5609 5197 5081 5139 5030 5251 5181 5281 5250 5324 5306 4874 5304 5438 5036 5027 5315 5221 5133 5076 5278 5399 5618 5405 5325 5078 5446 5373 5297 5184 5434 4956 5069 5452 5192 5401 5491 5696 5613 5552 4980 5168 5445 5295 5115 5254 5642 5179 5293 5297 5173 5189 5469 4655 5210 5420 5545 5065 5447 5388 5166 4898 5281 5372 5190 4925 4956 5097 5265 5342 
5373 5628 5071 5334 5741 5119 5502 5206 5355 5104 5766 5301 5263 5133 5358 5187 5784 5640 5130 5642 4904 5582 5330 5407 5179 5544 5249 5297 5523 5479 5202 5992 5478 5641 5386 5240 5574 5147 4851 5228 5553 5639 5150 5635 5563 5440 5523 5791 5223 5594 5254 5577 5305 5453 5298 5243 5363 4917 5007 5385 5490 5635 5179 5473 5543 5190 5275 5365 6094 5673 5527 5340 5275 5450 5189 5197 5477 5684 5452 5626 5273 5617 5202 5356 5381 5455 5363 5512 5694 5506 5860 5142 5251 5255 5435 5626 5519 5054 5244 5804 5825 5799 5137 5571 5310 5514 5306 5444 5268 5513 5483 5605 5251 5609 5594 5260 5971 5719 5671 5485 5549 5773 5481 5051 5184 5332 5732 5793 5539 5169 5708 5410 5268 5441 5267 5142 5002 5672 5629 5621 5970 5387 5780 5706 5365 5755 5535 5475 5366 5258 5397 5685 5467 5533 5408 5059 4944 5119 6062 5087 5429 5724 5243 5364 4831 5422 5450 5904 5422 5703 5455 5467 5240 5363 5648 5221 5376 5638 4852 5213 5564 4903 5124 5236 5762 5023 5689 5584 5275 5497 5535 5348 5419 5529 5112 5334 5340 5349 5521 5332 5287 5616 5512 5379 5501 4920 5305 5241 5784 5181 5250 5071 5322 5650 5476 5624 5289 5326 5069 5613 5381 5570 5568 5696 5690 5694 4834 5169 5663 5957 5028 5345 5529 5176 5397 5221 5667 5592 5846 5008 5262 5335 5688 5512 5447 5311 5449 5006 5451 5584 5334 5052 4964 5514 5071 5660 
5174 5496 5110 5248 5290 4856 5081 5434 5322 5396 5514 5127 5108 5037 5266 5182 5843 5460 5236 5585 4818 5772 5226 5627 5274 5173 5387 5302 5368 5099 5216 5593 5592 5553 5238 5415 5489 5284 5245 5256 5365 5842 5171 5478 5579 5215 5563 5459 5182 5747 5573 5380 4963 5399 5518 5412 5728 5057 5157 5244 5584 5747 5087 5509 5468 5508 5443 5193 5867 5748 5586 5474 4886 5601 5089 5055 5571 5636 5457 5647 4928 5708 5022 5616 5385 5544 5246 5590 5718 5540 6072 5098 5213 5318 5244 5561 5433 5116 5580 5731 5704 5624 5166 5450 5409 5559 5090 5161 5080 5182 5468 5649 5304 5740 5508 5219 5893 5828 5690 5377 5311 5673 5377 5185 5177 5642 5627 6051 5370 5224 5629 5380 5024 5388 5501 4944 5098 5599 5520 5564 5749 5261 5578 5316 5206 5837 5696 5394 5617 5356 5564 5458 5291 5519 5341 5304 5120 5019 5772 5244 5422 5781 5247 5344 5401 5094 5685 5518 5582 5623 5358 5313 5326 5260 5566 5237 5122 5548 5092 5084 5459 5625 5226 5334 5650 5212 5389 5574 5234 5482 5336 5267 5345 5466 5146 5622 5431 4985 5605 5457 5286 5501 5689 5267 5521 5093 5332 5435 5864 5427 5480 5405 5266 5603 5276 5489 5414 5186 5092 5298 5287 5627 5605 5628 5622 5579 5187 5454 5550 5640 5285 5212 5487 5580 5575 5252 5404 5362 6060 5160 5362 5269 5726 5504 5757 5328 5415 5080 5268 5657 5243 5062 5315 5371 5391 5677 
5061 5248 4809 5134 5131 4664 5016 5158 5101 5150 5566 5034 5054 4985 5126 5048 5421 5216 5102 5411 4497 5414 5383 5367 5051 4915 5032 5011 5253 5023 5060 5491 5302 5267 5280 5258 5226 4935 5088 5040 5094 5224 4765 5040 5038 5056 5408 5492 4815 5260 5246 5109 4837 5224 5205 5240 5577 4804 4913 5366 5401 5411 4904 5205 5339 5249 5352 4894 5551 5400 5353 5215 4864 5060 4927 4962 5215 5574 4831 5522 4956 5497 4992 5160 5259 5470 4874 5234 5530 5507 5701 5051 4809 5199 5061 5532 5311 5113 5059 5387 5284 5246 5176 5029 4944 5416 5032 4876 4793 5000 5249 5342 4652 5362 5423 4824 5564 5324 5540 4989 5146 5129 5003 5320 4930 5357 5348 5660 5301 4771 5420 5169 5349 5137 5224 4419 4985 5295 5375 5407 5252 4977 5267 5237 5356 5447 5327 5006 5300 5127 5359 5343 5366 5250 5020 5125 4767 4733 5585 5060 5254 5396 5000 4842 4807 5198 5531 5459 5542 5082 5079 4987 5163 4737 5565 5373 4672 5132 4659 5043 5215 4980 4792 5043 5283 4730 5250 5030 5222 5188 4828 5088 5118 5176 4804 5056 5099 4736 5446 5113 5149 4992 4985 5190 5110 4548 5318 5224 5470 5015 5476 5080 5072 5402 4948 5233 5178 5121 4951 5031 4994 5278 5354 5527 5276 5367 4778 5119 5259 5409 4954 4911 5379 4907 5432 5097 5204 5558 5593 4622 4990 5425 5445 5200 5258 5228 5231 4631 5258 5157 4997 4882 4689 4879 5264 4998 
5185 5298 4861 4961 5173 4780 5587 5349 5313 4991 5427 4998 5402 5034 5303 5039 5842 5733 5074 5363 4916 5670 4995 5274 5047 5272 5323 5373 5335 5140 5175 5704 5538 5157 5451 5072 5563 5344 4734 4996 5071 5373 5382 5407 5415 5270 5562 5491 5332 5565 5411 5273 4815 5683 5491 5154 5223 5039 5089 5176 5446 5428 4821 5138 5387 5322 5601 5040 5805 5601 5124 5309 5149 5614 4748 5073 5338 5434 5302 5497 5001 5227 5279 5232 5334 4958 5246 5191 5492 5622 5706 4985 5182 5480 5196 5741 5240 5026 5039 5511 5636 5596 5273 5454 5218 5530 5003 5400 5192 5135 5327 5635 5015 5657 5376 5238 5523 5626 5711 5174 5275 5423 5575 5140 5216 5085 5794 5680 5487 5156 5612 5104 5125 5348 5113 4821 5291 5323 5396 5374 5639 4965 5685 5497 5035 5531 5475 5075 5471 5066 5285 5585 5089 5267 5484 5010 4720 5035 5898 5062 5311 5638 5073 5008 5042 5367 5177 5583 5275 5730 5399 5351 5269 5345 5458 5319 5241 5425 4741 5152 5497 5034 5092 5514 5424 5079 5607 5569 4946 5281 5455 5353 5200 5578 4962 5357 4967 5072 5419 5474 5302 5223 5210 5021 5456 5087 5312 5257 5801 5257 5302 5397 4896 5591 5295 5178 5415 5009 4928 5299 5161 5373 5317 5622 5593 5540 5044 5063 5359 5612 5068 5144 5389 5279 5411 5149 5289 5721 5730 4769 5134 5268 5632 5461 5411 5420 5468 5261 5487 5713 5164 4979 5148 5315 5207 5347 
5358 5126 4976 4913 5062 4630 5184 5156 5145 5017 5358 4778 5038 4890 4942 5094 5779 5198 4979 5504 4680 5652 5235 5412 4949 5010 5043 5246 5067 5162 4864 5613 4820 5175 5238 5224 5299 5183 4809 5038 5264 5408 5084 5262 5306 5263 5479 5403 5215 5425 5222 5546 5054 5306 5326 5374 5321 4950 4983 5087 5095 5228 4626 5245 5236 4922 5259 4961 5532 5227 5070 5088 4790 5645 4692 5070 5227 5352 5190 5686 4941 5342 5071 5249 5149 4918 4990 5353 5555 5280 5628 4668 5163 5443 5185 5407 5227 4718 5243 5359 5324 5360 5086 5281 5353 5554 4932 5072 4687 5024 5199 5167 4844 5338 5253 4990 5541 5636 5412 5021 5056 5389 5085 5071 4853 5331 5380 5756 5216 4972 5264 4888 4913 5165 5149 4478 5002 5055 5321 5200 5263 5058 5376 5041 4831 5356 5418 4861 5224 4932 5163 5355 5202 5328 5217 5081 4897 4852 5304 5099 5005 5253 5079 5214 4623 5163 5478 5464 5109 4984 5184 5337 5106 4970 5289 5023 5147 5183 4770 4753 5219 4999 5024 4926 5295 4782 5308 5529 4948 5036 5288 5074 5091 5294 4879 5309 5336 4767 5433 5352 5080 5023 5206 5087 5429 4629 5363 5127 5539 4906 5070 5164 4868 5490 5211 5241 5171 4992 4908 5138 5090 5386 5217 5747 5304 5420 4781 4886 5442 5333 4900 4975 5233 5171 5251 5114 5003 5142 5348 4590 4993 5144 5521 5333 5105 5113 5006 4934 5179 5339 4875 5115 4995 5110 4907 5265 
5075 4955 4715 4861 4948 4655 4932 5108 5037 4840 5126 4625 4870 4827 4715 4804 5475 4804 4660 5143 4688 5282 4928 4908 4989 4689 4867 5016 4954 4960 4746 5250 4903 4998 4958 4844 4912 4876 4631 4800 4903 5146 4908 5288 5175 5097 5222 5134 4821 5145 5098 4947 4638 5218 4825 5043 4983 4701 4737 4939 5142 5046 4855 4782 4958 4808 4996 4767 5333 5086 5145 5033 4600 5343 4455 5135 5231 5054 4855 5353 4888 5116 4482 5436 5081 4942 4805 5255 5048 5360 5438 4770 4774 4902 4902 5300 5027 4674 4941 5146 5238 5400 4975 5177 4820 5310 4678 4818 4549 4986 5124 5298 4523 5332 4921 4840 5321 5236 5335 4857 4833 5163 5034 5041 4943 5072 5245 5495 4712 4618 5223 4782 4695 4878 4790 4457 4864 5231 5157 5110 4939 4648 4978 4934 4681 5123 5029 4871 5189 4808 5108 5180 4785 4815 5099 4399 4450 4540 5335 5029 4706 5098 4799 4911 4712 4924 4945 5438 5064 4987 4922 5023 5088 4910 5022 4827 4565 5051 4415 4637 5013 4778 4540 4924 4802 4676 5095 5114 4804 4692 4947 4995 4569 5198 4526 4844 4895 4570 5131 5257 4924 4960 5135 4944 4931 4608 4776 4983 5175 4921 5082 5007 4610 5071 4873 5278 4768 4676 4729 4974 4818 4855 5111 5229 5206 5101 4711 4681 5061 4932 4858 4654 4936 4985 4885 4956 4935 5149 5172 4636 4958 4863 5346 4861 5117 5012 4831 4944 4811 5299 4616 4938 4703 5092 4924 4927 
5215 5148 4961 5137 5119 4698 5325 5430 5196 5324 5519 5219 5540 4995 5095 4945 5643 5551 5191 5264 4745 5475 4933 5404 5249 5212 5125 5484 5547 5102 4965 5699 5468 5399 5269 5381 5424 5131 5192 5085 5345 5459 4989 5388 5347 5114 5671 5399 5401 5473 5707 5739 4953 5494 5167 5266 5406 5056 5106 5195 5455 5306 4997 5395 5543 5210 5659 5068 5696 5424 5341 5269 5206 5346 5190 5059 5559 5409 5152 5442 4991 5294 4881 5325 5387 5205 5051 5471 5667 5773 5844 5012 5036 5293 5205 5439 5414 5155 5309 5376 5306 5470 5318 5638 5209 5574 5051 5382 5110 5353 5481 5473 5170 5779 5408 5102 5345 5347 5547 5141 5118 5536 5271 5481 5092 5370 5469 5773 5162 5227 5807 5313 5173 5335 5326 4745 5138 5436 5388 5365 5434 5255 5586 5478 5228 5506 5423 5015 5798 5143 5340 5679 5480 5474 5336 4978 4772 4627 5423 5245 4991 5377 5068 5340 5049 5221 5473 5546 5476 5541 5195 5374 5442 5101 5735 5004 5035 5538 4710 4946 5411 5394 5060 5105 5507 4927 5563 5510 5433 5204 5366 4990 5061 5293 4940 5238 5080 4991 5437 5603 5098 5070 5623 5209 5432 4961 5304 5371 5715 5569 5202 5150 5076 5474 5040 5366 5329 5011 5059 5229 5388 5376 5386 5583 5360 5875 5037 5021 5642 5575 4974 5071 5482 5381 5201 5430 5174 5582 5831 4843 5134 5107 5599 5289 5560 5101 5481 4762 5228 5644 5018 5090 5069 5169 5400 5434 
5057 5296 4797 5248 5248 5105 4932 5143 5317 4967 5322 5085 5087 5085 5251 5165 5495 5371 5208 5390 4652 5558 5346 5400 5072 5040 5290 5367 5195 5282 4890 5620 5087 5443 5013 5080 5299 4921 4886 4958 5130 5325 5230 5437 5344 5201 5634 5529 5019 5618 5398 5476 4838 5501 4925 5385 5048 5171 5159 5115 5494 5495 4962 5680 5305 5030 5516 5023 5812 5156 5562 5388 4960 5324 4814 5157 5371 5578 5226 5415 5326 5361 4733 5331 5365 5298 5333 5198 5500 5583 5627 5093 5191 5459 5284 5399 5299 5117 5411 5466 5724 5474 5153 5247 5371 5314 5154 5029 4993 5062 5542 5512 5086 5566 5285 5043 5631 5601 5391 5178 5215 5455 5381 5051 5099 5414 5391 5749 5306 4956 5567 4834 4978 5207 5056 4830 5144 5551 5560 5140 5635 5150 5402 5324 4886 5219 5561 4910 5234 5093 5342 5509 4960 5401 5181 5147 4875 5093 5532 5078 5393 5428 5232 5202 4943 5272 5341 5796 5382 5500 5085 5336 5021 5122 5358 5158 4988 5452 4804 4824 5074 5123 4792 5091 5372 4886 5390 5540 5018 5409 5263 5389 4918 5161 4967 5395 5251 4877 5522 5653 5098 4987 5435 5155 5400 4860 5297 5074 5459 5099 5040 5284 5309 5452 5131 5390 5191 5034 5219 5172 5296 5275 5341 5421 5364 5208 4903 5029 5561 5211 5033 5114 5371 5507 5146 5257 5327 5309 5501 4437 5028 5404 5542 5462 5225 5147 5079 4872 5277 5656 5243 5248 5022 5209 4956 5390 
5115 5281 4989 5092 5352 4881 5283 5242 4988 5305 5569 5258 5240 5033 5652 5029 5595 5585 5135 5483 4827 5653 5184 5550 5179 5046 5177 5125 5153 5178 5203 5655 5329 5323 5252 5081 5362 5000 5055 5258 5044 5498 5020 5394 5371 5171 5262 5444 5110 5565 5185 5504 4734 5408 5180 5248 5585 5036 4766 5357 5377 5565 4939 5474 5372 5423 5116 4950 5853 5538 5586 5048 5029 5540 4983 5165 5392 5731 5248 5522 5259 5494 4882 5386 5351 5406 4855 5433 5480 5638 5696 5035 4970 5256 5108 5586 5214 4998 5451 5408 5651 5498 4963 5393 5033 5613 5124 5027 4941 5000 5427 5592 5025 5697 5365 5065 5747 5581 5663 5267 5146 5487 5285 5131 5017 5438 5656 5656 5229 5128 5782 5247 5045 5258 5311 4733 5201 5559 5194 5443 5741 4867 5444 5662 5040 5618 5446 5196 5383 5187 4998 5608 5365 5330 5360 5286 5073 4921 5646 5217 5152 5295 5189 5165 4974 5304 5595 5909 5263 5305 5260 5300 5051 5224 5320 5289 5041 5609 4481 4846 5483 5191 4863 5326 5470 4923 5338 5333 5082 5217 5180 5165 5056 5180 5056 5019 5350 4845 5893 5357 5131 5295 5365 5059 5526 4772 5080 4991 5339 5005 4993 5230 4995 5674 5233 5319 5273 5072 5022 5362 5179 5338 5280 5586 5384 5605 4822 5108 5586 5583 5019 4929 5586 5073 5277 5100 5385 5444 5459 4523 5357 5023 5559 5276 5342 5187 5241 5123 5277 5467 5118 4868 5022 5258 4911 5336 
4855 5353 4747 5061 5070 4544 4920 5305 5254 4959 5357 4854 4985 4906 4925 4845 5522 5279 5054 5437 4894 5443 5031 5344 4933 5324 5054 5087 5138 4937 4698 5413 5028 5208 5070 5116 5073 4771 4988 4995 4782 5279 5107 5265 4980 5174 5310 5211 5009 5418 5220 5298 4878 5326 4711 5006 5082 4712 4883 5056 5297 5361 4909 5299 5176 4783 5230 4721 5548 5173 5104 5112 4719 5047 4704 4527 5078 5456 5061 5267 4797 5235 4778 5210 5122 5201 4714 5077 5389 5519 5340 4932 5097 5157 4992 5203 5142 4660 4939 5406 5342 5205 4989 5084 5125 5223 4902 4980 4752 4896 5107 5586 4808 5436 5086 4762 5668 5281 5592 5072 5082 5238 5146 5197 4979 5211 5272 5574 5206 4757 5438 4832 4821 4884 5095 4741 5012 5278 5326 4839 5440 4792 5276 5169 4712 5435 5189 4835 5232 4927 5068 5524 5199 5112 5131 4698 4819 4733 5599 5001 5190 5338 4905 5219 4907 5207 5043 5279 5165 5358 4927 5173 5032 4927 5185 4977 4847 5240 4407 4822 5208 4845 4771 4993 5476 4778 5277 5245 4773 4961 5184 5043 4910 4951 4821 5192 5061 4740 5304 5452 4939 5239 5310 5073 5369 4784 4979 4927 5361 4968 5142 4882 4783 5254 4903 5308 4822 4969 4776 4938 4769 4993 5395 5370 5090 5336 4753 5109 5302 5349 4891 5017 4921 4950 5115 4929 5366 5463 5486 4527 5105 5093 5317 5150 5079 5061 4937 4927 5115 5151 5041 4667 4923 5180 4874 5160 
5378 5238 5071 5141 5246 4832 5557 5162 5286 5516 5626 5043 5070 5151 5358 4982 5650 5509 5212 5533 4922 5722 5098 5591 5106 5093 5036 5439 5237 5353 4857 5924 5391 5402 5268 5329 5588 4978 5067 5172 5140 5550 5090 5751 5375 5545 5380 5447 5033 5483 5425 5630 4863 5509 5350 5184 5455 4988 4881 5198 5498 5524 5136 5606 5342 5330 5418 5218 5923 5456 5039 5389 4742 5616 4961 5536 5269 5554 5190 5650 5207 5620 4915 5339 5513 5297 5294 5347 5528 5580 5704 4867 5060 5485 5091 5630 5267 4905 5259 5492 5682 5459 4906 5391 5361 5752 5281 5235 5035 5063 5221 5731 5213 5295 5574 5370 5989 5412 5535 5423 5378 5239 5371 5150 5300 5698 5648 5571 5432 5215 5633 4927 5336 5318 5082 4465 5244 5327 5295 5614 5610 5104 5513 5554 5192 5481 5671 5174 5401 5230 4936 5534 5359 5373 5324 4995 5177 5066 5518 5116 5283 5586 5188 5457 5159 5457 5428 5604 5259 5374 5380 5195 5510 5217 5618 5424 5031 5453 4858 4912 5596 5145 5054 5486 5447 5202 5305 5646 5216 5390 5094 5431 5194 5363 5181 5655 5192 5079 5758 5601 5194 5318 5336 5471 5234 5017 5368 5490 5335 5188 5076 5363 5064 5646 5374 5327 5335 5197 5090 5232 5268 5623 5341 5596 5387 5648 4866 5247 5683 5502 5225 5262 5640 5526 5575 5215 5417 5344 5812 4937 5364 5274 5628 5415 5502 5069 5289 5140 5229 5563 4868 4908 5292 5536 5212 5679 
4986 5657 5079 4860 5116 4797 5552 5222 5026 5115 5613 4987 5228 4966 5198 4850 5573 5430 5203 5211 4756 5603 5148 5425 5072 4805 5187 5146 5431 5010 4981 5616 5427 5289 5258 5187 5336 5049 5082 5069 5122 5475 5086 5173 5266 5401 5459 5403 5118 5410 5482 5298 4913 5462 5305 5180 5375 5164 4923 5010 5273 5354 4852 5552 5471 5184 5533 5092 5791 5375 5213 5160 4836 5566 4969 5229 5382 5451 5148 5318 5192 5423 5045 5507 5414 5143 5034 5429 5588 5599 5767 4854 4938 5539 5160 5608 5256 5135 5320 5337 5371 5034 5059 5160 5228 5567 5057 4951 4953 5169 5319 5436 5045 5385 5249 5075 5660 5465 5475 5083 4927 5249 5186 5255 5134 5505 5422 5632 5514 4759 5683 5043 5237 5523 5502 4647 5226 5386 5489 5378 5612 5019 5166 5337 4967 5629 5547 5194 5480 5130 5063 5502 5332 5185 5132 5151 4897 4711 5458 5210 5387 5578 5212 5127 4845 5175 5384 5693 5378 5415 5291 5241 5459 5169 5324 5192 5036 5360 4645 4639 5438 5221 5143 5219 5179 4925 5397 5397 5278 5076 5287 5330 5281 5209 4869 5134 5191 4666 5534 5517 5109 5170 5124 5130 5383 4648 5341 5342 5813 5135 5047 5095 5269 5399 5020 5136 5001 5099 5209 5109 5064 5359 5264 5529 5282 5380 4581 5279 5472 5255 4990 4864 5558 5218 5509 5309 5174 5378 5967 4773 5116 5012 5455 5323 5306 5196 5140 5151 5259 5474 5196 5061 5125 4989 5090 5284 
5473 5267 5190 5314 5574 5044 5701 5631 5321 5381 5748 5246 5397 5250 5658 5126 5913 5666 5354 5642 5030 5712 5649 5868 5476 5359 5451 5748 5669 5508 5087 5909 5242 5410 5542 5296 5595 5245 5232 5623 5486 5741 5271 5618 5697 5670 5703 5848 5307 5830 5505 5625 4975 5772 5462 5337 5705 5446 5329 5451 5389 5792 5255 5568 5474 5308 5627 5204 6178 5538 5634 5342 5115 5880 5304 5049 5891 5564 5426 5928 5329 5585 5379 5777 5575 5595 5497 5422 5954 6048 5998 5470 5375 5604 5332 5806 5476 5238 5693 5751 5739 5650 5269 5523 5302 5883 5177 5447 5232 5400 5695 5944 5317 5786 5838 5175 6346 5702 5781 5483 5408 5742 5569 5328 5553 5631 6029 5933 5551 5293 5801 5235 5626 5448 5709 5158 5336 5945 5758 5685 5715 5305 5723 5639 5470 5516 5729 5454 5571 5231 5478 5998 5734 5728 5453 5351 5053 5169 5786 5335 5309 5576 5174 5606 5384 5415 5756 5985 5673 5421 5625 5230 5602 5505 5529 5334 5135 5869 5073 5285 5560 5434 5478 5488 5707 5135 5868 5867 5220 5365 5822 5671 5586 5692 5076 5633 5875 5527 5999 5642 5648 5389 5692 5509 5868 5121 5504 5446 5709 5451 5269 5738 5256 5499 5751 5722 5204 5336 5458 5564 5545 5635 5733 5683 5822 5730 5061 5534 5481 5736 5259 5217 5536 5551 5698 5367 5531 5831 6013 4953 5579 5678 5716 5877 5970 5290 5400 5359 5468 5890 5225 5129 4960 5624 5252 5683 
5065 5185 4739 5144 5094 4588 5208 5105 5299 4798 5352 4666 5254 4808 4737 5042 5491 5129 5056 5178 4543 5313 4886 5241 5079 5355 5106 5239 5194 5239 4787 5325 5179 5198 5192 5027 5296 4964 4946 5003 5009 5247 4730 5194 5277 5065 5346 5463 5122 5049 5076 5269 4899 5091 5085 5045 5035 4903 4884 4863 5176 5247 4798 5115 5155 5218 4976 5044 5527 5264 5259 5275 4650 5409 4683 4855 5095 5483 5142 5377 5085 5158 4780 5068 5007 5317 5010 5347 5474 5323 5850 4903 4971 5267 4956 5157 5277 4882 5040 5457 5484 5336 4897 5339 5043 5413 4832 5146 4643 5076 5022 5124 5061 5253 5164 5036 5618 5221 5275 5116 5010 5307 5142 5049 4984 5316 5078 5481 5212 4858 5550 4992 5084 4834 4775 4577 4853 5173 5621 5229 5458 5057 5448 5143 5106 5215 5550 4984 5311 4890 5280 5529 5169 5392 5166 4571 4744 4778 5442 5122 5141 5252 4929 5157 4655 5208 5206 5347 5274 5216 5227 5108 5322 5142 5178 4997 4891 5450 4741 4761 5083 5311 4782 5139 5319 4969 5118 5442 5022 5175 4999 5083 5123 5245 4877 5219 4973 4904 5196 5610 5130 4853 5301 4917 5249 4821 5062 5209 5535 5347 5087 4966 4972 5456 5041 5242 5121 4565 4719 5232 5195 5241 5506 5605 5245 5155 4816 5012 5387 5190 5032 5048 5148 5438 5072 5235 4984 5341 5450 4567 5081 5038 5340 5039 5053 4981 4933 4637 4905 5513 5137 4851 4890 5086 5178 5323 
5012 4907 4677 4629 5227 4437 5100 5194 5087 4907 5063 4864 5022 4636 4878 4532 5066 4937 4743 5235 4664 5348 5104 5238 4779 4997 4942 5262 4998 4858 4610 5563 5088 5082 4916 5065 5002 4797 5057 4849 4886 5168 4452 5089 4959 5250 5299 5268 4995 4912 5034 5177 4728 5173 4825 4844 4933 4911 4561 5058 5165 4977 4795 5067 5452 4815 5125 4561 5335 5174 5147 5079 4631 5016 4692 5080 5066 5209 5078 5206 4890 5110 4516 5072 4974 4790 4723 5180 5425 5536 5305 4928 4537 5104 4940 5409 5139 4969 5027 5222 5339 5114 4960 5186 5006 5017 4733 5063 4790 4973 5154 5372 4896 5145 5391 4974 5353 5015 5467 4977 4991 5094 5372 5135 4960 5063 5440 5574 5226 4701 5357 4723 5100 4811 4964 4590 5005 5284 5298 4918 5140 4831 5078 5115 4820 5463 5264 4732 5163 4698 4992 5223 5309 5150 4943 4677 4601 4389 5252 4869 4975 5104 4705 4893 4685 5097 5000 5408 5125 5163 4988 5221 5124 4940 5228 4806 4773 5103 4551 4673 5184 4940 4896 4886 4987 4897 4943 5105 4756 4911 5002 4872 4810 4923 4584 4802 5070 4780 5202 5441 5041 5147 5149 4779 5202 4663 4891 5021 5114 5095 4609 4758 4753 5103 5054 5211 4961 5119 4920 4779 4962 5383 5246 5375 5093 5134 4595 4927 4952 4855 4758 4943 5291 5021 5117 4940 4932 5274 5079 4341 4723 4987 5256 4920 5100 4661 4839 4480 4898 5220 4626 4709 4700 5170 5038 5075 
4915 5432 4854 5090 5314 4908 5392 5539 5224 5482 5624 4972 4879 4886 5329 5058 5503 5665 5251 5360 4694 5666 5227 5606 5203 5135 5230 5395 5620 5182 5131 5994 5226 5380 5190 5239 5095 5044 4962 5343 5368 5459 5091 5620 5469 5479 5423 5737 5072 5391 5529 5511 4860 5231 5783 5154 5407 5038 5153 5370 5148 5667 5291 5530 5564 5181 5473 5085 5720 5270 5283 5370 4856 5400 4972 5006 5494 5911 5160 5547 4994 5658 4854 5034 5378 5467 5205 5285 5538 5371 6058 5068 5125 5622 5097 5726 5173 5077 5657 5662 5493 5436 5109 5387 5320 5672 5144 5137 4988 5047 5389 5464 5246 5560 5629 5094 6040 5614 5667 5342 5400 5349 5536 5092 5293 5391 5584 5495 5448 4952 5582 5039 5087 5021 5448 5196 5179 5634 5694 5305 5765 5364 5189 5358 5083 5322 5560 5291 5433 5525 5110 5441 5223 5421 5111 5289 4825 4779 5810 5347 5250 5667 5088 5426 5189 5313 5488 5759 5439 5503 5179 5412 5462 5271 5380 5174 4944 5496 4709 4998 5326 5011 5148 5440 5605 5046 5721 5586 5139 5227 5148 5329 5224 5534 5065 5421 5378 4961 5574 5642 5355 5308 5540 5032 5555 5082 5290 5236 5405 5220 4975 5328 4982 5636 5220 5321 5138 5024 5259 5316 5145 5421 5226 5682 5396 5443 4728 5267 5546 5345 5058 5119 5619 5058 5438 5398 5495 5264 5653 4909 5347 5272 5611 5326 5641 5137 5350 5098 5526 5654 5045 4923 5058 5413 5096 5176 
5120 5127 4844 4957 5107 4732 5185 5392 5066 5018 5307 4860 5029 4907 5167 4850 5489 5546 4769 5386 4842 5422 4980 5332 5001 5051 5087 5268 5255 5149 5151 5596 5077 4929 5192 4998 5027 5017 5004 4969 5198 5295 4990 5261 5300 5008 5531 5207 4867 5464 5147 5417 4879 5296 5089 4967 5464 4849 4952 5170 5302 5554 4754 5301 5270 5101 5284 5099 5631 5347 5358 5045 4854 5370 4638 4923 5456 5309 4911 5439 4920 5086 4978 5117 5293 5185 5112 5356 5380 5354 5595 4907 4911 5336 4850 5416 5255 4890 5286 5424 5595 5360 5113 5286 4980 5443 4834 4908 4864 5093 5229 5414 5111 5500 5366 4911 5339 5541 5582 5141 4973 5290 5208 4995 4932 5211 5462 5507 5473 4915 5510 4975 5055 5086 4802 4538 5012 5194 5204 5235 5386 4950 5350 5464 5073 5441 5339 4873 5288 5062 5233 5256 5164 5250 5038 5094 4840 4643 5260 5096 4951 5362 4976 5110 4822 5071 5330 5616 5035 5381 4939 5215 4942 5143 5389 5193 5144 5131 4738 4814 5215 5014 4671 5082 5323 4940 5363 5319 5105 5130 5286 5049 5073 5304 4740 5159 5063 4922 5308 5242 4988 4999 5356 5116 5159 4764 5183 4990 5365 4977 4996 5105 4997 5601 4992 5147 4876 4987 4856 5158 5018 5478 5087 5429 5239 5264 4922 5092 5605 5535 4897 4930 5165 5099 5230 5153 5358 5212 5617 4666 5216 4872 5418 5223 5498 5045 5382 4887 5134 5438 5058 4774 4872 5185 5077 5305 
5322 5399 4759 5242 5241 4755 5206 5207 5071 5147 5546 4854 5154 4939 5281 4789 5632 5493 5194 5532 4680 5248 4978 5368 5255 5166 4966 4855 5266 5111 4938 5427 5245 5433 5154 5103 5340 5119 5183 5142 5089 5520 5021 5223 5118 5199 5365 5530 4946 5314 5205 5272 4877 5135 4841 5108 5464 4913 4789 4913 5526 5662 4820 5183 5480 5121 5327 4995 5759 5340 5413 5256 4643 5446 4988 5017 5317 5442 5263 5634 5092 5161 4932 5256 5258 5223 5024 5420 5592 5419 5822 5017 5007 5302 5107 5174 5420 5167 4920 5169 5397 5339 5163 5068 5291 5544 4874 5287 4932 5130 5421 5590 5016 5479 5338 4954 5475 5558 5713 5012 5354 5602 5495 5211 5054 5470 5679 5740 5365 4974 5521 5100 5100 5159 5066 4848 4992 5274 5284 5264 5471 4710 5597 5402 5043 5531 5327 5136 5364 5152 5095 5292 5440 5043 5164 5004 4608 4837 5647 4899 5336 5306 5020 5427 5166 5082 5637 5547 5058 5329 5206 5248 5413 5247 5492 5138 5101 5247 4522 4966 5035 5294 5027 5134 5477 4945 5217 5383 5224 5030 5081 5276 5266 5261 5057 5367 5077 4838 5748 5062 5234 5046 5277 5072 5382 4784 5179 4976 5179 5229 5245 5028 4993 5425 5195 5236 5225 5016 4962 5117 5344 5510 5216 5496 5369 5433 5019 5240 5280 5520 4897 4969 5178 5464 5253 5349 5230 5236 5528 4620 5259 5185 5447 5242 5267 4992 5055 4776 5143 5447 5025 4925 5033 5177 5278 5278 
5473 5421 4931 5329 5094 4741 5393 5266 4972 5162 5420 5167 5536 5082 5210 5074 5518 5540 5205 5512 4986 5530 5233 5455 4943 5018 5452 5235 5285 5254 5140 5901 5267 5301 5453 5175 5164 5180 5179 5198 5120 5108 5547 5496 5217 5251 5505 5399 5491 5437 5807 5650 4887 5822 5328 5157 5402 4945 5165 5288 5552 5409 5002 5515 5700 5099 5545 5046 5889 5408 5415 5262 4856 5508 5096 5127 5385 5475 4891 5524 4996 5488 5219 5322 5446 5428 4985 5487 5648 5577 5778 5131 5044 5638 5242 5557 5416 5134 5241 5670 5681 5502 5338 5307 5222 5601 5081 5394 5144 5324 5589 5783 5317 5635 5669 4867 5990 5712 5738 5370 5067 5427 5189 5262 5148 5594 5714 6014 5276 4944 5663 5232 5130 5334 5252 4899 4934 5326 5388 5429 5460 4971 5361 5422 5161 5524 5465 5264 5252 5315 5436 5842 5575 5270 5161 5014 4783 4851 5698 5382 5671 5462 5242 5255 5153 5269 5517 5816 5419 5462 5363 5233 5353 5367 5524 5529 4978 5468 4884 5095 5739 5231 5215 5335 5549 5155 5757 5684 4997 5372 5467 5351 5076 5143 5084 5366 5335 5030 5582 5427 5153 5411 5311 5480 5461 5033 5246 5589 5799 5272 5286 5267 5003 5411 5486 5339 5089 4879 5420 5461 5559 5550 5436 5596 5572 5673 5117 5167 5585 5487 5114 4878 5605 5566 5382 5532 5377 5442 5790 4627 5458 5368 5712 5452 5343 5462 5630 5290 5493 5458 5234 5248 5187 5310 5031 5456 
5335 5319 5164 5140 5432 4928 5560 5334 5569 5021 5819 5169 5275 5034 5273 5135 5902 5154 5166 5420 5129 5866 5298 5797 5315 5353 5363 5555 5436 5225 5250 5600 5256 5448 5359 5225 5355 5296 5234 5126 5333 5447 5263 5673 5642 5301 5491 5950 5235 5519 5649 5557 5264 5684 5314 5385 5637 5010 5057 5366 5440 5488 5158 5485 5603 5384 5596 5244 5704 5512 5409 5551 5073 5788 4825 5244 5608 5664 5186 5627 5013 5761 5188 5504 5480 5417 5255 5596 5575 5676 5988 5307 5290 5477 5197 5700 5338 5234 5256 5435 6132 5549 5241 5621 5378 5573 5029 5414 5058 5279 5281 5737 5342 5675 5500 5233 5937 5844 5626 5397 5341 5405 5599 5371 5483 5700 5484 5944 5439 4785 5566 5053 5386 5299 5301 5113 5520 5648 5660 5530 5733 5000 5418 5532 5260 5481 5777 5271 5516 5570 5363 5662 5339 5427 5327 5178 4852 4849 5596 5158 5261 5693 5216 5416 5146 5178 5502 5945 5287 5456 5405 5540 5457 5305 5618 5470 5053 5520 4841 5036 5559 5240 5212 5592 5704 5193 5800 5665 5035 5356 5100 5487 5348 5458 4796 5511 5443 5075 5626 5731 5169 5346 5522 5188 5619 5103 5416 5289 5723 5284 5214 5479 5251 5649 5151 5513 5132 4855 5324 5308 5416 5635 5397 5632 5679 5557 5024 5235 5612 5454 5182 4966 5720 5584 5312 5268 5492 5240 5629 4999 5344 5293 5886 5249 5345 5376 5574 5223 5259 5462 5217 5269 5109 5419 5190 5361 
5297 5493 5304 5315 5554 4791 5386 5419 5527 5346 5625 5353 5610 5450 5400 5393 5819 5831 5408 5570 4856 5869 5302 5726 5378 5396 5449 5548 5421 5447 5128 5967 5551 5522 5318 5564 5446 5175 5328 5616 5342 5458 5220 5619 5348 5659 5639 5638 5294 5585 5591 5818 4877 5610 5406 5404 5374 5238 5152 5588 5552 5596 5295 5462 5757 5208 5334 5203 6135 5684 5521 5293 5179 5684 5142 5293 5477 5703 5330 5858 5344 5586 5173 5411 5339 5183 5232 5468 5520 5784 5882 5084 5151 5704 5225 5629 5494 5182 5455 5653 5678 5549 5596 5583 5308 5635 5037 5307 5331 5342 5412 5816 5079 5795 5539 5362 5882 5738 5494 5547 5576 5474 5616 5270 5168 5257 5824 5793 5535 4983 5837 5169 5086 5314 5223 4743 5435 5729 5602 5481 5891 5410 5511 5622 5226 5568 6063 5257 5783 5224 5282 5780 5337 5729 5603 4923 5007 5119 5734 5157 5398 5483 5225 5564 4846 5770 5634 5881 5430 5720 5591 5762 5369 5182 5654 5243 5173 5454 4841 4987 5318 5276 5049 5152 5613 5185 5594 5780 5329 5297 5515 5437 5206 5490 5336 5505 5450 4779 5497 5742 5388 5441 5646 5471 5769 5385 5485 5587 5595 5219 5454 5563 5265 5854 5259 5335 5177 5287 5292 5666 5204 5568 5504 5595 5567 5918 5241 5263 5720 5720 5163 5285 5545 5260 5522 5402 5459 5567 5772 4682 5378 5283 5776 5389 5450 5329 5470 4931 5657 5586 5108 5504 4950 5549 5128 5440 
4828 4979 4862 4908 5170 4605 5051 5078 5080 4848 5327 4894 5062 4895 4943 4593 5397 5224 4946 5144 4637 5343 4811 5153 4934 4752 5067 5205 5185 4848 4685 5600 4965 5044 4991 4781 5265 4655 4938 4837 4836 5169 4906 5064 5235 4927 5346 5312 5071 5143 5187 5221 4779 5379 5017 4812 4994 4965 4865 5001 5318 5098 4905 5173 5222 4832 5265 4876 5646 5203 5199 5116 4715 5327 4801 4650 5160 5096 4803 5440 5010 5010 4881 5071 5123 5184 4846 5243 5286 5281 5637 4808 4954 5173 4980 5207 5147 4638 4923 5190 5422 5254 4923 5035 4995 5438 4632 4760 4622 4901 5001 5380 4825 5210 5196 5001 5576 5407 5334 4809 4697 5315 5431 5260 5051 4947 5184 5147 4987 4814 5502 4595 5038 5192 4690 4636 4981 5350 5283 5202 5444 4975 5303 5324 4936 5217 5449 4906 4983 4698 5142 5581 5296 4911 5273 4883 4566 4468 5468 4745 4981 5339 4809 5115 4607 5023 5289 5183 5067 5038 5094 4897 5038 5004 5199 5077 4590 5123 4628 4480 5188 5012 4862 5165 5216 4687 5108 4964 5008 4894 5093 5119 5015 5085 4409 5082 4864 4953 5216 5227 5042 4802 5192 4984 5301 4640 5325 5061 5215 5228 5134 5098 4929 5054 5035 4812 5083 4786 5210 4957 5024 5020 5261 5327 5136 5340 4666 4905 5278 5164 4853 5063 5277 5190 5092 5286 5143 4961 5333 4816 4899 4958 5311 5259 5124 4983 5280 4679 5202 5161 4721 5117 4839 5079 4864 4978 
5073 5164 4973 5130 5487 4607 5077 5011 5066 5198 5551 5125 5213 5072 5090 5243 5583 5037 4974 5349 4695 5354 5146 5550 5047 5006 5077 4996 5125 4957 4687 5506 5046 5135 4917 4777 5192 4753 4954 5096 5224 5504 5024 5032 4935 4903 5414 5282 5193 5161 5308 5348 4850 5345 4945 4926 5328 4949 4738 4951 5183 5424 4864 5357 5208 5135 5093 4807 5778 5166 5179 5130 4505 5106 4893 4890 5099 5241 5114 5486 4697 5312 4908 5259 5126 5331 5150 5150 5398 5216 5730 4835 5071 5046 5047 5034 5322 4994 4939 5027 5358 5086 4820 5010 5292 5279 4836 5208 4805 5054 5201 5390 4761 5422 5300 5004 5551 5440 5372 4978 4759 5302 5164 4860 5001 5113 5393 5480 5065 4957 5533 4807 4859 5065 4915 4863 4878 5229 5439 5010 5202 4681 5176 5321 5052 5283 5273 5075 5091 4969 5018 5459 5154 5257 4944 4825 4600 4681 5406 5053 5311 5208 4990 5321 4735 5107 5216 5465 4936 5331 5248 5187 5176 5199 5217 5091 4966 5269 4776 5015 5278 4785 4768 4851 5491 4789 5317 5277 4848 5027 5275 5142 5018 5165 4812 5169 5038 4627 5198 5375 4922 5006 5162 4983 5193 4763 4952 5007 5268 4881 5028 4934 5094 5174 5042 5147 5186 4873 4748 5157 5195 5121 5260 5407 5370 5440 4716 4765 5415 5315 4804 4840 5260 5076 5052 4945 5143 5103 5234 4579 5316 5111 5437 5066 4876 4860 5430 4768 5224 5319 4743 4907 4938 5123 5097 5331 
5220 5315 4941 5098 5281 4914 5300 5260 5194 5141 5400 5158 5176 5060 5336 4973 5604 5706 5389 5406 4725 5652 5202 5579 5146 4974 5160 5345 5460 5045 4880 5756 5258 5279 5435 5236 5553 5176 5305 5466 5310 5640 5292 5395 5427 5532 5314 5587 5182 5457 5420 5597 4978 5581 5287 5213 5480 5119 4895 5180 5535 5389 5067 5479 5459 5196 5520 5161 5767 5499 5408 5239 4839 5454 4865 5066 5657 5640 5073 5600 5249 5671 5050 5224 5485 5290 5396 5308 5655 5782 5924 4925 5186 5528 5138 5556 5419 4797 5215 5530 5417 5386 5091 5351 5245 5343 5351 5463 5230 5149 5523 5632 5112 5705 5547 5166 5770 5620 5391 5507 5290 5634 5395 5307 5294 5298 5564 5680 5577 4814 5470 5001 5040 5145 5271 4628 5316 5698 5630 5464 5614 5156 5288 5601 5216 5277 5511 5257 5519 5447 5324 5604 5353 5448 5386 5099 4761 5151 5590 5082 5308 5258 5290 5326 4703 5288 5631 5840 5386 5627 5420 5415 5254 5322 5702 5570 5019 5563 4398 4846 5321 5122 5322 5265 5500 4925 5805 5473 5142 5271 5306 5249 5260 5064 4982 5379 5587 4754 5832 5708 5197 5074 5329 5234 5438 5034 5343 5538 5781 5360 5176 5263 5257 5504 5199 5284 5380 5167 5292 5405 5189 5644 5227 5570 5375 5489 4790 4968 5585 5506 5137 5348 5587 5338 5393 5274 5380 5601 5850 4788 5304 5319 5743 5527 5666 5057 5242 5030 5304 5617 5141 5160 5064 4947 5126 5262 
5563 5315 5094 5294 5268 4897 5633 5642 5367 5462 5577 5196 5450 5256 5417 5557 5746 5728 5311 5620 4959 5865 5479 5622 5312 5016 5364 5453 5613 5466 5235 5768 5310 5240 5542 5171 5584 5398 5339 5324 5230 5757 5193 5475 5600 5344 5491 5703 5367 5598 5484 5693 5095 5836 5623 5464 5691 5178 5024 5263 5481 5658 5119 5573 5491 5305 5392 5275 5933 5760 5212 5420 5024 5697 5077 5146 5626 5589 5263 5700 5276 5801 5326 5435 5459 5388 5173 5618 5728 5588 5880 5216 5205 5610 5306 5861 5601 5175 5042 5704 5522 5600 5221 5316 5459 5696 5072 5242 5156 5173 5384 5819 4984 5684 5688 5360 5940 5707 5615 5392 5289 5707 5614 5366 5085 5755 5595 5956 5484 5081 5507 5131 5177 5486 5340 4774 5416 5598 5633 5517 5705 5211 5479 5724 5099 5446 5657 5517 5441 5452 5531 5745 5525 5595 5416 5069 4786 5127 5747 5250 5430 5673 5285 5427 5091 5337 5655 5551 5380 5629 5326 5381 5422 5261 5690 5628 5255 5303 4775 5106 5690 5168 5164 5429 5487 4965 5667 5572 5175 5496 5297 5417 5335 5538 5148 5475 5508 4975 5602 5673 5394 5467 5631 5420 5556 5110 5409 5687 5715 5119 5356 5294 5342 5836 5434 5601 5261 5170 5327 5592 5392 5824 5576 5891 5667 5586 5071 5480 5750 5482 5430 5031 5726 5577 5461 5388 5637 5641 5690 4935 5353 5542 5702 5418 5598 5236 5479 5242 5580 5632 5121 5327 5273 5614 5201 5494 
5114 4999 4658 4889 5057 4533 5351 5172 5077 5006 5600 5187 4953 5010 5162 4790 5250 5379 4866 5165 4628 5255 5227 5092 4953 5062 5106 5068 5128 4855 4810 5357 5269 5128 5101 5344 5218 4935 4788 5073 4790 5169 4603 5266 5088 5118 5318 5500 4914 5417 5295 5168 4772 5086 5154 4949 5457 4779 5091 5064 5507 5579 4836 5186 5352 5131 5295 4844 5466 5398 5153 5030 4618 5467 4813 5051 5411 5448 5088 5445 4923 5277 4815 5316 5249 5273 4913 5600 5423 5543 5617 5298 4726 5145 4860 5326 5167 4874 5244 5149 5518 5236 5103 5131 4884 5297 5209 5096 4748 4913 5267 5282 4771 5294 5356 4894 5699 5247 5563 5218 5395 5388 5056 5036 5033 5347 5568 5392 5171 4945 5492 4912 5224 5138 4954 4590 5118 5357 5197 5229 5509 4827 5261 5280 4953 5362 5217 5226 5321 5062 5166 5347 5247 4907 5117 5044 4805 4811 5400 5119 5360 5210 4897 5132 4776 4992 5208 5667 5486 5399 5188 5414 5373 5208 5357 5301 4586 5357 4490 5115 5335 4954 4832 5087 5308 4765 5352 5092 5067 4741 5073 5117 4818 5090 5013 5475 5162 4549 5391 5367 5005 5065 5169 5039 4936 4647 4967 5001 5513 5114 4962 4982 4798 5325 5212 5407 4967 4851 5073 5012 5095 5183 5226 5439 5581 5417 4549 4748 5163 5305 4796 4779 5134 5073 5313 4868 4711 5271 5403 4694 5147 5298 5441 4973 5483 4989 5131 4799 4943 5164 4700 4820 5108 5013 5079 5196 
4767 5135 4494 4747 5001 4536 5187 4912 4813 4981 5305 4808 4951 4724 5093 4784 5307 5152 4945 4942 4550 5317 4957 5204 4878 4654 4777 4839 5080 4977 4629 5477 4928 5120 5218 4968 5082 4582 4640 4787 4958 5127 4976 5131 4917 4727 5070 5084 4907 5238 5070 5008 4537 5086 5002 4948 5351 4603 4721 5003 4951 5172 4640 4895 5392 4832 5036 4881 5477 5442 5042 5074 4900 5239 4646 4763 5087 5227 5082 5200 4627 5209 4755 5161 4932 5196 5114 5368 5019 5189 5482 4694 4669 5092 4960 5211 5051 4906 4834 5170 5284 4990 4870 4850 4783 5117 4722 4835 4767 4990 5158 5207 4709 5352 5342 4906 5421 5435 5179 4940 4909 5081 5036 4982 4827 5306 5132 5534 4771 4758 5469 4668 5032 5111 4959 4517 4661 5070 5072 5265 5374 4677 5262 4872 4735 4999 5266 4907 5271 4631 4884 5288 5068 4899 4799 4762 4648 4430 5197 4590 4864 5119 4697 4919 4771 4792 5296 5297 4762 5190 5153 4774 5202 5061 5235 4905 4580 5297 4346 4533 5340 4964 4991 5201 5239 4881 5483 5152 4976 5060 5028 4864 4850 4934 4701 5046 5021 4572 5295 5165 4855 4775 5058 4866 5088 4740 5094 5076 5540 5036 5026 4986 4772 5414 4914 4954 4848 4687 4625 4873 4903 5270 5040 5212 5080 5221 4468 5154 5042 5247 4620 4851 4903 4957 4990 4995 4850 5061 5258 4614 5057 4916 5391 4979 5100 4836 5013 4774 4790 5010 4666 4904 4819 4941 4763 5230 
4880 5159 4865 4923 5344 4668 5326 5231 4985 5202 5216 5148 5361 4990 5247 5040 5381 5389 5131 5423 4753 5583 5364 5400 5172 4592 5079 5150 4961 5154 4981 5689 5190 5425 5150 5073 5164 4896 4971 5064 4918 5172 4927 5231 5029 5280 5211 5251 5008 5336 5156 5674 4913 5608 4990 4869 5155 4941 4883 5176 5066 5470 5027 5271 5332 4954 5238 5035 5708 5326 5109 5083 4911 5191 4835 5118 4983 5368 5134 5596 4980 5382 4876 5415 5100 5234 4904 5209 5174 5508 5514 4896 4890 5138 4992 5443 5153 4928 5143 5347 5293 5255 5025 5126 5074 5352 4721 5030 4929 5176 5276 5641 5064 5626 5066 5070 5578 5495 5598 5293 5151 5194 5147 5009 4974 5190 5657 5642 5333 4918 5519 5039 5130 5169 5072 4673 5087 5314 5386 5013 5468 4732 5115 5277 5122 5617 5525 5140 5270 4568 5081 5666 5211 5151 5269 4923 4856 4878 5262 5088 5378 5031 5119 4862 4869 5332 5468 5282 5170 5332 5555 4935 5141 4964 5393 5009 4825 5204 4420 4807 5421 5015 5127 4885 5523 4786 5245 5502 4850 4792 5219 5314 4916 5197 5259 5044 5079 4764 5445 5456 5004 5254 5142 5208 5174 4918 5240 5145 5514 4890 5144 5110 4977 5363 5049 5045 5125 5068 5000 5057 5031 5132 5632 5485 5382 5514 4651 5149 5509 5457 4880 5183 5425 5003 5291 5044 5285 5051 5344 4684 5342 4962 5521 5189 5134 5041 5229 4952 5344 5441 4948 4949 5004 5228 4914 5168 
4885 5057 4752 4967 5309 4667 5090 5405 5195 4882 5424 4835 4992 4795 5210 4967 5448 5045 5060 5166 4461 5292 5195 5279 4885 4981 4881 5115 5167 4921 5018 5313 5121 5058 4906 5190 4875 4698 4898 4742 4839 5300 5048 5149 4924 5014 5394 5317 4954 5534 5007 5375 4861 5041 5159 4987 5256 4893 4883 5080 5211 5355 4870 5248 5404 4992 5306 4776 5573 5241 5308 4913 4567 5516 4809 4817 5083 5393 4791 5389 4999 5170 4940 5301 5145 5341 5146 5225 5451 5330 5518 4849 4896 5179 5058 5191 5099 4819 5277 5277 5406 5463 5129 4968 4958 5393 4853 5025 4659 5072 5560 5348 4818 5292 5082 4565 5404 5392 5589 5027 5095 5336 5330 4965 5079 5163 5469 5121 4938 4823 5390 4774 4886 5199 5038 4691 5130 5269 5293 5162 5548 4602 4898 5247 4905 5449 5370 5072 5338 5232 5064 5464 5214 5006 5026 4993 4638 4736 5519 4683 4958 5340 5121 4987 5114 5238 5392 5495 5105 5369 5277 5199 5053 5156 5290 5003 5045 5099 4617 4793 4982 4949 4969 5287 5484 4785 5443 5267 5245 5023 5279 5088 5038 4905 4834 5157 5004 4554 5371 5338 4837 5050 5022 4951 5380 4714 5149 5172 5241 5193 5339 4916 4914 5268 4903 5231 4884 4986 5026 5088 5000 5116 5206 5356 5151 5392 4822 4934 5260 5298 4853 5014 5261 4790 4901 4975 5097 5224 5599 4574 5092 4957 5152 5331 4948 4813 5111 4749 4971 5310 5029 4817 5056 5126 5018 4938 
4925 4786 4600 4772 4937 4395 4865 4829 4910 4564 5141 4596 4900 4448 4958 4515 5186 5010 4832 5005 4604 5163 5023 5464 4519 4733 4787 5043 4925 4860 4547 5411 4877 4967 5021 4821 4814 4709 4610 4862 4722 5032 4841 5076 4910 4954 5099 5148 5014 4932 4869 5267 4600 5148 4775 4706 5088 4567 4844 4951 5105 5060 4578 5071 5041 4881 4926 4658 5241 4972 4870 4905 4234 5013 4661 4811 5210 4964 4994 5628 4675 5180 4710 5136 4873 4958 4814 5015 5184 5200 5684 4673 4708 5028 4999 5089 5014 4749 5138 4967 5157 5399 4795 4778 5156 5358 4697 4981 4602 4791 5306 5485 4706 5325 5184 4854 5451 5204 5434 5110 4781 5238 4994 4750 4671 5149 5190 5375 5057 4684 5034 4721 4823 4813 4869 4443 4920 5149 4978 4984 5269 4814 4894 4956 4793 4973 5359 4759 5118 4703 5037 5312 5027 4950 4843 4676 4578 4565 5154 4925 4951 4975 4753 4968 4783 5257 5156 5210 5008 4952 5022 5000 4989 4683 5151 4900 4574 5317 4516 4705 4890 4986 4540 4818 5333 4684 5339 5054 4785 4844 4931 4984 4849 4884 4606 4970 4998 4495 5219 5155 5022 4709 5030 4931 4980 4908 4887 5181 5335 5101 4735 4710 4653 5057 5091 4645 4955 4890 4541 4951 5064 4919 5170 5332 5137 5121 4494 4909 5341 4985 4861 4616 5146 4807 4918 4772 4957 5204 5201 4449 5004 4923 5315 4754 5069 4747 5089 4611 5136 5139 4799 4479 4657 4895 4653 5078 
4703 5193 4437 4836 4824 4647 5228 4980 4994 4815 5199 4587 4883 4611 4712 4615 5182 4926 4675 5104 4578 5073 4882 5292 4756 4657 4896 5150 4842 5029 4826 5124 4969 4907 4683 5054 4845 4591 4767 4851 4648 5148 4762 5283 4986 4718 5409 5023 4656 5185 5143 5053 4468 4918 4787 4841 5260 4456 4847 4764 5013 5271 4682 4919 4897 4773 5212 4825 5495 5005 5021 4956 4675 5006 4394 4776 4914 5383 4642 5348 4554 4883 4768 5132 4983 4996 4860 5209 5162 5308 5212 4796 4855 5253 4829 5237 4749 4992 5171 5234 5168 4832 4925 4870 4940 4951 4666 4529 4534 5030 4750 5036 4448 5000 4888 4575 5333 5260 5332 4831 4934 5125 4754 4776 4897 5202 5414 5244 5077 4597 5187 4507 4861 5058 4812 4216 4869 4805 5005 5097 5078 4530 5121 4847 4543 5094 5137 4579 4844 4786 4812 5091 4821 4870 4843 4860 4473 4386 5108 4711 5009 5141 4830 4902 4679 4882 5047 5395 4873 5052 4803 4708 4956 4672 5135 4861 4709 5035 4368 4536 4933 4819 4606 4853 5280 4531 5180 5218 4597 5013 4917 4776 4896 5015 4844 4776 4812 4782 5130 4911 4838 4878 5125 4854 5007 4628 4733 4725 5283 4859 5264 4675 4887 5018 4544 4811 4794 4591 4924 4797 4801 5098 5009 5261 4973 5214 4733 4953 4812 5020 4786 4690 5052 5016 4806 4999 4972 5180 5197 4571 4919 4984 5352 4961 5046 4941 4459 4720 5068 5009 4943 4774 4849 4861 4903 4783 
5244 5531 5074 5436 5522 4945 5414 5510 5388 5471 5970 5294 5561 5281 5462 5606 5891 5678 5261 5624 5051 5946 5529 5818 5074 5264 5506 5514 5433 5287 5394 5846 5334 5399 5359 5199 5811 5336 5292 5188 5291 5357 5181 5491 5537 5544 5772 5718 5229 5509 5419 5787 5196 5637 5553 5451 5555 5178 5328 5408 5678 5719 5160 5562 5324 5232 5641 5327 6097 5581 5764 5623 5354 5625 5192 5201 5389 5884 5155 6093 5187 5533 5427 5507 5452 5359 5511 5634 5478 5899 5671 5017 5234 5570 5471 5872 5686 5353 5361 5932 5722 5514 5214 5541 5455 5784 5297 5294 5025 5207 5525 5753 5173 5743 5523 5391 5891 5821 5588 5371 5329 5549 5504 5218 5399 5722 5693 5888 5638 4928 5742 5436 5207 5451 5444 4808 5361 5755 5611 5432 5945 5191 5378 5505 5242 5581 5735 5352 5420 5496 5625 6018 5328 5542 5309 5258 5013 5096 6167 5236 5524 5733 5266 5442 5053 5349 5815 5737 5480 5424 5514 5372 5506 5323 5588 5481 5139 5520 5071 5094 5461 5392 5265 5491 5791 5122 5456 5542 5239 5320 5613 5321 5425 5637 5238 5472 5266 5185 5698 5691 5368 5403 5520 5525 5694 4832 5562 5608 5765 5232 5338 5542 5331 5875 5536 5422 5481 5353 5241 5438 5324 5627 5661 5799 5629 5627 5109 5497 5644 5797 5358 5379 5945 5554 5514 5512 5664 5485 5697 5094 5618 5299 5913 5653 5666 5558 5399 4969 5513 5606 5473 5443 5231 5339 5458 5514 
5057 5548 5246 5023 5173 5010 5265 5496 5339 5708 5496 5164 5257 5025 5223 5538 5854 5775 5164 5505 5039 5577 5213 5694 5296 5476 5354 5434 5441 5424 5191 5956 5491 5796 5540 5468 5372 5184 5169 5124 5194 5508 5388 5575 5289 5219 5426 5540 5315 5831 5475 5467 4944 5364 5496 5409 5565 5003 5254 5325 5615 5719 5224 5619 5607 5388 5688 5330 5994 5552 5372 5263 5152 5641 5241 5185 5493 5887 5527 5611 5442 5397 4976 5300 5525 5482 5378 5441 5668 5732 5870 5052 5351 5239 5119 5779 5556 5046 5442 5792 5630 5598 5322 5641 5454 5707 5161 5244 4935 5459 5522 5707 5263 5640 5416 5159 6031 5679 5732 5340 5332 5678 5261 5346 5218 5769 5860 5871 5372 5178 5842 5527 5132 5561 5443 5087 5021 5431 5679 5400 5851 5333 5674 5468 5413 6027 5561 5466 5647 5193 5144 5779 5492 5453 5494 5202 5034 5080 5856 5295 5390 6082 5201 5529 5185 5345 5697 5580 5545 5552 5403 5354 5341 5346 5976 5004 5092 5631 4901 4897 5570 5197 4833 5485 5417 5143 5731 5441 5272 5458 5382 5557 5489 5264 5178 5423 5331 4906 5545 5626 5214 5222 5596 5247 5418 5061 5201 5528 5908 5321 5485 5599 5426 5714 5428 5281 5426 5562 5292 5424 5497 5721 5622 5684 5757 5602 5438 5504 5827 5712 5032 5223 5578 5544 5853 5466 5350 5624 6094 4832 5381 5194 5802 5644 5570 5192 5291 5261 5343 5769 5178 4808 5192 5407 5460 5701 
5432 5350 5085 5273 5447 4830 5515 5534 5450 5457 5744 5160 5381 5173 5473 5247 6005 5600 5229 5778 5052 5638 5162 5837 5259 5345 5342 5565 5676 5432 5168 6056 5319 5362 5470 5317 5870 5003 5276 5052 5279 5748 5243 5387 5503 5535 6001 5433 5253 5761 5472 5707 5123 5784 5188 5362 5672 5284 5103 5507 5619 5558 5246 5656 5704 5289 5639 5313 6016 5558 5771 5433 5092 5449 5417 5106 5617 5786 5050 5727 5397 5560 5202 5289 5480 5678 5248 5543 5724 6031 6064 5398 5322 5599 5374 5749 5575 5216 5388 5681 5642 5545 5355 5657 5487 5706 5207 5421 4959 5306 5822 5810 5063 5823 5638 5234 5844 5496 5797 5375 5302 5725 5599 5610 5426 5652 5684 5832 5649 4953 5791 5054 5359 5539 5441 4681 5394 5753 5755 5603 5845 5196 5796 5599 5205 5845 5618 5348 5659 5463 5401 5863 5729 5622 5355 5375 4983 5025 5848 5282 5658 5754 5239 5540 5119 5697 5755 5702 5678 5613 5349 5431 5376 5276 5875 5452 5164 5748 4998 5353 5549 5562 5223 5464 5728 5137 5800 5588 5375 5600 5416 5456 5467 5240 5287 5345 5656 5167 5833 5774 5163 5642 5989 5456 5623 5264 5367 5481 5793 5690 5589 5312 5407 5680 5289 5578 5568 5523 5278 5640 5622 5743 5843 6086 5526 5850 5078 5457 5903 5640 5211 5483 5724 5473 5434 5567 5608 5701 5896 4767 5471 5522 5685 5515 5784 5206 5402 5273 5621 5557 5034 5081 4992 5354 5463 5317 
5286 5130 5022 5251 5338 4840 5297 5183 5106 5252 5636 4996 5131 4804 5314 5172 5868 5519 5369 5422 4825 5529 5106 5527 5251 5115 5125 5321 5321 5173 5088 5846 5395 5272 5200 5238 5293 4991 5000 5104 5061 5392 5196 5540 5359 5398 5286 5485 5022 5224 5366 5515 4938 5650 5187 5231 5211 4981 5070 5342 5331 5648 4988 5314 5208 5181 5520 5016 5674 5116 5279 5239 4873 5242 4784 5079 5315 5812 5264 5675 5041 5623 4832 5430 5244 5315 5042 5666 5477 5653 5845 5182 5221 5300 5020 5467 5383 5208 5376 5511 5649 5585 5152 5223 5312 5459 5134 5205 4831 5314 5516 5421 5109 5638 5632 5210 5690 5533 5642 5345 5223 5618 5350 5148 5070 5421 5137 5827 5368 4973 5590 5140 5208 5367 5318 4636 5130 5781 5276 5394 5777 4738 5499 5525 5211 5418 5386 5384 5465 5183 5337 5830 5105 5219 5469 4937 4684 4832 5755 5522 5487 5531 5387 5307 5099 5084 5308 5578 5091 5442 5058 5326 5169 5319 5348 5131 5001 5510 4925 5093 5249 5432 4965 5112 5334 5035 5385 5588 5311 5181 5014 5376 5134 5518 5194 5247 5188 5091 5458 5624 5135 5210 5271 5383 5039 4866 5085 5126 5467 5155 5084 5430 5219 5820 5460 5487 5198 4930 5086 5401 5518 5484 5853 5549 5618 5546 4792 5137 5727 5372 5265 5108 5678 5398 5394 5550 5289 5145 5839 4762 5448 5285 5395 5248 5304 5383 5163 4881 5330 5481 5195 5087 5100 5176 5352 5521 
5391 5429 5272 5153 5257 5029 5554 5450 5270 5387 5349 5079 5321 4977 5413 5223 5802 5742 5313 5622 4952 5771 5374 5728 5365 5418 5314 5468 5253 5158 5273 6022 5592 5650 5508 5154 5496 5157 5060 5361 5364 5655 5355 5458 5561 5695 5689 5746 5293 5713 5618 5564 4961 5613 5654 5610 5707 5169 4997 5320 5582 5823 5228 5438 5448 5118 5691 5185 5738 5616 5562 5526 4860 5665 5269 5295 5405 5868 5299 5691 5409 5741 5517 5563 5493 5410 5639 5641 5693 5897 6157 5433 5300 5880 5173 5830 5525 5049 5299 5446 5673 5533 5500 5339 5302 5557 5265 5427 5049 5183 5766 5660 5122 5593 5697 5470 5725 5787 5864 5400 5404 5704 5475 5567 5275 5640 5898 6002 5614 4989 5826 5252 5172 5624 5318 4723 5199 5736 5435 5609 5644 5040 5837 5622 5293 5552 5680 5344 5570 5359 5525 5694 5518 5715 5436 5299 5000 5230 5835 5354 5616 5664 5294 5411 5310 5393 5802 6111 5420 5764 5626 5486 5529 5439 5778 5293 5136 5550 4963 5172 5559 5158 5013 5341 5585 5035 5694 5597 5155 5311 5509 5652 5291 5405 5269 5801 5535 4942 5568 5800 5178 5578 5394 5477 5708 4924 5376 5611 5835 5297 5397 5501 5382 5744 5319 5579 5501 5001 5368 5410 5375 5708 5605 5842 5591 5518 4999 5344 5476 5697 5110 5177 5722 5581 5682 5361 5316 5360 5708 4913 5206 5256 5925 5573 5581 5241 5446 5274 5590 5629 5138 5343 5103 5421 5369 5535 
5256 5598 4951 5218 5337 4813 5318 5473 5493 5295 5790 5191 5270 5058 5330 5215 5804 5563 5278 5604 4851 5577 5289 5648 5319 5188 5248 5443 5565 5730 5063 5977 5388 5463 5525 5153 5401 5288 5242 5213 5524 5379 5278 5725 5443 5222 5446 5512 5342 5240 5509 5526 4869 5621 5169 5303 5586 5320 5127 5321 5516 5648 5035 5567 5340 5351 5631 5326 5953 5455 5428 5336 5180 5461 4970 5367 5487 5548 5392 5694 5164 5569 5081 5136 5304 5448 5074 5447 5792 5439 6058 5260 5028 5634 5292 5627 5514 5262 5457 5712 5712 5399 5169 5226 5565 5549 5189 5530 4963 5300 5271 5551 5059 5656 5449 5356 5789 5528 5583 5170 5570 5448 5252 5149 5364 5364 5684 5624 5640 5087 5568 5194 5102 5244 5248 4782 5253 5569 5661 5241 5716 5259 5565 5716 5198 5623 5623 5304 5607 5541 5398 5743 5336 5480 5404 5316 4961 5108 5613 5174 5321 5805 5106 5653 4990 5268 5676 5934 5433 5518 5292 5417 5416 5481 5702 5289 5144 5721 5042 5013 5519 4981 4985 5566 5577 5018 5865 5694 5079 5116 5450 5349 5302 5390 5298 5459 5554 4871 5953 5644 5532 5090 5276 5168 5759 5075 5319 5283 5689 5250 5181 5236 5166 5614 5236 5705 5262 5379 5193 5455 5589 5524 5408 5796 5780 5542 5046 5229 5633 5703 4846 5127 5509 5214 5598 5235 5381 5485 5825 5004 5199 5320 5652 5444 5487 5335 5442 5103 5392 5715 5113 4977 5258 5345 5169 5306 
4943 4961 4371 4758 5114 4578 5274 5393 5245 4920 5343 4717 5316 4801 5016 4979 5344 4934 5001 5109 4703 5347 5165 5150 5188 4839 4880 5237 4952 4686 5044 5474 4906 4868 4864 5042 5059 4744 4761 4911 4737 5028 4648 5150 5036 5041 5209 5263 4990 5339 5129 5382 4699 5312 4931 4953 5112 4655 4662 4691 4956 5418 4730 5001 5255 4796 5222 4957 5367 5172 5076 4940 4877 5238 4729 4770 5284 5100 4879 5316 4783 5177 4640 5098 5199 4880 4728 5166 4991 5200 5555 5229 4863 5404 4853 5107 4967 4945 5036 5128 5194 5072 4979 5154 5053 5057 4946 4973 4791 4919 5216 5322 4782 5172 4927 4873 5295 4836 5173 5141 4699 5064 5143 4998 4895 5418 5252 5443 4837 4459 5215 4764 5023 4904 4708 4438 4996 5112 5335 5084 5196 4505 5131 5011 4790 4935 5305 4931 5380 4784 4917 5395 5002 5089 5068 4805 4757 4310 5252 4772 4904 4824 5043 5057 4912 4895 5004 5257 5031 5118 5188 5008 5057 4866 5492 5076 4847 5216 4349 4740 5084 4756 4814 4704 5297 4604 5278 5478 4598 4731 4780 5060 4799 5098 4929 5119 5070 4816 5178 5132 4807 5059 4910 4980 5181 4613 4923 5184 5282 5099 5102 4775 4697 5125 4698 5067 4936 4692 4658 4751 4935 5099 5063 5371 5106 5230 4660 4868 4963 5305 4685 5045 5016 5083 4924 4862 5028 5100 5057 4564 4939 4897 5395 4964 4992 4881 5154 4644 4894 5134 4767 4748 4876 4989 5007 5015 
5085 5138 4800 5051 5023 4604 5172 5279 5094 5223 5546 4846 5230 4992 5129 4698 5349 5650 5195 5453 4738 5588 4864 5296 4833 4961 4970 5284 5106 5287 4961 5606 5428 5315 5235 5297 5228 5168 4817 4969 4978 5384 4827 5334 5206 5147 5337 5703 4929 5493 5405 5424 4720 5388 5057 4874 5188 5005 4602 5211 5328 5060 4912 5066 5535 5180 5610 5023 5378 5532 5545 5274 4957 5254 4828 4662 5519 5407 5039 5450 4802 5183 4817 5367 5113 5165 5200 5235 5466 5623 5499 4988 5013 5364 5179 5464 5199 4948 5409 5550 5468 5528 5226 5368 5123 5221 4985 4991 5066 5251 5344 5381 4841 5463 5623 4976 5414 5271 5602 5077 5205 5481 5578 5161 4890 5348 5647 5479 5386 4926 5421 4922 5185 5013 5325 4701 5029 5321 5139 5088 5423 4906 5435 5177 5038 5386 5296 5211 5353 5246 5184 5410 5100 5473 5148 4860 4364 4824 5806 5022 5084 5332 4796 5178 5068 5165 5299 5328 5147 5123 5401 5006 5026 5059 5195 5224 4976 5365 4459 4937 5156 5233 4894 5477 5362 4925 5162 5250 5065 4980 5303 5082 5159 5458 5035 5356 5249 5053 5318 5337 5277 4909 5207 4891 5405 4711 5426 5221 5569 5329 5036 5011 4778 5412 5316 5175 5168 4781 4999 4933 5210 5375 5317 5332 5262 5393 4676 5158 5298 5345 4884 5007 5242 5332 5163 5152 5344 5413 5260 4630 5241 5071 5663 5223 5405 5184 4967 4572 5268 5374 5048 4696 4918 5244 5099 5396 
5534 5289 4916 5242 5471 4876 5566 5362 5535 5295 6006 5005 5497 5450 5392 5203 6127 5314 5229 5535 4932 5909 5373 5626 5603 5367 5414 5525 5639 5357 5194 6045 5464 5494 5361 5471 5385 5218 5174 5598 5516 5579 5334 5744 5905 5310 5744 5844 5337 5439 5431 5815 5144 5636 5312 5559 5427 5070 5123 5097 5535 5594 5184 5309 5609 5135 5612 5014 5980 5807 5521 5722 5019 5765 4872 5074 5488 5817 5238 5888 4937 5612 5259 5614 5444 5613 5229 5733 5608 5592 5868 5363 5439 5688 5380 5572 5416 4974 5466 5662 6064 5797 5219 5465 5421 5756 5089 5350 5206 5432 5338 5277 5097 5516 5965 5227 5954 5727 5841 5508 5331 5719 5387 5480 5257 5663 5595 5876 5422 5093 5730 5147 5073 5328 5308 4938 5272 5561 5631 5498 5573 5154 5472 5527 5448 5412 5828 5311 5604 5482 5669 5688 5566 5488 5353 5318 5010 5123 5700 5309 5489 5545 5221 5365 4962 5415 5463 5741 5478 5460 5629 5435 5512 5320 5597 5415 5291 5596 4891 5155 5547 5163 5105 5435 5606 4830 5412 5506 5379 5480 5167 5251 5363 5343 5147 5607 5282 5252 5549 5572 5351 5272 5384 5323 5513 5125 5601 5274 5664 5200 5497 5459 5239 5548 5151 5401 5271 5197 5353 5184 5484 5546 5459 5759 5610 5562 5074 5010 5572 5560 5158 5179 5672 5616 5638 5609 5341 5567 5707 5201 5389 5373 5753 5178 5427 5407 5248 4901 5483 5538 5300 5350 5258 5525 5318 5652 
4964 5160 4920 5073 5090 4717 5248 5199 5144 5081 5345 5135 4992 4880 5137 4668 5529 5393 4957 5436 4758 5553 5044 5732 4958 4762 5083 5130 5027 4979 5042 5644 5264 5144 5096 5017 5280 4751 5108 4938 5067 5525 5135 5388 5229 5413 5464 5341 4903 5347 5314 5217 4902 5408 5121 5022 5124 5057 4558 5265 5440 5254 4933 5230 5266 4987 5277 4970 5815 5490 5522 5216 4635 5447 4951 5082 5215 5372 4945 5504 5251 5351 4867 5219 5383 5294 5103 5455 5442 5472 5851 4977 5019 5389 4998 5524 5534 4816 5113 5464 5402 5327 5225 5225 5066 5438 4966 5054 4635 5261 5384 5274 4996 5394 5483 5047 5322 5412 5558 5203 5240 5309 5302 5222 4959 5417 5347 5726 5240 4662 5709 4829 5080 5250 5023 4380 5057 5453 5278 5261 5426 4953 5497 5350 4791 5453 5265 5080 5423 5116 5024 5247 5294 5270 5082 4989 4772 4613 5597 5050 5248 5539 5049 5290 4973 5086 5311 5511 5255 5285 5048 5053 5333 5143 5514 5046 4869 5171 4671 5023 5381 5114 5038 5390 5343 4863 5308 5143 5123 4994 5350 5182 5083 5134 4865 5290 5161 4844 5198 5482 4902 5515 5444 5171 5247 5007 5067 5098 5616 5065 5191 4966 5170 5306 5013 5368 5400 4941 4971 5247 4904 5475 5423 5541 5149 5581 4792 5062 5550 5378 5059 5261 5719 5175 5351 5511 5082 5256 5593 4686 5103 5087 5401 5165 5453 4923 5236 5120 5078 5480 4824 5100 4978 5306 5125 5192 
5369 5220 5003 4989 5335 4845 5223 5234 5327 4963 5678 5282 5008 4942 4946 5055 5529 5332 5055 5317 4736 5700 5392 5677 5001 5120 5004 5473 5295 5171 4756 5617 4904 5422 5319 5240 5310 5208 5036 5211 5143 5363 5061 5436 5420 5314 5357 5711 5315 5609 5431 5386 4728 5361 5168 5030 5372 4923 4940 5249 5513 5359 4825 5350 5415 5114 5199 4990 5475 5431 5351 5390 4871 5610 4923 4967 5282 5775 5338 5366 5184 5470 5012 5278 5194 5346 5232 5495 5492 5584 5966 5071 4872 5438 4981 5412 5376 4996 5286 5618 5538 5612 5016 5594 5257 5477 4999 5276 4985 5486 5134 5194 4701 5619 5364 5159 5855 5372 5532 5238 5187 5354 5262 5214 5283 5350 5642 5345 5326 4896 5491 5034 4926 5373 5037 4868 5158 5441 5606 5427 5731 5051 5679 5248 5158 5235 5775 5106 5121 5232 5482 5745 5366 5550 5473 4953 4841 5076 5833 5067 5340 5233 5036 5345 4921 5391 5390 5869 5526 5197 5358 5666 5085 4981 5282 5265 5002 5589 4612 4917 5248 5004 4960 5188 5570 4904 5388 5524 5108 5377 5057 5266 5009 5534 4956 5468 5510 4825 5321 5385 5057 5017 5415 5178 5371 4811 5231 5331 5713 5160 5146 5152 5225 5529 5303 5362 5258 4854 5095 5278 5525 5593 5514 5611 5647 5220 4689 5316 5629 5522 5027 5347 5600 5390 5222 4873 5461 5240 5519 4848 5037 5234 5686 4977 5407 4899 5244 4823 5423 5325 4914 5153 5082 5209 5023 5167 
5244 5103 4798 5058 5103 4642 5529 5203 5106 4840 5622 4967 5099 5164 5009 4982 5818 5187 4991 5493 4932 5494 5117 5261 5262 5155 5062 5206 5332 5059 5065 5692 5349 5150 5271 5140 5423 5063 5150 5032 4974 5310 5006 5367 5364 5388 5469 5599 5210 5262 5231 5341 4937 5327 5140 5133 5410 4875 4897 5068 5514 5660 4774 5093 5309 4927 5213 5105 5676 5463 5350 5061 4857 5479 4787 5001 5436 5435 5146 5494 5099 5523 4966 5118 5170 5290 5039 5323 5569 5529 5774 5105 5015 5282 4824 5318 5126 4963 5070 5365 5366 5332 5085 5024 5044 5464 4760 5193 4809 5302 5071 5446 4799 5395 5260 4825 5719 5376 5702 5295 5191 5618 5405 4938 4943 5126 5334 5346 5199 4774 5679 5080 5043 4976 5105 4832 4770 5440 5411 5285 5503 4804 5477 5491 5136 5313 5614 5246 5522 4995 5340 5817 5429 5007 5331 4803 4703 4783 5614 5234 5209 5243 5171 5198 4989 5155 5499 5396 5253 5390 5293 5197 4959 4995 5734 5348 5013 5416 4870 4814 5410 4984 5180 5137 5428 4882 5406 5370 5077 5195 4971 5227 5073 5230 5211 5477 5023 4798 5320 5406 5036 5083 5356 5168 5277 4964 5319 5279 5514 5065 5264 5311 4998 5398 5247 5268 5119 4769 5089 5127 5269 5404 5600 5518 5296 5286 4791 4949 5414 5443 5023 4984 5358 5016 5283 5126 5088 5341 5576 4651 5431 4994 5642 5304 5473 5100 5118 4711 5032 5560 5111 4871 4804 5098 5148 5108 
5229 5259 4939 5202 5478 4915 5231 5199 5161 5068 5690 5119 5372 5092 5342 5127 5773 5334 5162 5344 4757 5334 5465 5430 5257 5187 5089 5368 5048 5161 5005 5677 5154 5359 5271 5189 5380 5218 5162 5238 5076 5243 5107 5643 5237 5230 5329 5518 5074 5276 5377 5391 4860 5587 5174 5257 5409 4931 5194 5398 5424 5459 5054 5412 5486 5252 5493 5194 5655 5357 5309 5252 5226 5437 4984 5114 5514 5337 5085 5595 5194 5392 5230 5421 5408 5169 5378 5318 5500 5586 5609 5266 5132 5483 5340 5525 5314 5259 5344 5487 5613 5720 5353 5159 5519 5405 5222 5217 5040 5322 5601 5525 4943 5712 5632 4967 5944 5740 5773 5469 5242 5335 5425 5298 5103 5360 5621 5787 5305 4812 5659 5244 4985 5163 5274 4792 5294 5477 5442 5563 5688 5096 5304 5313 5143 5429 5598 5285 5330 5325 5168 5701 5286 5261 5221 4921 4849 4960 5803 5349 5096 5210 5361 5300 4907 5270 5459 5789 5193 5419 5584 5301 5286 5197 5401 5135 4681 5707 4910 5078 5445 5015 4935 5220 5459 5171 5624 5393 5200 5239 5463 5220 5163 5153 4967 5032 5404 5182 5677 5623 5197 5168 5236 5190 5261 4947 5385 5385 5544 5306 5314 5181 5046 5422 5399 5382 5359 4878 5250 5399 5173 5179 5332 5470 5189 5577 4720 5423 5459 5520 5010 4913 5494 5307 5357 4894 5245 5278 5445 4789 5254 5371 5475 5152 5307 5286 5225 4815 5185 5471 5203 5026 4957 5043 5061 5580 
5119 5283 5071 5027 4910 4439 5339 5018 5329 4967 5455 4855 5265 4929 5032 4946 5641 5208 5189 5192 4673 5740 5096 5370 4989 5312 5279 5104 5295 5095 5192 5778 5321 5106 5537 5158 5268 5149 5069 5099 5245 5385 5079 5284 5329 5275 5640 5293 5143 5640 5256 5686 4784 5399 5254 5215 5474 4812 5057 5240 5367 5488 4942 5305 5566 5138 5218 5185 5538 5527 5355 4988 5037 5283 4944 4871 5506 5523 5026 5495 5117 5350 4972 4963 5183 5420 5204 5321 5492 5388 5938 5085 5149 5376 5105 5742 5446 4951 5129 5547 5627 5566 5071 5238 5220 5538 5027 5186 4705 5215 5277 5171 5026 5446 5606 5209 5732 5460 5539 5295 5060 5422 5245 5130 4906 5235 5129 5643 5440 4880 5550 5098 4976 5037 5104 4807 5245 5300 5567 5124 5404 4871 5255 5460 5387 5381 5606 5112 5452 5114 5187 5384 5437 5419 5254 5020 4687 4802 5409 5073 5263 5377 5041 5072 4909 5298 5488 5521 5223 5368 5120 5207 5210 5151 5529 5333 5058 5427 4812 5003 5356 5230 4945 5189 5251 5056 5175 5299 5241 5328 5199 5229 5262 5375 4881 5413 5117 5106 5464 5595 5003 5160 5159 5203 5359 4901 5227 5213 5381 5218 5369 5271 4914 5481 5165 5437 5129 5106 4999 5344 5110 5503 5132 5617 5221 5447 4638 4801 5402 5493 4957 4922 5289 5411 5292 5037 5410 5425 5408 4624 5151 5186 5591 5407 5215 5240 5461 4939 5263 5469 5051 5069 4779 5197 5145 5473 
5334 5576 5208 5425 5541 5154 5641 5464 5712 5380 5694 5399 5618 5141 5375 5008 5841 5965 5310 5477 5133 5658 5305 5843 5490 5388 5389 5375 5706 5310 5139 5721 5602 5556 5456 5350 5587 5178 5286 5387 5425 5635 5396 5510 5689 5415 5661 5574 5221 5713 5667 5626 4985 5581 5472 5195 5500 5009 5124 5636 5627 5902 5317 5751 5662 5375 5559 5314 5760 5507 5544 5554 5138 5580 5309 4960 5683 5845 5379 5708 5479 5697 4988 5466 5535 5589 5061 5629 5770 5971 6262 5212 5162 5524 5346 5748 5556 5413 5367 5656 5776 5308 5289 5582 5355 5596 5175 5379 5191 5446 5647 5549 5336 5521 5505 5255 5906 5682 5665 5322 5413 5354 5652 5445 5275 5698 5798 5664 5530 5101 5797 5301 5420 5454 5432 4935 5339 5650 5544 5416 5831 5242 5558 5556 5389 5591 5706 5361 5744 5173 5272 5772 5660 5611 5552 5055 5055 5023 5892 5566 5547 5638 5314 5780 5332 5424 5511 5597 5561 5557 5167 5424 5535 5508 5704 5565 5293 5841 4862 5285 5483 5532 5142 5303 5694 4967 5671 5552 5172 5356 5396 5536 5460 5714 5211 5536 5625 4881 5393 5639 5498 5553 5684 5695 5610 4977 5566 5321 5894 5267 5141 5327 5348 5545 5281 5625 5332 5174 5026 5092 5286 5702 5588 5623 5531 5677 5054 5455 5683 5759 5432 5363 5691 5527 5347 5449 5411 5579 5820 5063 5374 5454 5764 5424 5432 5284 5459 5124 5477 5715 5329 4996 5311 5254 5395 5678 
5360 5283 4908 5488 5573 4723 5417 4993 5343 5419 5640 5292 5296 5179 5164 5079 5795 5368 5413 5682 5171 5896 5102 5672 5154 5223 5327 5476 5572 5309 5146 6068 5424 5453 5305 5413 5359 5360 5212 5268 5249 5307 5178 5476 5373 5455 5568 5621 5477 5542 5357 5798 5210 5685 5060 5292 5334 5132 5298 5467 5636 5526 4921 5613 5645 5364 5761 5363 5971 5612 5512 5208 5129 5409 5358 5224 5696 5721 5212 5524 5306 5501 5175 5516 5536 5240 5173 5893 5532 5711 5862 5211 5302 5470 5014 5654 5653 5187 5442 5664 5685 5569 5309 5698 5318 5679 5303 5327 5153 5373 5506 5704 5013 5454 5863 5321 6047 5652 5674 5335 5338 5657 5494 5359 5284 5531 5715 5851 5619 5152 5680 5082 4982 5510 5383 4704 5413 5588 5579 5522 5888 5146 5651 5598 5052 5743 5773 5318 5298 5319 5563 5793 5449 5452 5392 5204 4892 4902 5916 5367 5466 5572 5219 5405 5182 5343 5569 5876 5261 5343 5381 5454 5501 5565 5866 5377 5102 5600 4880 5329 5471 5403 5117 5242 5358 4967 5335 5456 5254 5187 5536 5177 5239 5479 5174 5527 5229 5184 5418 5597 5442 5250 5264 5456 5585 4934 5336 5146 5695 5246 5450 5344 5154 5444 5285 5478 5398 5328 5228 5587 5523 5674 5935 5729 5584 5776 5079 5049 5735 5766 5238 5008 5406 5470 5561 5517 5613 5276 5755 4815 5493 5112 5898 5669 5435 5114 5442 4895 5527 5782 5243 5135 5384 5365 5366 5319 
5065 5275 4680 4933 5119 4530 5335 5264 5345 5121 5487 5123 5069 4897 5162 5024 5671 5377 5067 5281 4966 5480 5310 4967 5029 5407 5046 5490 5126 5154 4933 5643 5419 5216 5222 5327 5205 4997 4965 5147 5148 5317 4963 5437 5341 5527 5511 5399 5127 5557 5455 5277 4946 5273 5222 5141 5613 4976 5029 5013 5372 5478 4917 5217 5592 5062 5407 4766 5691 5476 5208 5318 4740 5470 4721 5094 5481 5543 5281 5501 4912 5393 4990 5300 5133 5176 4971 5354 5653 5633 5701 5016 5319 5646 5452 5291 5223 5039 5378 5344 5631 5700 5093 5327 5310 5352 5049 5043 4929 5138 5474 5436 4987 5762 5483 4779 5473 5407 5651 5216 5331 5363 5364 5274 5052 5466 5598 5689 5523 5083 5697 4888 4904 5021 5202 4738 5294 5329 5709 5396 5440 4863 5361 5466 5145 5415 5267 5072 5497 4988 5141 5501 5259 5381 5341 4939 4722 4816 5569 5205 5320 5412 5068 5218 5040 4936 5279 5477 5297 5154 5341 5298 5197 5075 5496 5280 4944 5638 4898 5111 5150 5283 4861 5208 5331 4896 5484 5403 5184 5389 5371 5207 5071 5140 4848 5115 5297 4818 5399 5419 5293 5141 5216 4910 5407 4848 5354 5307 5726 5483 5031 5137 5108 5463 5177 5399 5044 4970 5031 5069 5242 5456 5528 5593 5464 5173 4720 5046 5397 5462 5140 5020 5451 5580 5260 5036 5130 5525 5640 4654 5017 5284 5719 5284 5519 5108 5112 4838 5312 5526 4978 4745 5120 5030 5198 5518 
5052 5136 4822 4945 5105 4388 5463 5267 5055 4983 5230 4956 5161 4677 4882 4659 5579 5231 4669 5499 4659 5249 4528 5113 4855 5011 4945 5037 5030 5042 4838 5472 5058 4973 5215 4898 5000 4894 4901 4862 4956 5101 4753 5027 5102 5028 5368 5113 4778 5209 4995 5268 4613 5383 4945 5017 5167 4950 4706 4847 5226 5165 4712 5115 5318 4823 5273 4883 5525 5127 4921 4910 4674 5249 4718 4970 4999 5162 4842 5422 4958 5071 4940 5013 4869 5186 4763 5451 5294 5424 5499 4733 4689 5327 5002 5305 5025 4939 4987 5303 5308 5008 4868 4953 4768 5228 4745 4966 4708 4865 5103 5318 4843 5373 4912 4730 5511 5201 5363 5102 5026 5215 5251 4912 5001 5143 5130 5467 5222 4650 5287 4724 4676 4895 4882 4510 4981 5219 5362 4986 5311 4526 5187 5289 4969 5305 5051 4838 5101 4813 5150 5410 5118 5018 5018 4716 4492 4719 5138 4873 5363 5267 4704 5105 4711 5106 4864 5375 4847 5180 5338 4890 5099 5002 5063 4947 4816 5258 4610 4867 5135 5014 4813 4833 5241 4859 5228 5238 5058 4965 5139 4879 4936 5140 4724 4893 4865 4741 5263 5103 4988 5253 5046 5100 5356 4853 4857 4877 5312 4945 4906 4741 4838 5475 4823 5211 4906 4954 4670 5194 5038 5287 5275 5393 5017 4937 4693 4860 5390 5305 4898 4778 5217 5183 5234 5085 4993 5112 5225 4838 4885 4789 5397 5127 5061 4728 5010 4900 5184 5204 4867 4823 4878 5038 4878 4978 
5545 5541 4960 5332 5604 4876 5477 5394 5412 5313 5712 5176 5385 5461 5358 5314 5922 5560 5383 5630 5081 5704 5293 5378 5251 5420 5267 5289 5323 5466 5205 5757 5247 5365 5379 5431 5234 5139 5078 5215 5315 5587 5143 5567 5468 5323 5417 5689 5353 5686 5803 5426 4833 5688 5339 5077 5494 5251 5072 5265 5197 5419 5128 5382 5651 5360 5353 5247 6050 5672 5602 5520 4952 5586 5058 5004 5706 5755 5318 5623 5171 5459 5333 5401 5447 5448 5144 5352 5495 5785 5778 5238 5078 5406 5455 5567 5354 5159 5471 5434 5556 5660 5217 5449 5423 5493 5177 5237 5283 5187 5401 5548 5178 5731 5534 4980 5836 5617 5579 5173 5340 5482 5542 5069 5269 5636 5792 5593 5469 4997 5839 5297 5209 5311 5411 4896 5122 5690 5621 5230 5812 4867 5516 5454 5137 5442 5442 5457 5454 5290 5366 5692 5318 5495 5305 5186 4904 5292 5898 5190 5392 5567 5395 5429 5139 5498 5468 5670 5231 5460 5572 5427 5169 5395 5439 5455 5186 5544 4839 5155 5459 5021 5321 5588 5921 5091 5818 5684 5230 5320 5488 5431 5114 5487 5234 5527 5467 5232 5419 5459 5305 5271 5458 5481 5469 5173 5396 5410 5640 5459 5304 5316 5375 5825 5363 5580 5233 5239 4841 5561 5240 5350 5680 5503 5489 5589 4948 5149 5428 5925 5061 5315 5305 5282 5544 5268 5387 5531 5627 4935 5358 5231 5831 5423 5217 5188 5344 4882 5437 5360 5102 5137 5098 5236 5232 5616 
4912 4936 4460 4857 5193 4407 4870 4798 5007 4711 5075 4643 4787 4556 4925 4637 5420 4933 4923 5128 4324 5230 5122 5149 4826 4661 4643 4824 5062 4802 4721 5215 4856 5045 4703 4828 4873 4867 4929 4812 4602 4910 4864 5134 4843 4808 5241 5279 4867 5045 4972 4856 4445 5153 4796 5007 4904 4766 4615 4852 5086 5305 4660 4875 5120 4724 4861 4695 5588 5219 4967 5139 4490 5099 4777 4788 5033 5294 5107 5253 4729 4893 4737 5151 4852 5004 4843 5057 5183 4905 5531 4872 4621 5048 4727 5271 4897 4886 4918 5245 5128 5219 4753 4847 5074 5019 4829 4893 4556 4853 4954 5228 4542 5046 4956 4784 5534 5121 5122 4835 4892 5257 5059 4961 4749 5159 5038 5518 5006 4745 5007 4723 4939 4932 4645 4248 4814 5292 5001 4812 5297 4788 5378 5206 4776 5048 5099 4869 5135 4755 5002 5314 4964 4980 5283 4825 4801 4575 5433 4659 4942 5098 4704 4805 4612 4897 4801 5263 5246 5114 4840 4731 5055 4966 4930 4718 4667 5170 4534 4777 5031 4851 4553 4964 5232 4452 5187 5095 4605 4671 4879 4930 4818 4919 4833 5098 4846 4560 5179 5038 4751 4789 5084 4826 5073 4782 4973 4878 5301 4778 4886 4894 4590 4981 4757 5100 4877 4815 4670 4964 4911 4825 5035 5091 5040 5002 4661 4805 5034 4917 4719 4599 5102 4814 5116 4844 4802 5063 5217 4484 4832 5034 5115 4828 4984 4567 4871 4764 4909 5121 4713 4859 4870 4894 4714 4953 
5354 5706 5073 5275 5542 4870 5439 5528 5196 5098 5673 4995 5270 4980 5432 4890 5655 5345 5296 5549 4808 5618 5041 5359 5040 4928 5399 5439 5375 5220 4976 5923 5522 5239 5667 5333 5497 5300 5099 5207 5101 5568 5163 5537 5429 5247 5512 5578 5459 5814 5524 5406 4917 5687 5313 5187 5493 5078 5186 5220 5481 5443 5083 5581 5571 5457 5486 5295 5945 5682 5377 5494 4777 5508 5011 5005 5597 5543 5347 5709 5005 5348 5174 5484 5518 5516 5328 5457 5875 5807 5817 4960 5254 5613 5288 5698 5509 5353 5509 5645 5615 5475 5228 5216 5599 5404 5212 5380 5238 5186 5577 5678 4899 5541 5595 5120 5984 5609 6091 5213 5328 5446 5286 5323 5221 5533 5848 5465 5470 4792 5627 5125 5225 5353 5398 4880 5324 5340 5629 5636 5629 5228 5545 5302 5092 5515 5371 5650 5498 5440 5206 5695 5417 5346 5195 5211 4993 5022 5934 5285 5684 5617 5249 5416 5292 5388 5442 5739 5407 5334 5138 5340 5537 5322 5714 5550 5062 5634 4662 5126 5289 5344 5194 5567 5521 5147 5413 5278 5186 5507 5253 5506 5360 5643 5068 5688 5401 5033 5515 5446 5264 5362 5194 5274 5240 4999 5646 5467 5640 5507 5289 5166 5119 5466 5268 5285 5438 5114 5290 5168 5312 5736 5311 5757 5558 5555 5196 5187 5520 5847 4992 5350 5526 5383 5462 5310 5540 5596 5734 4877 5228 5302 5793 5508 5489 5355 5581 5106 5381 5771 5281 5141 5023 5547 5468 5134 
5127 5464 5169 5243 5066 4817 5439 5171 5204 5215 5265 5047 5016 5111 4946 4965 5837 5423 5195 5403 4602 5576 4917 5607 5165 5366 5071 5358 5316 5232 4814 5486 5366 5516 5273 5364 5439 5018 5205 5157 5329 5267 5156 5351 5419 5145 5504 5479 5220 5316 5406 5298 4862 5346 5007 4894 5370 5229 5060 5028 5160 5254 4948 5406 5316 5142 5312 5006 5802 5405 5354 5441 4926 5442 5115 5299 5362 5434 4984 5591 5073 5400 4939 5244 5242 5232 5218 5186 5712 5568 5538 5025 5236 5332 5207 5505 5423 5084 5510 5294 5585 5141 5199 5248 5311 5294 4999 5477 5188 5159 5531 5631 5196 5630 5184 5131 5820 5638 5549 5238 5565 5367 5379 5320 5263 5420 5800 5777 5228 4992 5901 5029 5110 5253 5219 4698 5279 5165 5575 5222 5546 4930 5385 5715 5200 5472 5353 5272 5393 5407 5405 5765 5339 5480 5431 4717 4807 4918 5728 5217 5282 5668 5193 5317 5070 5327 5522 5175 5214 5360 5571 5201 5143 5217 5584 5158 4930 5177 4663 5110 5496 5325 4959 5135 5287 4953 5526 5453 5186 5130 5312 5411 5254 5326 5111 5167 5318 4491 5419 5494 5157 5133 5331 5316 5680 4918 5064 5277 5659 5284 5040 5219 5181 5374 5208 5222 5181 5252 5392 5156 5087 5558 5307 5467 5551 5456 4783 4997 5367 5230 5055 5102 5488 5249 5376 5293 5190 5397 5351 4730 5065 5144 5586 5306 5557 5064 5237 4819 5211 5402 5138 4827 5201 5206 5357 5381 
5441 5656 5420 5368 5393 5002 5566 5443 5332 5372 5433 4977 5461 5261 5381 5048 5732 5431 5315 5604 4885 5719 5278 5634 5274 5291 5303 5548 5331 5204 5204 5922 5648 5488 5513 5341 5555 5183 5133 5063 5396 5814 5359 5435 5508 5298 5505 5826 5549 5828 5746 5780 5144 5607 5603 5236 5624 5253 5328 5259 5398 5406 5066 5540 5915 5314 5479 5143 6001 5562 5520 5498 4820 5612 5348 5369 5658 5842 5309 5897 5287 5862 5319 5524 5510 5659 5338 5608 5675 5813 6062 5195 5303 5541 5412 5696 5328 5159 5420 5783 5558 5651 5340 5464 5415 5805 5272 5325 5092 5482 5742 5608 5416 5684 5668 5161 5797 5901 6054 5480 5712 5471 5401 5442 5079 5859 5676 5976 5344 4952 6014 5400 5199 5688 5444 4900 5450 5713 5673 5484 5776 5216 5532 5611 5047 5525 5863 5336 5593 5427 5440 5608 5413 5366 5421 5492 4902 5247 5737 5371 5366 5818 5498 5332 5255 5401 5760 5656 5535 5742 5450 5546 5657 5314 5943 5330 4943 5538 4942 4985 5688 5548 5401 5410 5538 5360 5638 5934 5390 5561 5262 5447 5381 5611 5306 5421 5407 4998 5668 5689 5469 5437 5539 5527 5491 5015 5454 5424 5790 5398 5493 5324 5153 5740 5495 5748 5565 5071 5437 5493 5571 5917 5649 5942 5575 5965 5069 5577 5834 5592 5157 5344 5576 5663 5367 5496 5274 5649 6133 4994 5303 5399 5766 5617 5463 5406 5552 5179 5398 5770 5454 5270 5103 5396 5528 5543 
4969 5289 4783 5176 5212 4591 5186 5028 5047 4947 5216 4720 4837 4847 5000 4877 5346 5081 5284 5332 4811 5382 5022 5223 4853 4963 5209 4948 5115 4988 4667 5172 5104 5212 5191 5098 4906 4959 4997 5048 4841 5219 5101 5265 5094 4984 5391 5431 5084 5352 5213 5254 4708 5366 4998 5093 5181 4791 4961 4942 5250 5232 4680 5339 5356 5164 5389 4948 5637 5370 5020 4976 4568 5100 4681 4735 5174 5390 4923 5399 5072 5158 4755 5185 4933 5091 4889 5104 5141 5601 5520 4988 4955 4987 4931 5144 5369 4861 5292 5292 5253 5117 5194 5326 5011 5133 4893 4818 4547 4855 5289 5312 4713 5322 5086 5118 5477 5241 5538 4988 5052 5227 4970 5127 5223 5409 5190 5611 5390 4749 5415 5019 5335 5334 4983 4549 5034 5646 5203 5306 5205 4975 5419 5273 5039 5401 5344 5015 5169 5133 5034 5391 4867 5366 5099 4781 4559 4782 5170 5084 5209 5451 4742 5182 4946 5049 5354 5404 5345 4921 5309 4902 5357 4919 5407 5068 4679 5372 4501 4884 5357 5105 4643 4991 5133 4916 5403 5367 4873 5033 5173 5199 5089 5241 4955 5042 5011 4473 5306 5503 4962 4975 5211 5006 5225 4910 5059 5266 5560 4839 5034 5053 5005 5176 5054 5147 5129 4727 5008 4939 5089 5415 5447 5408 5264 5278 4812 5047 5419 5199 4796 4836 5047 5271 4992 5173 5026 5294 5393 4551 4987 5053 5495 5069 5434 5226 5207 5129 4915 5341 4912 5078 4984 5204 5170 5245 
5176 5558 5423 5502 5505 4978 5633 5219 5326 5357 5491 5192 5279 4993 5674 5062 6197 5704 5433 5580 4850 5852 5481 5908 5350 5421 5089 5512 5430 5464 5311 5834 5536 5655 5423 5359 5540 4944 5016 5399 5279 5460 5471 5330 5601 5562 5713 5656 5270 5588 5136 5471 5276 5550 5253 5204 5777 5071 5280 5314 5583 5585 5044 5606 5774 5257 5663 5204 5814 5755 5795 5613 5126 5679 5352 5340 5477 5817 5439 5632 5438 5540 5276 5564 5401 5394 5482 5508 5538 5666 6013 5278 5263 5552 5229 5798 5605 5189 5433 5596 5929 5571 5368 5403 5013 5510 5085 5260 5139 5359 5733 5695 5276 5614 5558 5207 5760 6010 5936 5492 5490 5597 5413 5316 4969 5686 5720 6031 5644 5226 6086 5112 5343 5323 5514 4861 5459 5795 5606 5560 5687 4881 5720 5620 5380 5738 5669 5471 5733 5258 5375 5636 5531 5622 5469 5282 5092 5018 5853 5411 5547 5731 5183 5255 5411 5532 5609 5837 5573 5602 5591 5249 5398 5347 5595 5305 5167 5706 5017 5232 5619 5482 5141 5289 5801 5427 5804 5475 5245 5556 5422 5463 5518 5289 5315 5206 5272 5028 5527 5766 5330 5373 5625 5385 5425 5152 5494 5412 5744 5355 5289 5330 5424 5943 5551 5319 5440 5310 4694 5347 5603 5751 5604 5775 5603 5787 5151 5243 5714 5665 5331 5359 5461 5399 5533 5456 5375 5633 5812 4634 5412 5429 5699 5407 5531 5310 5256 4913 5440 5665 5378 4996 5161 5223 5297 5709 
4781 5068 4634 4918 5040 4655 5370 5231 5067 5007 5218 4926 4997 4793 4886 4725 5370 5087 4848 5222 4730 5504 4988 5060 5011 5075 5089 5153 5174 5010 4957 5580 5203 5148 5310 4896 5147 4836 4803 5022 4787 5158 5041 5328 5002 5099 5336 5009 5040 5230 5207 5200 4924 5458 5048 4893 5114 4955 4622 4980 5358 5335 4593 5358 4970 4898 5271 5019 5833 5194 5246 4890 4629 5256 4654 4976 5140 5354 5043 5379 5023 5212 4862 5149 5326 4897 4776 5099 5212 5406 5463 4914 4930 5225 4846 5241 5015 4951 5051 5193 5560 5139 4832 5055 5249 5287 5007 4883 4806 5112 4947 5376 5025 5356 5389 4982 5565 5416 5332 5142 4999 5070 5309 5047 5056 5220 5409 5469 5120 4730 5323 4883 4991 4907 4840 4685 4899 5191 5118 5167 5042 4787 4995 4977 4977 5098 5290 4998 5082 4936 5017 5322 5174 4846 5000 4862 4732 4601 5494 5038 5212 5323 5011 5223 4768 4956 5139 5480 5016 5238 5248 5262 5307 5060 5258 5219 4890 5233 4582 4741 5194 4911 4987 4997 5015 4896 5408 5196 4820 4907 5264 5194 4861 4960 4693 5284 5140 5007 5374 5451 4947 5082 4941 5032 5264 4850 4948 5037 5207 4850 4919 4917 4834 5264 4924 5171 4879 4785 4907 4876 4975 5079 5120 5221 5116 5170 4747 4761 5321 5123 4743 4867 5001 5123 5324 5029 4984 5192 5400 4600 5252 4909 5452 5281 5278 5066 5306 4716 5418 5351 4706 4745 4799 5032 4885 5111 
5285 5341 4953 5183 5233 4837 5412 5246 5276 5225 5621 4999 5074 4804 5260 4950 5700 5445 5066 5236 4915 5609 5299 5597 4910 5295 5106 5093 5316 5063 5031 5644 5441 5295 5263 5424 5145 4952 5306 5195 5181 5483 5189 5383 5448 5148 5562 5677 5201 5725 5252 5344 4769 5562 5479 5387 5335 4960 4939 5242 5548 5545 5152 5501 5403 5126 5366 5030 5579 5859 5220 5394 4827 5571 5089 4949 5358 5764 5281 5694 5225 5290 5242 5386 5430 5514 5266 5466 5701 5729 5706 5300 5002 5820 5135 5824 5383 5045 5280 5613 5497 5523 5120 5402 5168 5359 5035 5389 5101 5106 5655 5715 5259 5609 5554 5376 5793 5568 5638 5234 5310 5380 5399 5249 5414 5753 5506 5645 5417 4972 5692 5026 4994 5403 5370 4732 5402 5407 5439 5419 5665 5218 5975 5379 5255 5265 5505 5343 5453 5421 5674 5649 5371 5513 5304 5178 4790 4891 5747 4986 5419 5707 5138 5340 5249 5280 5228 5633 5492 5358 5286 5122 5376 5348 5666 5192 5091 5499 4710 4937 5464 5373 4846 5498 5739 5164 5657 5442 5302 5093 5376 5273 5248 5455 5058 5600 5512 5109 5704 5201 5337 5403 5441 5355 5443 4770 5604 5461 5796 5425 5130 5135 5095 5518 5394 5164 5140 5101 5052 5452 5438 5646 5380 5602 5479 5559 5239 5203 5300 5635 5062 4998 5304 5359 5567 5366 5463 5390 5805 4989 5216 5375 5763 5359 5434 5084 5435 5140 5519 5337 5406 4974 5249 5303 5329 5572 
5210 5195 4848 5144 5174 4704 5184 5157 4823 5027 5341 4903 5141 4850 5042 5192 5622 5369 4950 5464 4915 5347 4922 5313 5059 4983 4981 5153 5270 5112 5022 5451 5122 4999 5230 4918 4933 4876 4970 5087 4786 5356 5177 5134 5064 5018 5120 5409 5053 5252 5216 5505 4750 5358 5109 5078 5081 4994 4883 5160 5059 5172 4847 5178 5330 5341 5300 5036 5607 5053 5356 4999 4640 5285 4695 4747 5167 5402 4672 5293 4958 5209 4794 5471 5108 5331 5008 5179 5235 5369 5524 5037 5009 5159 5120 5156 5119 4875 5034 5368 5531 5300 5043 5370 5091 5546 4875 5052 4628 4916 5233 5310 4828 5273 5113 4909 5603 5535 5242 4858 4740 5370 5299 4996 4983 5319 5381 5489 5318 4889 5501 4880 4966 4945 5176 4632 4950 5049 5348 5268 5318 4824 5186 5409 4896 5569 5388 4856 5133 5130 4894 5539 5277 5181 5028 4689 4797 4937 5629 4905 5152 5158 4791 5137 4749 5157 5415 5444 4889 5124 5206 5302 5164 5078 5300 5282 4696 5250 4619 4749 5149 4875 4871 5075 5290 4788 4995 5452 5179 4913 4897 5092 4959 5158 4876 5204 5015 4681 5480 5356 4860 5043 5006 5045 5350 4677 5237 5130 5274 5221 5099 5174 4882 5291 5031 5016 5121 4900 4885 5127 5039 5374 5351 5372 5339 5427 4838 4893 5272 5327 5011 5006 5327 5121 4896 5210 5216 5299 5098 4753 5212 4902 5505 5014 5032 5054 5015 4862 5262 5007 4892 4858 4845 5035 4914 5014 
5036 4867 5024 4985 5240 4704 5208 5217 4844 5176 5077 4761 4880 4702 5160 4829 5387 5110 5105 5193 4573 5585 4997 5551 4843 4727 4828 4905 4892 4713 4885 5342 5115 4994 4826 5059 5009 4864 5165 4983 4933 5180 4862 5136 5026 5036 5154 5523 4954 5107 5110 5177 4796 5444 5145 4938 5201 4932 4544 4756 5042 4984 4850 5123 5197 4954 5072 4889 5404 5154 5101 5066 4631 5200 4638 4900 5110 5392 4830 5401 4800 5241 4941 5219 5227 4903 4846 5111 5371 5040 5549 4687 4919 5118 5031 5427 5031 4818 4702 5374 5401 5422 4997 5076 5004 5065 4701 5069 4712 4904 5272 5518 5125 5340 5074 4660 5369 5448 5433 5041 4899 4938 5037 5140 4691 5188 5333 5532 5190 4772 5217 4916 4872 4916 4838 4594 4973 5478 5028 5088 5428 4609 4948 5139 4993 5390 5146 5051 5003 5065 5202 5518 4934 5128 5151 4826 4568 4837 5506 4918 4981 5266 5066 5005 4645 5176 5090 5440 5067 5323 5161 5051 5110 4901 4983 4940 4809 5160 4523 4721 5359 5108 4855 5187 5466 4722 5279 5177 4810 4706 5103 5105 4754 4899 4853 4924 4874 4481 5312 5011 5296 4873 4987 4989 5066 4477 4927 4915 5551 5070 4831 4820 4724 5144 5048 4952 4864 4754 4834 4869 5123 5025 5047 5448 5560 5343 4688 4774 5128 5232 4883 4837 5412 4794 5141 5009 5252 5111 5513 4433 5231 4846 5461 5208 4883 5008 5309 4829 5249 5289 4971 4772 4950 4954 4777 4877 
5410 5546 4954 5436 5611 5105 5510 5546 5543 5550 5841 5358 5298 5118 5473 5296 6066 5709 5447 5848 5245 5977 5494 6214 5397 5376 5409 5564 5261 5108 5328 5886 5789 5569 5605 5515 5597 5214 5322 5586 5387 5493 5469 5725 5614 5418 5697 6006 5240 5770 5518 5659 5097 5825 5114 5454 5672 5108 5296 5448 5974 5747 5033 5490 5711 5420 5892 5293 5965 5852 5673 5578 5110 5616 5203 5191 5571 6058 5293 5897 5082 5600 5182 5695 5476 5510 5383 5684 5730 5894 5948 5324 5207 5745 5435 5818 5636 5234 5655 5730 5932 5727 5327 5398 5450 5717 5445 5614 5330 5622 5630 5842 5121 5722 5730 5216 6078 6085 5958 5486 5479 5741 5513 5506 5457 5711 5846 6070 5548 5097 5778 5411 5458 5817 5621 5126 5428 5397 5667 5780 5602 4971 5789 5502 5334 5672 5867 5565 5751 5585 5422 6025 5511 5430 5523 5336 4985 4977 5999 5230 5543 5842 5464 5468 5361 5553 5591 5815 5695 5838 5629 5527 5537 5262 5930 5606 5269 5585 5071 5121 5721 5445 5480 5519 5830 5341 5693 5754 5124 5522 5601 5572 5554 5657 5289 5600 5657 5055 5661 5562 5303 5314 5577 5518 5808 5184 5596 5460 5885 5324 5519 5513 5475 5593 5636 5337 5459 5415 5232 5203 5562 5624 5610 5704 5792 5731 5355 5203 5531 5811 5334 5370 5819 5558 5699 5386 5573 5595 5773 5329 5657 5580 5883 5414 5616 5432 5475 5098 5533 5613 5442 5287 5306 5466 5557 5614 
5189 5226 4720 4980 5112 4536 5176 4957 5185 4856 5164 4910 4917 4686 4931 4908 5723 5523 4917 5300 4638 5305 4741 5134 4853 4978 4877 5179 4947 5109 4935 5542 5016 5042 5129 4880 5284 4844 4855 5040 5132 5106 4813 5270 5138 4788 5509 5300 5020 5188 5389 5219 4876 5467 5090 4824 4872 4954 4755 5157 5175 5336 4933 5067 5096 5164 4907 5027 5646 5239 4984 5059 4761 5381 4813 4938 5208 5255 5003 5321 4927 5046 4962 5035 5051 5180 4925 5203 5094 5323 5667 4865 4826 5155 4818 5156 4963 4884 5072 5234 5470 5030 4768 4987 4952 5184 4761 4911 4651 5055 4878 5256 5073 5464 5285 4781 5666 5156 5218 4930 4842 5296 5241 4963 4670 4956 5463 5394 5354 4988 5297 4807 5005 4965 4920 4342 4907 5369 5208 5089 5321 4771 5114 5558 4879 5435 5068 4964 5327 5018 5018 5357 5234 5339 4998 4931 4646 4991 5244 4947 4846 5071 4771 4958 4690 5295 5058 5186 5162 5442 5115 5052 4943 5070 5087 5129 4854 5241 4622 4899 4868 5023 4680 5058 5275 4855 5243 5336 4950 5076 5081 5030 5047 5123 4809 5106 5070 4627 5205 5194 4948 5058 5252 5272 5096 4769 4909 5101 5586 4847 4827 4927 4925 5377 4873 5330 4754 4967 4994 4789 4884 5253 5196 5287 5368 5305 4775 5006 5430 5388 5127 4750 5377 5162 5005 5050 5076 5308 5426 4406 5046 5063 5404 4989 5472 4825 5155 4952 4932 5127 4894 4722 4706 5053 4743 4947 
5198 5541 4978 5014 5243 4893 5479 5416 5148 5203 5570 5108 5249 5222 5175 5090 5829 5409 5045 5590 4829 5514 5183 5430 5185 4958 5166 5068 5587 5067 5137 5885 5427 5236 5539 5278 5555 4998 5101 5100 5233 5791 5008 5264 5590 5362 5492 5565 5000 5539 5361 5344 4711 5230 5262 5303 5708 5008 4771 5313 5350 5869 5251 5209 5530 5558 5244 4967 5646 5393 5428 5267 4686 5292 4996 4883 5405 5797 5021 5488 5181 5484 5033 5227 5412 5335 5492 5308 5403 5636 5705 5170 5117 5294 5236 5437 5188 5074 5385 5414 5581 5359 5214 5079 4824 5377 5122 5024 5045 5002 5209 5483 5028 5615 5119 5032 5774 5546 5642 5300 4855 5474 5390 5203 5029 4980 5800 5592 5511 4816 5470 5052 5408 5421 5049 4653 5276 5644 5506 5381 5494 4783 5402 5445 5283 5340 5522 5197 5501 5204 5154 5502 5342 5293 5104 5364 4799 4722 5613 5146 5561 5324 5030 5341 4891 5140 5624 5613 5476 5586 5489 5296 5207 5176 5484 5272 4979 5642 4813 4769 5326 5074 5084 5332 5537 4800 5291 5129 5065 5239 5119 5326 5416 5152 5117 5467 5345 5045 5522 5509 5222 5227 5245 5253 5364 4891 5082 5208 5499 5073 5153 5294 5269 5671 5115 5211 5203 4924 5185 5178 5238 5637 5195 5375 5665 5288 4979 5080 5300 5426 4993 5032 5428 5237 5360 5155 5475 5192 5681 4622 5444 5102 5561 5180 5512 5097 5224 4973 5304 5248 5108 4996 4917 5126 5057 5304 
4901 5192 4566 4788 4920 4809 5235 4930 4956 4910 5369 4784 4956 4704 4929 4967 5339 4821 5023 4990 4618 5587 5064 5546 4944 4988 4844 5188 5098 4785 4714 5387 5108 5213 4973 4986 5337 4840 4869 4811 4719 5286 4861 5388 5038 5095 5336 5161 4979 5422 4829 5131 4923 4969 4976 5085 5370 4797 4653 4894 5263 5458 4534 5120 5193 5055 5254 4989 5446 5309 5042 5041 4764 5112 4663 4803 4983 5505 5045 5164 4897 5200 4835 5041 5223 5176 5107 4984 5071 5590 5375 5045 4939 5112 4818 5415 5136 4939 5063 5333 5399 5274 4864 5047 5366 5258 4972 5014 4591 4884 5144 5166 4778 5144 5108 4950 5585 5454 5316 5072 4982 5203 5139 4972 4904 5278 5042 5513 5086 4584 5219 4918 4787 5155 4719 4526 4930 5328 5510 5337 5200 4604 5333 4975 4942 5162 5196 4921 5188 4794 5050 5490 5122 5032 5153 4716 4652 4469 5574 4971 5033 5435 5083 5187 4697 5068 4793 5390 5228 4929 5058 4996 4931 5329 5476 4833 4867 5244 4537 4786 5284 4923 4410 5058 5018 4712 5149 5058 4726 5055 5232 5353 5031 5044 4817 5033 5270 4756 5127 5430 5136 4891 5027 5072 5316 4479 4762 5055 5283 4914 5006 4952 4879 5098 4882 5157 4998 5007 4688 4765 5151 4938 5134 5124 5133 4952 4939 5017 5339 5071 5086 4838 5105 5125 5292 4900 5248 5252 5312 4609 5060 4979 5437 5281 5070 5275 4871 4759 4981 5428 4943 4523 4902 4974 5000 5050 
5497 5809 5270 5288 5731 5208 5583 5588 5543 5376 5955 5392 5338 5246 5529 5142 5975 5546 5599 5987 5133 5841 5459 5560 5491 5721 5306 5538 5564 5498 5293 5897 5734 5601 5334 5562 5605 5375 5597 5420 5434 5765 5562 5812 5760 5581 5984 5993 5390 5760 5660 5895 5301 5445 5540 5550 5708 5280 5328 5318 5799 5916 5544 5667 5988 5610 5721 5208 5963 5829 5665 5739 4882 5860 5088 5368 5645 6044 5320 5810 5543 5722 5513 5493 5543 5721 5584 5759 5800 6012 6100 5443 5432 5758 5603 5844 5835 5294 5633 5984 5995 5804 5662 5792 5492 5746 5323 5345 5224 5527 5736 5853 5491 5882 5575 5368 6203 6048 5961 5457 5552 6051 5819 5631 5416 5884 5890 6107 5640 5151 6003 5168 5505 5525 5500 5094 5434 5857 5824 5616 5952 5332 6022 5921 5207 6013 5772 5442 5641 5537 5784 5799 5736 5830 5443 5406 5327 5089 5992 5264 5754 5863 5590 5540 5262 5580 5853 5850 5666 5720 5678 5577 5687 5801 5799 5451 5410 5585 4967 5143 5658 5750 5672 5751 5969 5480 5567 6016 5379 5496 5631 5712 5696 5718 5356 5684 5459 5511 5912 5687 5613 5456 5766 5595 5581 5031 5581 5682 5915 5428 5395 5530 5292 5705 5564 5739 5491 5487 5592 5524 5591 6121 5769 5984 5880 5901 5353 5343 5830 5722 5192 5802 5840 5667 5698 5706 5565 5766 6001 5167 5681 5528 5859 5752 5677 5784 5551 5265 5459 5766 5349 5575 5431 5626 5755 5568 
5243 5349 5194 5176 5313 5005 5243 5453 5062 5117 5299 5475 5252 5238 5459 4992 5964 5503 5214 5176 4645 5609 5345 5354 5237 5222 5466 5021 5259 5434 4966 5613 4970 5436 5336 5238 5191 5108 5238 5279 5290 5154 5224 5382 5316 5284 5429 5486 5171 5546 5547 5479 4679 5343 5273 5349 5599 5055 5145 5251 5319 5506 5099 5389 5502 5080 5283 5100 5703 5469 5398 5263 5069 5477 5067 4940 5529 5728 5207 5556 5129 5490 5157 5461 5377 5385 5060 5484 5610 5916 5941 4888 5000 5472 5224 5440 5374 5093 5492 5509 5599 5594 5177 5238 5177 5251 5078 5375 5165 5146 5484 5597 5244 5700 5202 4931 5610 5695 5498 5015 5181 5056 5255 5465 5183 5338 5533 6032 5170 4730 5643 5287 5140 5305 5261 4875 5242 5552 5513 5184 5618 5009 5353 5226 5352 5317 5324 5138 5521 5309 5490 5869 5330 5556 5620 5051 5015 4819 5732 5253 5404 5536 5190 5540 5120 5280 5770 5871 5343 5445 5473 5383 5149 5175 5363 4987 5141 5594 4696 5073 5261 5263 5271 5174 5309 5044 5770 5642 5240 5119 5396 5307 5183 5330 5080 5198 5454 4952 5578 5601 5239 5127 5568 5462 5419 4831 5076 5330 5591 5313 5202 5209 5309 5617 5485 5415 5065 5013 5170 5426 5355 5349 5457 5475 5550 5522 4891 4942 5418 5603 5039 4970 5417 5427 5334 5061 5418 5595 5632 4835 5189 5380 5490 5195 5375 5339 5490 4947 5157 5405 5434 4999 4999 5262 4883 5336 
5324 5301 5062 5181 5412 4820 5291 5412 5179 5080 5588 5171 5250 4970 5426 5128 5660 5479 5401 5282 4692 5580 5384 5731 5126 5106 5222 5446 5271 5170 4723 5550 5454 5447 5158 5261 5578 5009 5214 5038 5281 5619 5019 5496 5365 5165 5691 5363 4955 5458 5625 5420 4721 5630 5369 5322 5244 5075 5105 5436 5478 5469 5019 5554 5248 5337 5420 5087 6051 5510 5421 5419 4831 5551 5047 5067 5365 5619 5257 5464 4970 5573 5030 5412 5399 5316 5159 5387 5705 5613 5937 5015 5100 5579 5165 5500 5562 5144 5443 5425 5595 5314 5033 5269 5295 5493 5058 5289 4902 5322 5243 5619 5046 5754 5600 5160 5689 5622 5621 5269 5310 5538 5151 5219 5118 5594 5487 5709 5520 5077 5603 5339 5168 5346 4997 4791 5123 5529 5394 5405 5668 5169 5481 5639 5056 5339 5578 5192 5527 5407 5254 5526 5283 5377 5194 5269 4969 4861 5714 5120 5240 5733 5200 5527 4856 5471 5506 5568 5409 5524 5310 4894 5458 5187 5595 5336 5171 5332 4771 4734 5632 5302 4928 5541 5503 4867 5579 5502 4921 5142 5346 5117 5434 5104 5113 5389 5081 4968 5308 5515 4980 5197 5531 5140 5718 4948 5347 5488 5741 5087 5252 5138 5133 5560 5285 5433 5304 5098 5117 5291 5117 5319 5442 5554 5326 5484 5053 5258 5694 5361 5212 5113 5462 5264 5432 5193 5530 5337 5777 4712 5374 5317 5614 5289 5633 5085 5303 5061 5352 5596 4978 5086 5111 5316 5132 5644 
4951 5348 4955 5042 5061 4672 4962 5080 4877 5132 5355 4987 5081 4662 4945 4707 5507 5147 5004 5192 4615 5342 4995 5411 4965 4852 4986 5022 5006 4898 4770 5429 5087 5255 4863 4980 5146 4971 4882 4842 4957 5123 4916 4956 5017 4912 5218 5370 5033 4972 5217 5061 4689 4978 5101 5230 5089 4813 4731 5017 5339 5343 4834 5050 5114 5010 5077 4785 5521 5058 5020 5025 4711 5152 5000 4899 5155 5481 5133 5572 4976 5295 4621 5199 5244 5258 4688 5101 5576 5364 5700 4798 4734 5301 5087 5329 5314 4891 5019 5272 5211 5245 4817 5095 5175 5199 4944 5174 4759 5176 5064 5216 4908 5042 5253 5037 5465 5074 5181 5005 4860 5125 4998 5026 4919 5132 5386 5610 5103 4530 5496 5010 5104 5095 5150 4681 4791 5373 5270 5051 5389 4703 5422 5157 4987 5328 5302 5154 5365 5096 5140 5460 5205 5243 5039 4761 4647 4671 5490 4929 5038 5379 4917 5175 4721 5101 5211 5524 5294 5347 5079 5259 5015 5221 5366 4988 4872 5316 4661 4664 5183 4869 4742 5212 5261 4715 5043 5167 4835 4808 5145 5035 5001 5087 4999 5020 5075 4542 5367 5240 5011 4896 4936 5111 5036 4530 5023 4999 5464 4864 5009 4918 4886 5274 5272 4931 4837 4960 4906 5035 5190 5232 5308 5392 5480 5258 5009 4914 5050 5067 4794 4957 5158 5089 5490 5177 5113 5042 5304 4400 4934 4965 5424 4956 5025 4908 5189 4798 5003 5129 4818 4818 5056 5083 5103 5075 
5156 5074 4890 4854 5215 4774 5228 4978 5037 5005 5314 4898 5017 4673 5249 4905 5669 5011 4879 5395 4790 5635 5216 5380 4675 5230 5069 5254 5210 4833 4738 5506 5102 5375 5085 4946 5252 5008 5046 5098 5127 5482 5113 5356 5122 5153 5410 5610 5055 5267 4916 5166 4807 5339 5121 5180 5499 4788 4642 5089 5332 5339 4901 5363 5266 5239 5426 4927 5624 5409 5072 5128 4653 5340 4605 5039 4886 5407 4938 5413 4888 5272 4994 4980 4891 4946 5238 5091 5364 5337 5489 4896 4834 5250 4990 5574 5276 4761 5161 5229 5494 5384 4970 5201 5304 5242 4996 4855 4833 4922 5279 5234 4716 5298 5229 5024 5794 5412 5559 5132 5227 5294 5436 5169 4960 5273 5349 5432 5231 4778 5176 5023 4873 5105 5303 4591 5196 5107 5422 5226 5374 4751 5448 5048 4923 5214 5489 4991 5273 5202 4932 5587 5069 5212 5055 4744 4832 4507 5687 4877 5376 5397 5038 5188 4788 4924 4896 5455 5036 5179 5218 5249 5209 4749 5428 5323 4961 5346 4645 5044 5368 4934 4854 5214 5332 4647 5122 5185 4842 5155 5203 5422 5271 5317 4897 5375 4965 5015 5438 5447 5003 5152 5253 4874 5231 5012 4909 5142 5319 4873 5133 5250 4986 5207 5222 5137 5022 4906 4756 5169 5063 5387 5333 5444 5080 5273 4729 4947 5101 5222 5070 4970 5487 5161 5374 5040 5068 4899 5447 4910 5070 5241 5588 5190 5134 5017 4980 4939 5441 5369 5002 5064 5081 5001 5157 5258 
4712 5147 4526 4849 4961 4602 5081 4973 4880 4802 5200 5083 4948 4613 4950 4638 5433 5261 4728 5421 4545 5160 5009 4924 5190 4925 4849 5081 4878 4880 4689 5486 5029 5316 5202 4663 5185 4720 4896 4985 4975 5104 4876 5259 5070 4959 5183 5239 5005 5307 5007 5258 4512 5076 4933 4941 5213 4677 4621 4786 5023 5170 4851 5313 5137 4888 5051 4912 5436 5360 4702 5108 4451 5281 4715 4874 5217 5281 5052 5197 4624 5002 4920 5237 4926 5159 4941 5306 5289 5335 5347 4674 4765 5220 4757 5205 5114 4738 4853 5088 5275 5076 4971 5226 4905 5125 4810 5173 4631 5053 4940 5256 4834 5266 5071 4604 5642 5344 5173 4793 5016 5165 5072 4783 5079 5155 5162 5443 4987 4764 5526 4740 4754 5033 5044 4664 4851 5004 5200 5069 5413 4885 5282 5055 4753 5121 5386 5023 4902 4785 4849 5442 5256 4966 5029 4814 4620 4677 5286 4793 5126 5229 4666 5252 4638 4818 5152 5516 4978 5114 5333 4995 5315 4934 5170 4931 4887 5281 4378 4655 4989 5007 4996 4976 5073 4557 5345 5222 4686 4662 5078 4818 4881 5034 4812 4798 5098 4965 5284 5174 4883 4949 5158 4826 5142 4932 5053 5248 5124 4788 4842 4913 4762 5204 4993 4849 4731 4676 4685 5206 4926 5136 5162 5181 5141 5104 4625 4729 4963 5206 4889 5009 5030 5021 5020 4998 5201 5136 5241 4736 5125 5124 5102 4950 5057 4823 4652 4886 5082 5301 4887 4978 5045 5061 4950 4947 
5260 5403 5115 5392 5404 4798 5342 5267 5329 5218 5739 5053 5341 5194 5428 5059 5521 5457 5187 5601 4917 5657 5097 5596 5254 5242 5341 5493 5281 5378 5355 5740 5560 5510 5550 5541 5517 5285 5276 5490 5312 5444 5233 5454 5310 5466 5656 5751 5405 5633 5472 5255 4928 5798 5523 5257 5447 5034 5158 5324 5478 5441 5109 5590 5567 5087 5273 5022 5821 5612 5563 5113 4942 5463 5124 5107 5695 5722 5286 5606 5075 5520 5448 5505 5541 5422 5536 5473 5777 6016 5922 5210 5212 5510 5454 5737 5172 5268 5635 5585 5747 5694 5451 5360 5426 5529 5088 5458 5022 5234 5716 5741 5536 5682 5526 5087 5968 5719 5922 5323 5244 5401 5646 5518 5475 5400 5798 5950 5557 5154 5650 5316 5386 5392 5347 4878 5042 5624 5681 5564 5702 5324 5621 5337 5410 5513 5667 5456 5364 5114 5372 5751 5524 5526 5434 5244 4810 5172 5790 5504 5383 5740 5125 5432 5111 5301 5499 5738 5372 5341 5590 5354 5343 5304 5747 5239 4970 5621 4954 5173 5394 5825 5075 5337 5641 5067 5382 5792 5218 5363 5362 5500 5305 5566 5059 5658 5511 5086 5568 5505 5417 5203 5589 5578 5462 5002 5427 5693 5821 5177 5343 5542 5208 5425 5292 5378 5191 5147 5162 5368 5229 5569 5592 5673 5640 5299 5160 5250 5634 5970 5232 5302 5376 5459 5654 5306 5529 5608 5664 5041 5347 5094 5839 5414 5592 5456 5766 4935 5535 5675 5268 5101 5229 5269 5395 5255 
4798 5132 4517 4963 4887 4501 4827 5005 4914 4783 5162 4662 4658 4657 4913 4918 5125 4861 4777 5160 4545 5121 5057 5016 4990 4901 4905 4987 5110 4768 4360 5222 4997 4804 4982 4825 4869 4552 4651 4583 4797 4970 4748 4783 4767 4942 5146 4956 4634 5074 4978 5016 4471 5101 4940 4926 4920 4630 4733 4834 5027 5006 4531 5144 4752 4976 4922 4678 5201 5030 4973 4986 4613 5273 4880 4626 4731 5362 4801 5020 4833 5187 4620 5115 5116 4978 4759 5012 5006 5122 5337 4842 4589 4925 4713 5303 5204 4677 4623 5061 5106 5105 4798 4897 4770 5000 4730 4765 4611 4770 4822 4956 4737 5187 5034 4820 5180 5332 4991 4926 4853 4959 5189 5143 4696 5348 5028 5260 5030 4712 5270 4619 4593 4901 4719 4529 4882 5055 5181 4755 5337 4758 4951 4952 5033 4855 5277 4549 5051 4629 5012 5291 4862 5035 4843 4539 4404 4414 4975 4665 4751 5210 4590 4745 4605 4837 5081 5199 4905 5064 4734 4807 5012 4847 4745 4725 4638 5112 4651 4569 4883 4766 4592 4728 5231 4781 5170 4890 4813 4974 5130 4950 4949 4829 4542 4869 4822 4537 5005 5050 4923 4807 5175 5135 5102 4338 5047 4716 5043 4911 4955 4779 4634 5100 4759 5034 4951 4757 4437 4846 4872 4890 4875 4984 5007 5151 4653 4944 4934 4997 4676 4834 5126 5139 4892 4769 4903 4899 5338 4330 4893 4832 5367 5039 4988 4664 4870 4604 4995 4952 4665 4754 4543 4843 4681 5083 
5171 5306 5202 5256 5573 4986 5340 5558 5169 5354 5373 5056 5270 5037 5446 4935 5868 5574 5373 5672 4731 5598 5241 5564 5446 5177 4880 5401 5460 5285 5091 5490 5387 5253 5330 5544 5423 5118 5150 5336 5332 5815 5090 5372 5159 5317 5582 5538 5303 5521 5531 5270 5137 5541 5373 5282 5446 5033 4942 5185 5380 5602 4916 5385 5448 5373 5448 5158 5640 5729 5515 5408 4990 5464 5179 5110 5537 5237 5177 5445 5025 5523 5307 5665 5314 5384 5220 5264 5640 5520 5768 5180 5023 5594 4890 5649 5395 5149 5385 5556 5332 5501 5546 5283 5567 5396 5297 5275 5036 5239 5547 5815 5119 5544 5519 5067 5704 5615 5571 5272 5479 5583 5564 5528 5154 5606 5684 6077 5312 4948 5806 5088 5175 5219 5490 4826 5221 5583 5644 5408 5508 5185 5493 5659 5132 5634 5457 5220 5255 5276 5469 5682 5407 5601 5382 5292 5086 4715 5866 5168 5510 5503 4898 5458 5190 5308 5618 5425 5510 5492 5284 5238 5466 5172 5634 5197 5100 5455 4746 5245 5409 5432 5086 5179 5613 5002 5274 5368 5098 5318 5359 5388 5266 5305 5065 5530 5360 5243 5434 5654 5313 5263 5494 5325 5751 5145 5298 5492 5574 5334 5284 5197 5206 5643 5211 5462 5151 5064 5035 5113 5215 5515 5357 5693 5505 5494 5050 5206 5510 5499 5085 5242 5438 5295 5609 5296 5507 6000 5711 4778 5335 5134 5803 5439 5621 5329 5197 4953 5542 5396 5113 5105 5274 5598 5245 5246 
4940 5277 5178 5130 5459 4928 5324 5236 5361 5198 5591 5324 5289 5246 5315 4878 5922 5384 5322 5460 4794 5715 5240 5479 5169 5274 5243 5371 5372 5161 4996 5703 5370 5424 5357 5499 5530 4928 5070 5456 5521 5447 5113 5505 5434 5206 5541 5478 5325 5701 5304 5304 5133 5612 5352 5251 5527 4882 4823 5280 5643 5517 4969 5453 5528 4993 5411 5041 5746 5571 5498 5164 5139 5454 5269 5145 5477 5455 5419 5456 4926 5174 5166 5611 5445 5313 5204 5715 5654 5913 5926 5095 4985 5478 5163 5502 5580 5237 5263 5678 5538 5426 5430 5357 5124 5375 4792 5382 5082 5379 5639 5530 4993 5725 5506 4991 5536 5659 5601 5216 5257 5466 5419 5538 5050 5392 5469 5844 5290 5157 5737 5106 5167 5497 5443 4737 5196 5608 5480 5460 5478 5060 5321 5290 5253 5710 5561 5406 5480 5280 5200 5536 5459 5408 5535 5246 4795 4854 5784 5228 5318 5593 4928 5322 5274 5361 5433 5768 5437 5305 5533 4890 5351 5034 5441 5302 5105 5684 4800 4799 5366 5464 5285 5539 5531 4998 5562 5265 5125 5318 5620 5272 5241 5438 5000 5420 5458 5002 5391 5455 4991 5347 5594 5377 5383 4888 5597 5359 5624 5155 5070 5152 5319 5404 5404 5146 5169 5289 5183 5173 5370 5492 5544 5477 5380 5592 4990 5077 5546 5477 5210 5043 5523 5361 5546 5300 5238 5437 5544 4538 5301 5362 5667 5287 5491 5270 5559 4683 5202 5617 5175 5141 5081 5434 5420 5350 
4942 5051 4364 4658 4744 4397 4702 4931 4829 4523 4936 4560 4920 4526 4898 4763 5144 4835 4716 5028 4665 5005 4849 5069 4825 5035 4926 4922 5234 5131 4486 5149 5060 4783 4867 4634 5038 4655 4917 4897 4652 5266 4959 5047 4907 4742 4998 4877 4972 5031 5035 4712 4516 5095 4720 4865 5036 4622 4608 5060 4957 5254 4736 4928 5154 4951 4957 4732 5192 4869 4895 4902 4809 4819 4587 4791 5075 5111 4931 4960 4567 5037 4858 5096 4815 5149 4787 4834 5198 5304 5298 4904 4717 4971 4908 5348 4777 4922 4912 4809 5286 5210 4675 4895 4946 5183 4796 4860 4750 4649 4926 5374 4783 5238 5022 4673 5476 5424 4962 4827 4931 4922 5041 4945 4504 5034 4950 5451 4783 4678 5290 4786 4862 4873 5029 4476 4735 5043 4806 4825 5162 4740 5244 5133 4796 4942 5071 4747 5027 4808 4879 5335 5133 5000 4875 4628 4584 4478 5432 4692 5081 5200 4803 4826 4628 4833 5196 5309 5075 5374 4926 4845 4791 4765 5270 5141 4685 5138 4563 4673 5127 4963 4659 5005 5044 4851 5305 4729 4761 4828 4748 5087 4996 4766 4614 5107 4942 4829 5090 4920 4580 4724 5092 4808 4903 4777 4956 5012 5314 4962 4719 5194 5010 5170 5021 5082 5046 4513 4767 5201 4946 5162 5064 5125 5109 5214 4632 4954 4980 5036 4729 4551 5032 4897 5242 4908 4767 4993 5106 4494 5013 4986 5282 5060 5143 4912 5077 4693 4945 4863 4604 4620 4613 4949 5056 5023 
5159 5294 4887 5202 5314 4793 5280 5152 5118 5132 5702 4992 5230 5081 5347 4913 5629 5198 5081 5317 4764 5365 5036 5628 5337 4770 5317 5132 5000 5231 5029 5611 5089 5312 5302 5169 5502 5188 5169 5095 5163 5363 5204 5259 5464 5202 5390 5583 5106 5522 5256 5471 4841 5483 5055 5075 5480 4945 4817 5062 5310 5325 4925 5483 5336 5120 5368 4922 5842 5436 5428 5083 4809 5472 4841 4902 5214 5570 5002 5377 4965 5576 5128 5549 5285 5140 5261 5703 5473 5751 5559 5018 4918 5408 5189 5478 5182 5121 5302 5483 5509 5510 5051 5407 5277 5368 4830 5211 4943 4889 5208 5415 4944 5562 5447 4861 5510 5495 5835 5259 5056 5429 5436 5336 5228 5404 5798 5726 5685 4875 5602 5078 5161 5287 5173 4601 5208 5441 5437 5413 5645 4954 5346 5229 4980 5278 5540 5073 5343 5103 5048 5735 5286 5326 5278 4991 4754 4799 5663 5034 5188 5128 5004 5523 4850 5257 5380 5851 5185 5067 5629 5138 5299 5037 5568 5180 5162 5452 4587 4809 5156 5228 4809 5235 5657 4933 5293 5215 5047 5057 5175 5142 5073 5101 5060 5416 5203 4761 5525 5491 5152 5337 5546 5126 5449 4893 5238 5403 5656 5256 5151 5093 5151 5538 5140 5190 5113 4735 4923 5106 5320 5364 5286 5488 5535 5292 5046 5221 5327 5499 4916 5181 5298 5169 4993 5206 5578 5344 5554 4984 5394 4794 5717 5050 5341 4930 5229 5121 5202 5439 5183 5046 5225 5263 4978 5267 
5427 5514 5374 5642 5513 5000 5587 5496 5144 5346 5665 5132 5065 5035 5445 5399 5884 5814 5134 5700 5133 5869 5505 6000 5477 5220 5299 5340 5341 5162 5327 5915 5421 5388 5376 5346 5175 5141 5176 5409 5280 5534 5538 5725 5407 5237 5721 5589 5297 5633 5561 5661 4995 5660 5477 5135 5539 5228 5297 5444 5593 5772 5318 5325 5585 5326 5707 5152 5834 5858 5373 5381 4937 5959 5216 5121 5823 5901 5093 5603 5494 5445 5235 5611 5355 5541 5232 5607 5531 5529 5862 5056 5179 5675 5405 5887 5638 5221 5440 5847 5759 5524 5556 5319 5617 5600 5236 5717 5025 5353 5727 5646 5257 5593 5865 5220 5967 5491 5545 5284 5417 5511 5391 5402 5507 5890 5725 6091 5820 5150 5755 5123 5550 5293 5599 4904 5346 5709 5570 5678 5812 5262 5620 5311 5300 5799 5713 5533 5365 5512 5570 5782 5351 5723 5252 5106 5308 5373 6035 5398 5458 5691 5179 5471 5157 5262 5526 6044 5657 5664 5501 5322 5727 5513 5770 5562 5287 5619 4977 5048 5520 5615 5214 5675 5595 5065 5794 5607 5224 5127 5404 5294 5425 5693 5132 5392 5650 5170 5643 5388 5141 5359 5384 5529 5499 5111 5512 5561 6142 5414 5327 5465 4930 5404 5452 5525 5268 5156 5518 5279 5458 5597 5558 5774 5763 5792 4956 5373 5451 5383 5151 5340 5477 5405 5909 5515 5423 5455 5849 4859 5409 5326 5661 5608 5650 5370 5415 5472 5263 5602 5194 5383 5452 5284 5502 5602 
5513 5824 5202 5576 5649 5164 5758 5809 5702 5618 5916 5411 5490 5305 5759 5547 6091 5682 5717 5930 5441 6233 5626 5979 5374 5574 5698 5675 5750 5616 5372 6265 5851 5803 5594 5688 5702 5326 5370 5656 5509 5938 5468 6052 5401 5870 5874 6121 5674 5723 5968 5926 5191 5881 5639 5690 6150 5497 5459 5676 5767 6043 5345 5818 6036 5567 5899 5231 6130 5816 5935 5590 5290 5837 5022 5532 5739 6137 5528 5712 5465 5888 5559 5745 5552 5650 5571 5798 6032 5928 6202 5611 5581 5953 5611 6150 5779 5398 5691 6077 6203 5974 5618 5663 5727 5837 5481 5601 5626 5536 5753 5934 5436 6006 6007 5695 6236 6226 6218 5600 5675 5936 5689 5717 5751 5920 5781 6083 5904 5529 5846 5448 5525 5860 5734 5057 5610 5753 5878 5693 6050 5403 5815 5760 5465 5862 6174 5755 5759 5577 5668 5973 5658 5947 5507 5432 5326 5259 6292 5390 5684 6032 5489 5739 5381 5697 5856 6204 5694 5487 5682 5680 5473 5646 6231 5805 5494 5816 5030 5423 5779 5710 5393 5687 6009 5572 5853 6159 5430 5952 5659 5918 5798 5703 5468 5594 5765 5592 5897 5729 5619 5583 5758 5470 6050 5187 5777 5744 6166 5732 5558 5675 5304 6040 5701 5637 5732 5592 5608 5471 5707 6118 5714 5999 6092 5873 5429 5540 5669 5956 5486 5661 5986 5775 5678 5738 5710 5647 6163 4876 5803 5495 6089 5915 5858 5710 5739 5222 5908 5900 5406 5494 5270 5758 5737 5783 
5143 5304 5054 5207 5251 4920 5432 5306 5311 5202 5705 5275 5152 5027 5147 4956 5862 5543 5295 5512 4932 5503 5194 5517 5261 4944 5156 5336 5195 5538 4788 5591 5208 5509 5534 5122 5549 5113 5315 5247 5228 5282 5316 5523 5403 5273 5633 5601 5260 5353 5432 5452 4938 5497 5222 5078 5331 4993 4913 5208 5589 5320 5043 5371 5394 5192 5410 5281 5731 5521 5326 5525 4887 5467 5163 5206 5316 5561 5311 5721 5148 5428 5135 5435 5615 5368 4917 5453 5744 5654 5855 5187 4915 5474 5176 5513 5400 5144 5365 5524 5709 5511 4917 5345 5620 5432 4935 5229 5072 5403 5460 5653 5098 5620 5332 5253 5686 5789 5659 5134 5303 5311 5486 5330 5256 5385 5667 5607 5275 4981 5763 5051 5113 5368 5074 4736 5029 5419 5497 5382 5349 5122 5462 5524 5112 5207 5464 5418 5512 5480 4986 5729 5440 5375 5325 5041 4860 4888 5545 5138 5360 5733 5247 5652 4878 5336 5575 5653 5342 5366 5349 5317 5349 5368 5574 5413 5125 5385 4787 4794 5589 5287 5207 5393 5412 5138 5537 5725 5272 5371 5179 5336 5482 5190 5150 5366 5381 4871 5799 5750 5132 5166 5387 5267 5284 4986 5314 5523 5435 5148 5193 5357 5194 5394 5469 5178 5339 5127 5122 5070 5440 5575 5367 5511 5495 5583 5064 5398 5748 5773 5119 5116 5508 5178 5301 5301 5477 5564 5707 4923 5269 5330 5473 4986 5506 5395 5340 4931 5137 5370 5300 4942 4827 5341 5154 5298 
5266 5475 4802 4997 5130 4715 5340 4941 5340 5113 5509 5033 5093 4966 5125 4857 5671 5172 5109 5375 4732 5754 4914 5396 5081 5149 5090 5219 4999 5137 4937 5731 5234 5389 5265 5112 5308 5174 5247 5105 5165 5381 5210 5551 5230 5340 5453 5368 5501 5548 5308 5130 4905 5508 5015 5146 5435 4807 4812 5234 5307 5115 4908 5279 5589 5146 5411 5290 5886 5433 5229 5327 4976 5242 4731 5008 5342 5285 5304 5547 5070 5253 5092 5428 5163 5259 5210 5408 5361 5432 5695 4958 5097 5392 4936 5331 5233 4936 5123 5632 5590 5420 5382 5313 5245 5614 5097 4968 5068 5147 5235 5429 4924 5489 5573 4974 5632 5563 5657 5125 5186 5519 5196 5070 5090 5442 5674 5930 5390 4948 5518 5154 4912 5369 5300 4390 5137 5318 5374 5291 5408 4718 5551 5468 5022 5693 5517 5185 5422 5172 5272 5483 5182 5265 5118 5149 4843 4753 5612 4876 5388 5577 5114 5193 4716 5278 5304 5652 4811 5056 5301 5116 5094 5427 5275 5062 4867 5118 4733 4922 5463 4952 4949 5226 5563 5127 5373 5485 4982 5549 5306 5191 5223 5201 4995 5200 5025 4854 5399 5399 5041 5164 5259 5118 5099 4886 5189 5377 5602 5106 5194 5136 5055 5500 5499 5187 5302 5019 5063 5238 5326 5570 5374 5690 5407 5489 4834 5222 5470 5557 4919 5145 5499 5297 5362 5161 5349 5286 5710 4610 5416 5169 5754 5441 5253 5196 5228 4781 4953 5444 4815 4707 5085 5332 4987 5121 
5379 5584 5322 5532 5432 5120 5562 5526 5301 5312 5683 5233 5442 5413 5138 5379 6089 5516 5354 5550 5073 5539 5641 5764 5691 5541 5322 5697 5611 5308 5125 5746 5486 5499 5458 5720 5616 5392 5201 5467 5466 5787 5250 5700 5787 5474 5559 5666 5525 5833 5541 5461 5220 5721 5471 5362 5718 5499 5133 5618 5527 6024 5072 5600 5821 5264 5347 5236 6047 5800 5616 5597 5070 5734 5260 5181 5744 5859 5332 5823 5397 5433 5236 5516 5591 5824 5533 5735 5645 5619 6203 5586 5289 5529 5159 5802 5411 5210 5642 5513 5595 5884 5493 5152 5432 5746 5409 5503 5067 5412 5733 5737 5218 5871 5760 5205 5897 5759 5793 5416 5606 5590 5533 5557 5107 5665 5813 5975 5643 5009 5798 5536 5468 5421 5292 5089 5321 5813 6186 5429 5664 5242 5746 5643 5225 5494 5923 5300 5415 5239 5624 5958 5730 5588 5520 5379 4935 5108 6130 5458 5348 5545 5381 5467 5287 5335 5642 5910 5687 5651 5784 5415 5462 5313 5823 5435 5187 5689 5099 5288 5390 5419 5484 5401 5663 5261 5923 5542 5205 5487 5557 5701 5357 5570 5162 5963 5693 5254 5595 5661 5271 5320 5602 5653 5652 5126 5472 5579 5886 5505 5656 5352 5339 5806 5379 5818 5316 5060 5397 5627 5422 5483 5927 5741 5661 5483 5350 5149 5781 5624 5182 5317 5557 5673 5921 5412 5613 5679 5880 4982 5427 5560 5984 5671 5725 5456 5521 5119 5333 5689 5451 5183 5084 5269 5403 5520 
4993 4854 4385 4596 5037 4567 5200 4901 4974 4538 5490 4823 5181 4721 5061 4478 5496 4993 5010 5033 4563 5344 5119 5216 4711 4462 5038 4912 5113 5170 4797 5424 4839 4800 5115 4910 5255 4803 4883 4662 4826 5095 4863 5346 4889 4889 5183 5136 5109 5227 5210 5033 4711 5375 4710 5027 5196 4572 4691 4937 5090 5366 4730 5096 5170 4990 5033 4887 5442 5131 5160 5079 4840 5256 4711 5042 5235 5162 5045 5049 4772 5220 4854 5090 5192 4960 4980 5062 5401 5145 5433 4884 4679 5002 5001 5214 4984 4856 4777 5440 5541 5174 4895 5046 4848 5125 4745 4906 4767 4884 4942 5228 4762 5302 5060 4682 5523 5388 5320 4816 4834 5122 5190 4971 4633 5271 5158 5190 4990 4841 5102 4725 5000 4934 5115 4270 4833 4938 5007 4858 5147 4731 5222 5076 4787 4973 4992 4906 5412 4847 4934 5358 5308 4958 5127 4781 4603 4573 5190 4866 4921 5134 5075 4980 4702 4813 5136 5307 5234 5034 4939 4943 4730 4816 4985 4873 4730 5097 4254 4744 5286 4566 4719 5139 5344 4899 5323 5190 4828 5053 4993 5011 5033 4948 4750 5181 5001 4788 5285 4971 4729 4782 5153 5086 4942 4622 4726 5112 5332 5075 4912 5024 4985 5106 5142 5160 5061 4806 4833 4985 5061 5187 5194 5357 5139 5479 4626 5102 5159 5335 4689 4702 5040 5077 5084 4979 4636 5378 5547 4433 5081 4837 5229 5005 5020 4860 5274 4530 4901 5438 5103 4526 4670 4902 4592 5178 
4951 4965 4570 4779 5075 4364 5139 5163 4940 4979 5190 4843 5024 4716 5050 4711 5262 5206 4773 5171 4561 5331 4947 5052 4833 4665 5036 5036 5147 4812 4870 5522 5016 4898 4990 4912 4960 4780 4807 4818 5011 5399 4820 5312 5152 4816 5088 5062 4913 5337 5257 5427 4511 5314 4787 4781 5138 5016 4724 4963 5244 5419 4846 5119 5252 4981 4850 4821 5531 5173 5019 4978 4603 5121 4631 5036 5153 5111 4938 5546 4548 5109 4603 5175 5286 5290 4614 4733 5253 5021 5579 4751 4710 4973 4955 5337 5123 4746 4869 5261 5357 5132 4760 5227 5127 5180 4697 4999 4621 5032 5244 5461 4897 5305 5021 5028 5271 5275 5279 4995 4823 4985 5131 4931 5077 5311 5129 5259 4934 4759 5114 4786 4827 4949 4760 4413 5106 5065 5146 5194 5147 4708 5019 5145 4679 5120 5256 4921 5096 4866 4859 5444 5051 4996 5001 4704 4681 4635 5163 4820 5059 5141 5072 5085 4671 4953 5186 5167 5105 5235 4785 5040 5216 5113 5229 5123 4938 5132 4421 4734 5181 4990 4783 5113 5066 4532 5078 5381 4707 4852 4985 4964 4943 5289 4889 4919 4951 4893 5451 5225 4901 4770 4933 4940 5170 4794 4940 5109 5399 4882 4875 4942 4683 5018 4794 5089 4793 4789 4566 5103 5000 5088 4984 5253 5240 5281 4706 4953 5470 5230 4732 4780 5004 5095 5212 4989 5066 5226 5411 4912 5007 5142 5146 4994 5087 5006 5020 5007 5102 5188 5083 4606 4831 5083 4735 5118 
4554 4740 4400 4833 4814 4417 4921 4844 4767 4723 5068 4564 4936 4645 4864 4525 5173 4995 4733 4988 4367 5038 4900 5136 5041 4656 4823 4618 4910 4694 4742 5060 4822 4883 5002 4747 4910 4616 4777 4958 4804 4829 4968 4872 4852 5001 4833 4968 4544 4839 4939 4851 4420 5301 4845 4998 4918 4492 4600 4903 4887 5214 4357 5007 5070 4841 4784 4536 5122 5076 5077 4624 4575 4901 4541 4441 4977 5093 4553 4915 4592 4918 4646 4944 5040 4848 4692 5014 4886 5095 5381 4606 4567 4901 4859 4947 4794 4539 4893 4874 4904 4946 4939 4888 4615 4931 4580 4626 4535 4597 5018 4865 4443 5219 5069 4512 5035 5174 5331 4909 4463 5110 4891 4877 4789 4806 5120 5383 4795 4335 5090 4689 4685 4845 4877 4367 4532 5208 4712 4811 5088 4467 5053 4721 4913 4863 5239 4912 4827 4647 4693 4966 4952 4717 4691 4737 4392 4569 5262 5044 4978 4888 4539 4789 4538 4690 4824 5376 4957 4910 4780 4888 4566 4722 5072 4878 4545 5040 4374 4577 4953 4916 4722 4788 4902 4560 5182 4908 4333 4633 4664 4543 4682 4716 4860 4884 4772 4541 5151 4903 4595 4719 4758 4672 4879 4413 4935 4830 5088 4622 4809 4747 4390 5239 4779 4935 4636 4395 4298 4765 4575 4927 4787 4969 4808 4856 4375 4603 4717 5015 4509 4657 4857 4503 4917 4604 4710 4845 5051 4317 4914 4768 5009 4664 4824 4927 4800 4581 4740 4766 4600 4805 4672 4552 4730 4929 
5288 5173 4906 5281 5297 4911 5233 5331 5221 5027 5770 4997 5271 4915 5455 4706 5715 5271 5376 5393 4811 5587 4965 5720 5270 5135 5269 5420 5204 4922 4947 5995 5457 5322 5083 5363 5489 4989 5043 5150 4945 5444 5298 5333 5450 5189 5476 5510 5235 5528 5465 5434 4774 5528 5297 5535 5197 4759 4992 5199 5339 5298 5135 5288 5401 5078 5407 5053 5671 5515 5323 5439 4781 5535 5129 4943 5545 5666 5367 5434 5084 5418 4828 5628 5293 5178 5099 5505 5576 5623 5640 4917 5058 5312 5067 5659 5323 5033 5392 5510 5601 5477 5206 5311 5222 5637 5331 5395 4964 5268 5287 5627 5021 5430 5696 5005 5748 5452 5628 5128 5216 5496 5387 5256 4896 5551 5600 5841 5388 4925 5475 5045 5167 5265 5490 4831 5213 5644 5278 5431 5540 4943 5416 5333 4927 5585 5635 5209 5475 5228 5264 5691 5575 5060 5309 5177 4869 4831 5636 5145 5258 5530 5419 5208 5044 5344 5648 5697 5396 5550 5052 5301 5500 5058 5506 5326 5070 5304 4540 5159 5275 5248 5018 5309 5358 5012 5458 5474 5283 5293 5286 5234 5308 5251 4903 5323 4977 5010 5349 5251 5217 5358 5284 5443 5211 4855 5314 5394 5512 5239 5339 5166 5160 5553 5375 5292 5077 4997 5045 5018 5261 5631 5501 5577 5611 5708 5129 4990 5521 5407 4907 5061 5648 5423 5407 5370 5026 5670 5753 4767 5161 5350 5567 5524 5222 5028 5239 4970 5336 5606 5109 5069 5092 5041 5098 5359 
4844 4968 4666 4946 4705 4293 4916 4966 4894 4578 5167 4633 4942 4495 4605 4920 4997 4960 4635 4920 4629 5175 5158 5161 4631 4801 4767 4844 4592 4699 4696 5075 4746 4783 4605 4600 4986 4458 4633 4644 4559 4870 4576 4967 4683 4785 5083 4875 4742 5130 4774 5055 4745 4831 4870 4840 5165 4533 4582 4842 5029 5090 4556 4860 4962 4851 5029 4784 5186 5071 5001 4836 4672 5039 4607 4643 4894 5013 4613 5077 4629 4778 4756 4849 4848 4806 4781 5178 4975 5154 5173 4685 4699 5031 4786 4966 4727 4698 4557 5009 5052 5098 4847 4720 4774 5245 4488 4820 4398 4700 4837 5133 4576 5136 4808 4552 5126 5034 4982 4691 4761 4890 4730 4567 4680 5056 5125 5389 5183 4417 4898 4616 4566 4808 4478 4235 4845 4852 5013 5004 5105 4504 4837 4893 4923 4936 5140 4912 4892 4589 4883 4937 4997 5045 4646 4521 4361 4446 5273 4650 4813 5069 4669 4808 4522 4643 4896 5391 4542 4748 4993 5023 4792 4760 4997 4797 4727 5007 4418 4670 4900 4708 4447 4756 5196 4382 4981 4865 4640 4841 4803 4663 4718 4901 4680 4948 4638 4412 4848 5002 4795 4570 4869 4891 4951 4457 4624 5089 5238 5108 4715 4430 4784 4951 4732 4680 4784 4663 4629 4997 4986 4739 5105 5142 4942 4887 4497 4715 5055 5236 4641 4455 4895 4945 4902 4711 5094 4734 5106 4199 4675 4658 5220 4901 4726 4776 4802 4601 4878 4587 4788 4847 4756 4821 4642 5074 
4476 4983 4468 4753 4923 4381 4582 4859 4653 4653 4866 4677 5021 4452 4796 4755 5188 5009 4444 4929 4409 5029 4966 4865 4765 4667 4859 4816 4665 4704 4444 5154 4779 4771 4792 4711 4941 4476 4694 4693 4792 4686 4604 4916 4899 4768 4939 4733 4530 4790 4802 4999 4212 4840 4913 4642 4811 4488 4534 4740 4649 5031 4541 4939 4739 4712 5066 4389 5422 4872 5105 4781 4494 5029 4277 4578 4718 4889 4675 5086 4511 4756 4644 4819 4738 4660 4476 4864 4818 5090 5192 4535 4563 4944 4796 4809 4920 4546 4894 4904 5094 4882 4822 4840 4554 4847 4490 4560 4560 4623 5046 5045 4387 5097 4869 4648 5119 5122 5195 4684 4419 4860 4856 4802 4592 4755 5252 4980 4720 4578 5154 4677 4671 4763 4678 4163 4449 4825 4902 4601 5060 4575 4779 4895 4722 5060 4971 4592 4930 4640 4491 5050 4569 4724 4692 4349 4389 4440 5302 4808 4891 4855 4582 4831 4472 4525 4741 5208 4796 4744 4819 4720 4879 4693 4986 4528 4601 4936 4385 4567 4794 4768 4170 4768 5099 4437 4702 4715 4378 4651 4841 4657 4624 4904 4453 4773 4632 4404 4836 5049 4562 4821 4563 4569 4756 4494 4620 4809 5008 4808 4913 4691 4672 5056 4670 4790 4634 4428 4598 4744 4617 4825 4847 4961 4795 4778 4164 4407 4663 4993 4608 4653 4983 4965 4839 4680 4743 4971 4919 4521 4659 4731 5068 4942 4703 4721 4638 4375 4853 5053 4777 4497 4682 4469 4641 4822 
5475 5451 5319 5427 5706 5142 5504 5532 5510 5618 5798 5450 5405 5105 5252 5286 5884 5934 5526 5566 4981 5789 5593 6234 5206 5545 5351 5620 5592 5435 5267 5789 5230 5515 5493 5418 5523 5222 5396 5651 5313 5713 5249 5792 5719 5749 5722 5983 5136 5705 5554 5471 4977 5742 5625 5445 5842 5199 5229 5340 5728 5739 5240 5540 5710 5127 5547 5347 5835 5786 5751 5837 4885 5733 5197 5148 5476 5894 5264 6004 5456 5715 5166 5548 5604 5740 5537 5680 5768 5783 6244 5183 5406 5818 5352 5789 5480 5197 5490 5727 5663 5836 5298 5435 5443 5840 5266 5467 5214 5448 5864 5831 5273 5731 5830 5390 6099 5893 5928 5428 5512 5788 5661 5487 5373 5718 5932 5927 5654 5347 5664 4992 5507 5348 5426 5048 5391 5987 5814 5458 5956 5307 5935 5709 5345 5522 5877 5418 5599 5542 5798 5811 5583 5713 5600 5310 4961 5215 6019 5539 5315 5759 5389 5473 5449 5548 5543 6027 5480 5508 5493 5562 5581 5422 5640 5552 5148 5750 4887 5478 5569 5478 5253 5601 5907 5475 5744 5575 5340 5575 5513 5601 5234 5544 5229 5757 5659 5073 5863 5890 5515 5430 5689 5408 5656 4931 5585 5646 5989 5573 5410 5618 5480 5837 5562 5533 5372 5338 5358 5564 5292 5674 5641 5765 5838 5639 5204 5417 5886 5700 5442 5475 5731 5494 5643 5596 5450 5498 6037 5057 5630 5542 5885 5790 5285 5191 5593 5135 5651 5718 5295 5289 5327 5456 5406 5529 
5407 5501 4917 5426 5507 4718 5302 5515 5492 5425 5843 5215 5418 5265 5349 5308 5585 5507 5151 5611 5019 5852 5440 5567 5181 5260 5313 5571 5484 5210 5095 5933 5524 5338 5508 5431 5460 5077 5084 5289 5326 5328 5135 5405 5340 5286 5616 5566 5248 5502 5778 5437 4935 5671 5315 5259 5623 5162 5174 5441 5601 5333 4965 5444 5807 5338 5727 5251 5610 5671 5605 5465 4858 5479 4997 5029 5473 5614 5306 5507 5195 5621 5235 5481 5416 5350 5029 5675 5636 5858 5756 5353 5122 5467 5300 5757 5687 5006 5489 5480 5752 5685 5337 5430 5196 5203 5138 5341 5254 5530 5372 5708 5068 5528 5885 5171 6009 5671 5968 5408 5227 5516 5371 5573 5451 5474 5630 5866 5663 4977 5647 5453 5389 5300 5472 4775 5133 5645 5527 5513 5555 5012 5522 5479 5301 5643 5524 5626 5451 5228 5382 5533 5258 5511 5170 5242 5015 4991 5892 5351 5418 5740 5210 5505 5156 5493 5593 5741 5529 5376 5241 5407 5286 5428 5659 5622 5008 5602 5006 5173 5549 5312 5328 5574 5532 5237 5791 5437 5186 5404 5162 5181 5495 5284 5193 5354 5671 5093 5681 5602 5180 5169 5343 5326 5375 4929 5520 5275 5557 5479 5179 5307 5386 5737 5564 5433 5481 5318 5123 5357 5644 5534 5554 5783 5915 5573 5199 5403 5494 5546 5034 5193 5716 5476 5280 5402 5385 5307 5597 4816 5436 5281 5897 5549 5476 5226 5575 4928 5394 5385 5011 4833 5044 5464 5421 5375 
5152 5045 4805 4803 5192 4493 5125 5303 4952 5069 5338 4829 5185 4785 5163 5048 5459 5533 4835 5123 4749 5078 4978 5360 4935 4780 4846 4824 4793 5006 4873 5369 4906 5159 4998 5076 5007 5028 5033 5076 5039 4966 4882 5071 5178 4945 5130 5525 4994 5288 5056 5043 4591 5361 5033 5095 5341 4741 4985 5167 5374 5090 4713 5302 5436 4804 5280 4814 5422 5461 5239 4892 4653 5358 4684 4883 5298 5407 4968 5297 4947 5069 4790 5051 5148 5081 4747 5387 5481 5247 5634 4941 4699 5303 4807 5246 5268 5114 5108 5296 5348 5253 5131 5057 5026 5225 4804 4811 4893 5025 5344 5255 4895 5240 5238 4875 5653 5384 5546 4652 4886 5298 4904 5202 5015 5014 5408 5406 5172 4933 5538 5041 5072 5050 4941 4480 4760 5011 5290 5135 5468 4993 5211 5078 4883 5534 5258 4990 5033 5188 4892 5537 5328 5178 5137 4884 4718 4849 5380 5055 5169 5390 4807 5248 4857 4915 5246 5481 5033 5092 5203 5092 5102 5141 5443 5073 4800 5265 4321 4708 5177 5061 4961 5108 5231 4695 5208 5281 4886 4779 4930 4976 4915 5116 4811 5210 5188 4514 5260 5173 4883 4907 5310 5021 5150 4781 5000 5011 5376 4979 5266 5011 5054 5231 4852 5152 5032 4850 4935 5069 5002 5333 5445 5755 5377 5252 4917 4940 5380 5403 4863 4821 5114 5224 5282 5197 5075 5169 5335 4784 4949 5100 5353 4967 5211 4967 5170 4642 5172 5534 4947 4740 4884 4899 5028 4759 
4874 4716 4472 4826 5001 4446 4960 4960 4964 4937 5152 4674 5040 4820 4971 4564 5213 5031 4836 5178 4573 5096 4910 5020 4769 4639 4969 4794 5068 5010 4802 5354 4950 5084 4984 4874 4906 5013 4891 4826 5077 5058 4704 5034 5145 4876 4924 5037 5059 5154 5068 4962 4690 5183 4908 4851 5048 4774 4646 5058 5077 4935 4511 5097 5131 4794 5044 4847 5261 5126 5069 5004 4581 4864 4571 4885 5054 5250 4786 5469 4898 5116 4739 5119 5037 4922 5010 5010 5398 5091 5638 4923 4696 4745 4899 5180 4970 4539 4893 5089 5232 5504 4679 4963 4981 5202 4798 5029 4588 5099 5154 5403 4715 5101 5022 4878 5451 5260 5466 4735 4929 5035 4865 4791 4915 4828 5239 5319 4974 4769 5030 4826 4964 5082 4975 4387 4650 5321 5040 5133 5168 4894 5091 5167 4903 4962 5258 5028 4980 4808 4800 5302 5223 4943 4975 4559 4410 4730 5349 4909 4916 5279 4728 5028 4407 4597 5191 5312 5010 4841 5350 4876 5034 4934 5289 4984 4781 5282 4401 4780 5294 4852 4783 5149 5001 4604 5172 5313 4855 4852 4843 4823 5090 4888 4854 4991 4901 4658 5153 5313 4598 4898 4959 4810 4900 4747 4974 5176 5303 4861 4940 4786 4640 5149 4981 5135 5158 4545 4702 5074 5133 5211 5219 5383 5298 5117 4534 4781 5023 5252 4812 4766 5192 4809 5143 5038 4969 5089 5179 4646 4995 4691 4917 4839 5066 4998 5068 4700 4769 5064 4825 4776 4748 4758 4907 5293 
5037 4966 4552 4594 4759 4700 5130 4877 5013 4750 5244 4699 4877 4892 4901 4633 5130 5049 4763 5193 4611 5170 5025 4947 5028 4747 4750 4708 4797 4978 4667 5192 4996 4880 5048 4796 5003 4791 4600 4548 4786 5007 4810 4912 5018 5008 5192 5072 4713 5300 4847 4875 4577 4897 4691 4836 5001 4682 4674 4799 4927 4927 4676 4747 5171 4896 5105 4770 5028 5195 4829 4801 4741 5175 4193 4743 4816 5358 4602 5080 4657 4766 4673 4929 4884 4833 4932 5155 5100 5066 5274 4714 4703 5141 4762 4820 4735 4733 4958 5019 5526 5103 4807 4863 4749 5072 4608 4555 4781 4801 4824 5012 4399 5281 4944 4516 5257 4955 5220 4577 4854 5113 5028 4721 4766 5179 5407 5345 4837 4813 5050 4573 4647 4704 4744 4414 4701 5011 5001 4935 5216 4711 5045 4951 4673 4964 5272 4821 4878 4683 5273 5104 4970 5052 4655 4663 4552 4636 5097 4466 4969 5095 4381 4666 4579 4824 4895 5215 4668 4755 5045 4738 4994 4787 5083 4989 4691 5216 4185 4633 4854 4944 4770 5014 5025 4817 4912 5129 4910 4867 4687 4754 4733 5009 4549 4893 4587 4669 5107 4947 4942 4671 4912 4680 4947 4459 4819 4927 5278 4641 4885 4933 4668 5057 4851 5047 4710 4351 4861 4705 4826 5026 5042 5103 5260 5053 4635 4724 4982 5048 4761 4752 5004 4948 4807 4792 4945 5193 5032 4521 5095 4748 5255 4718 4889 4948 4963 4414 4781 4977 4763 4601 4723 4999 4803 4900 
5069 5403 4825 4749 5076 4558 5226 5110 5070 4960 5601 5098 5062 4889 4968 4842 5412 5366 5239 5073 4603 5558 5105 5256 5030 5003 4946 5211 5043 5223 4975 5446 5208 5083 5245 5247 5230 4992 5191 4813 4937 5185 5031 5402 5025 5227 5123 4968 5043 5612 5365 5369 4867 5028 5013 4916 5414 4750 4702 4995 5215 5468 4801 5072 5291 5240 5197 5083 5597 5446 5090 5219 4773 5379 4732 4973 5159 5576 4993 5501 4961 5317 4833 5232 5183 5076 4991 5327 5490 5627 5450 4887 4950 5204 4921 5433 5172 4884 4929 5689 5498 5462 4928 5183 5085 5223 4983 5061 4780 5049 5174 5583 4879 5392 5387 4828 5490 5160 5344 5123 5047 5294 5198 4951 4745 5348 5683 5559 5403 4661 5208 5006 5030 5092 4960 4412 5047 5406 5271 5185 5338 4883 5318 5488 4796 5352 5383 4971 5403 5122 5212 5247 5250 4967 5098 4735 4767 4709 5327 4756 5154 5245 5194 4941 4897 5004 5294 5415 5095 5268 5074 5089 5192 5128 5379 5047 4957 5249 4393 4847 5173 5025 4790 4958 5209 5030 5005 5433 5200 5227 5073 5059 5090 5207 4901 5136 5191 4705 5213 5213 4978 4979 4986 4986 5258 4680 4979 5422 5523 4875 4966 4972 4944 5260 5129 5154 4897 4947 5072 4991 4998 5290 5541 5213 5369 5363 4857 4942 5246 5375 4934 4965 5240 5328 5141 5150 5218 5519 5597 4750 5167 4869 5349 5353 5258 5057 5118 4742 4947 5387 5051 4641 5153 5080 4985 5377 
4970 5202 4731 5230 5039 4709 5198 5353 4847 5076 5399 4916 5063 4728 5039 4656 5486 5159 4847 5452 4620 5393 4977 5595 4881 4724 5073 5055 5085 5096 4934 5496 5176 5315 5326 4895 5494 4775 4733 4808 5184 5247 4812 5106 4929 5046 5338 5378 4956 5190 5176 5249 4467 5381 5025 5039 5336 4855 4701 5156 5332 5236 4866 5190 5135 4876 5301 4916 5695 5437 5121 5120 4758 4971 4836 4937 5300 5432 4921 5233 4868 5100 5166 5167 5162 5029 5111 5451 5187 5275 5541 4890 4879 5082 4752 5492 5128 4913 5076 4915 5332 5226 5099 5048 5002 5390 4913 5034 4852 5067 5083 5337 4765 5327 5260 4833 5494 5475 5613 4953 5043 5255 5275 4915 4988 5249 5416 5382 5196 4811 5544 5066 5039 5114 4858 4739 4858 5179 5375 4970 5550 4894 5488 5397 4806 5084 5482 5039 4913 5042 5069 5372 5103 4944 4878 4893 4572 4798 5581 4858 4893 5420 4899 5322 4742 5169 5228 5240 5017 5376 5221 5211 5226 5121 5285 5106 4640 5162 4397 4842 5323 4833 4728 5177 5299 4721 5155 5003 4927 4911 5417 5300 5001 5370 5032 5240 4861 4746 5252 5358 5034 4888 5338 5181 5261 4771 5106 4948 5451 5047 5243 5060 5052 5340 5022 4908 4815 4760 4885 5415 5024 5415 5109 5413 5369 5357 4727 4855 5394 5309 4740 4864 5130 5092 5286 5120 5187 5075 5291 4751 5202 4792 5413 4812 5302 4598 5216 4926 5282 5367 4980 4827 4798 5288 5303 4886 
5267 5351 4737 5051 5278 4957 5262 5156 5197 5046 5608 4959 5071 5024 5207 5082 5691 5384 5052 5299 4892 5505 5419 5294 5184 5088 5059 5122 5069 5177 4667 5682 5193 5377 5266 4918 5469 4984 4877 5247 5050 5269 5455 5209 5343 5207 5350 5503 4982 5273 5293 5430 5059 5444 5146 5172 4932 4990 4965 5029 5335 5264 4978 5472 5318 4985 5428 4763 5555 5477 5291 5283 5048 5474 4789 5036 5217 5489 5013 5339 5142 5161 5122 5591 5444 5187 5246 5503 5308 5713 5423 5357 5184 5393 5123 5203 5162 5081 5128 5269 5630 5545 4982 5214 5218 5450 4903 5123 5154 4990 5367 5063 4942 5598 5318 5054 5555 5474 5205 5196 5307 5361 5334 5134 5039 5429 5409 5720 5264 4802 5668 5029 4961 5325 5137 4750 5243 5566 5599 4985 5444 4965 5328 5323 5190 5278 5585 5172 5296 5099 5332 5308 5161 5295 5331 4886 4739 4911 5667 5167 5276 5417 5018 5048 4773 5206 5160 5516 5517 5152 5520 5171 5253 5206 5465 5387 4787 5397 4640 5080 5378 5089 5060 5067 5425 5004 5523 5460 4971 5128 5136 5300 5080 5143 4886 5271 4952 5006 5367 5368 5075 5174 5419 5270 5294 4966 5215 5363 5521 5193 5269 5066 5122 5328 5239 5368 5329 5098 5134 5175 5195 5274 5474 5358 5277 5478 4886 4945 5536 5318 4925 5179 5417 5416 5280 5104 5155 5622 5442 4846 5284 5282 5525 4945 5446 5187 5033 4844 5435 5486 4932 5157 5195 5136 5088 5404 
5156 5510 4563 5110 5154 4833 5130 5252 5170 4992 5424 4949 5504 4961 5142 5143 5379 5383 5151 5090 5004 5188 5079 5126 4867 5090 5093 5221 5110 5240 4752 5618 5004 5279 4932 5212 5226 4842 4840 5180 5141 5370 4870 5376 5152 5056 5500 5174 5101 5379 5307 5432 4839 5304 5074 5203 5408 4766 5046 5345 5368 5495 4972 5255 5468 5166 5176 5086 5579 5342 5195 5076 4892 4972 4692 4861 5265 5522 4868 5505 5028 5514 5004 5559 5255 5266 5189 5153 5182 5606 5570 4865 5019 5404 5294 5425 5401 5161 5241 5238 5387 5425 5175 5241 5197 5279 5113 4934 5101 5108 5155 5366 4816 5516 5525 4896 5737 5373 5448 4994 4972 5358 5421 5134 4972 5185 5554 5654 5440 5006 5508 5047 5224 5083 5130 4675 5190 5474 5485 5183 5531 4824 5319 5355 5109 5304 5182 4873 5278 4851 5331 5542 5203 5196 5176 4703 4566 4970 5649 4843 5010 5397 5062 5102 4797 5075 5348 5673 5170 5330 5373 5283 4983 5128 5152 5256 5012 5359 4495 4840 5150 4943 4667 5206 5581 4702 5600 5324 5021 5192 5589 5043 5193 5392 4890 5245 5320 4995 5307 5425 5086 5002 5241 5109 5235 4596 5229 5251 5530 5149 5225 4997 5004 5454 5038 5059 4844 4963 5036 5365 5147 5426 5333 5309 5298 5283 4950 5000 5398 5199 5158 4884 5177 5483 5228 4944 5125 5574 5475 4666 5397 5232 5525 5180 5204 5077 5252 4688 5123 5370 5054 4850 5107 5267 5036 5367 
4971 5021 4656 4823 5217 4651 5159 4979 5076 4916 5142 4895 5129 4971 4975 5062 5533 5487 5064 5145 4612 5343 4947 5268 4771 4697 4891 4860 5118 5176 4912 5233 4891 4908 5056 4788 5171 5076 4693 5143 5026 5102 5153 4816 5243 4974 5326 5323 5014 5290 5443 5272 4699 5666 5255 4964 5131 4820 4879 5008 5279 5224 4554 5146 5094 4842 5003 4843 5606 5131 5180 4903 4642 5202 4945 4749 5013 5232 5030 5398 4762 5271 4937 5295 5305 4837 5044 5107 5334 5361 5889 4873 4739 5262 4910 5246 5220 4810 4822 5270 5217 5302 5176 5229 5152 5103 4734 5071 4729 5086 5237 5330 4857 5122 5243 4867 5481 5466 5155 5169 5000 5216 5299 5007 4972 5009 5313 5428 5152 4954 5357 4825 4715 5093 4932 4583 4870 5472 5246 5206 5599 4859 5250 5154 5000 5187 5142 4825 5108 4840 5334 5583 5028 5256 5265 4943 4448 4945 5693 4979 5040 5437 4898 5237 5000 5200 5075 5441 5254 5526 5315 5283 4737 4740 5217 5076 5155 5204 4453 4696 5300 4862 5037 5028 5261 4629 5370 5292 4859 4715 5394 5031 4852 4931 4806 5003 5103 4619 5135 5259 5006 5175 5268 5129 5285 4853 4966 5107 5397 5011 5166 5224 4949 5300 5026 4979 4921 4785 4785 5126 5087 5063 5282 5736 5177 5489 4816 4952 5407 5343 5061 4848 5506 4997 5115 5157 4904 5344 5447 4544 5125 5063 5273 5100 5104 5088 5100 4799 5385 5357 4931 4885 4799 5064 4746 5191 
4638 4674 4389 4624 4834 4334 4933 4898 4875 4848 5113 4589 4711 4507 4665 4584 5190 4856 4633 4929 4522 4961 4885 4902 4768 4662 4694 5084 4938 4555 4330 5199 4599 4715 4920 4790 4803 4501 4306 4557 4758 4972 4381 4939 4810 4902 5086 5052 4301 4772 4950 5035 4353 4800 4576 4581 5015 4491 4250 4723 5010 4771 4497 4726 4951 4742 5015 4522 4734 4753 4801 5008 4576 4644 4566 4445 4923 4967 4440 5003 4517 4732 4582 4618 4596 4683 4620 4762 4717 5034 5171 4676 4716 4971 4837 4754 4815 4434 4785 4855 4967 5024 4459 4737 4600 4951 4541 4412 4485 4530 4678 4509 4489 5012 4776 4507 5063 5004 4936 4524 4553 5032 4877 4995 4710 4826 4840 5191 4929 4570 4957 4669 4745 4873 4764 4282 4647 4990 4747 4846 4869 4316 4829 4793 4582 4870 4891 4699 4728 4614 4597 5041 4456 4942 4704 4565 4373 4282 5045 4726 4576 5064 4561 4830 4618 4449 4968 5016 4795 4745 4850 4754 4541 4408 4937 4838 4358 5127 4393 4353 4896 4769 4702 4687 4941 4443 5158 4956 4490 4942 4515 4628 4625 4700 4481 4783 4732 4658 5092 4753 4696 4679 4932 4837 4881 4448 4627 4485 4940 4710 4768 4846 4464 5042 4700 4885 4722 4544 4601 4705 4743 5033 4822 4687 5032 4960 4476 4643 5084 4727 4815 4731 5003 4897 4623 4812 4768 4641 4980 4270 4892 4645 5038 4563 4921 4735 4809 4289 4766 4802 4478 4433 4308 4820 4767 4735 
5162 5232 4970 4964 5277 4866 5372 5269 5079 5154 5264 5081 5090 5037 5277 4793 5451 5465 5063 5455 4565 5729 5122 5426 5018 4950 5199 4955 5030 5259 4916 5624 5130 5216 5102 5072 5346 4936 5035 4957 5184 5493 4880 5067 5174 5234 5174 5321 5055 5392 5233 5497 4606 5295 5196 4989 5288 4978 4738 5149 5108 5422 4976 5256 5378 5075 5254 5262 5760 5591 5320 5000 4842 5206 4685 4939 5242 5318 4988 5417 4992 5438 4914 5210 5267 5343 4887 5399 5298 5431 5636 4777 4971 5369 5052 5456 5207 4983 4927 5446 5367 5173 5106 5394 5120 5264 4729 4910 4908 5119 5333 5648 4994 5361 5297 4948 5435 5297 5448 5003 4930 5149 5319 5280 5092 5541 5349 5555 5456 4890 5868 5016 4927 5192 5078 4727 5031 5299 5408 5015 5464 4856 5288 5494 5147 5528 5575 4863 5265 5100 5194 5440 5028 5242 5045 4995 4665 5019 5419 5122 5285 5587 5204 5185 4831 5157 5370 5412 5169 5201 5280 5283 5201 5300 5376 5039 5068 5266 4649 5040 5448 4994 5129 5042 5444 4977 5422 5531 5158 5314 5202 5092 4904 5100 4900 4919 5192 4681 5190 5451 5128 5164 5458 5195 5239 4942 5088 5142 5384 5013 4977 4937 5000 5656 5249 5326 5097 4939 4801 5023 5220 5374 5369 5831 5038 5566 4662 5065 5424 5416 4678 4900 5586 5370 5189 5062 5145 5200 5614 4770 5241 5064 5473 5149 4951 4792 5080 4863 5270 5542 4935 4768 4818 5276 4750 5261 
4945 4919 4417 4928 5156 4526 5144 5153 4914 4924 5113 4978 4973 4610 5094 4706 5392 5154 4864 5369 4585 5358 5135 5399 5239 4820 5156 5057 5319 5070 4747 5476 5288 4735 5347 4929 5119 4773 4946 4840 4980 5132 4664 4977 5178 5067 5293 5269 4973 5469 5106 5250 4624 5473 4990 4954 5198 4922 4985 5016 4903 5209 4606 5127 5130 4839 5101 4666 5737 5252 5110 4846 4673 5225 4679 5001 5337 5345 4835 4950 4886 5044 5135 4957 4898 4781 4744 5418 5167 5555 5374 5026 4938 5170 5030 5139 4969 4880 5102 4806 5229 5368 4678 4948 4918 5324 4695 5012 4751 4944 5085 5311 4562 5471 5115 4789 5389 5496 5478 4797 5106 5190 5177 5080 4884 5029 5098 5452 5191 4633 5394 4692 4902 5007 4977 4584 5011 5508 5125 5085 5330 4703 5144 5403 5061 5107 5429 5064 5213 4662 4882 5340 5110 5259 5136 5029 4564 4810 5281 4919 4911 5313 4725 5130 4662 5106 5018 5158 5061 5209 5205 5120 5230 4977 5346 5031 4742 5232 4663 4957 5111 5204 4924 5044 5154 4868 5249 5134 4812 4973 4922 5078 4824 4997 4923 4954 5008 4573 5161 5323 5143 5072 5119 5027 5329 4803 4897 5151 5315 5044 4949 4989 4831 5214 5126 5404 4930 4751 4805 5245 5218 5072 5120 5343 5145 5469 4568 4970 5278 5337 4927 4810 5170 5180 4945 4897 4925 5258 5400 4718 5020 5091 5181 5009 5306 4948 5181 4745 5194 5077 4815 4816 4521 4883 4963 5035 
5423 5602 5053 5293 5419 5166 5234 5255 5229 5308 5788 5458 5444 5177 5347 5097 5961 5645 5273 5824 4950 5881 5586 5833 5292 5395 5373 5467 5628 5639 5001 5829 5517 5478 5416 5252 5553 5253 5302 5317 5452 5515 5126 5513 5698 5417 5530 5697 5232 5554 5248 5552 5088 5620 5177 5608 5652 5328 5251 5496 5564 5545 5195 5478 5673 5370 5677 5250 5753 5851 5437 5359 5140 5588 4961 5185 5670 5718 5056 5548 5376 5551 5323 5623 5516 5141 5211 5677 5606 5716 5989 5081 5087 5547 5234 5663 5694 5040 5487 5517 5739 5888 5496 5356 5405 5701 5135 5528 5234 5332 5350 5768 5171 5756 5611 5335 5761 5864 5557 5268 5329 5715 5312 5569 5254 5541 5699 5796 5774 5144 5755 5192 5263 5404 5340 5027 5450 5730 5692 5382 5923 5231 5661 5717 5404 5722 5941 5328 5689 5492 5681 5749 5515 5559 5458 5072 5079 5149 5784 5311 5197 5918 5183 5714 5245 5430 5735 5696 5476 5200 5578 5400 5511 5557 5837 5394 5290 5807 5016 5105 5396 5470 5473 5692 5526 5247 5917 5460 5141 5451 5318 5662 5465 5442 5120 5442 5648 5011 5561 5774 5621 5241 5578 5402 5629 4899 5633 5557 5571 5451 5281 5301 5210 5730 5433 5632 5278 5363 5314 5458 5439 5541 5487 5728 5894 5876 5134 5423 5403 5466 5158 5269 5635 5564 5642 5621 5486 5406 5714 5061 5642 5501 5848 5404 5587 5385 5506 5006 5561 5671 5103 5123 5263 5417 5275 5367 
5139 5406 4915 5021 5222 4857 5199 5103 5194 5027 5174 5029 5075 4546 5104 4743 5574 5258 4915 5321 4703 5670 4993 5298 5088 5087 4856 5251 5215 5020 4992 5639 5231 5299 5223 5208 5305 4923 5002 4868 5054 5500 5173 5282 5196 5199 5542 5403 5222 5307 5315 5231 4725 5331 5157 5096 5431 5037 4692 5154 5323 5253 4777 5437 5351 5138 5499 5016 5779 5348 5199 5239 4788 5049 5011 5017 5381 5363 5068 5256 4971 5189 5027 5235 5101 5059 5175 5344 5344 5570 5568 5076 5112 5322 5138 5564 5252 5190 5374 5402 5381 5439 5262 5242 5088 5248 4982 5071 4888 5209 5169 5684 5100 5395 5231 4975 5978 5381 5620 4910 5121 5586 5406 5198 5179 5241 5511 5766 5328 5002 5605 4940 5070 5350 5073 4769 5008 5588 5582 5344 5496 5216 5619 5340 5024 5659 5425 5110 5360 5182 5237 5399 5368 5345 5320 5147 4795 4813 5763 5029 5198 5525 5160 5429 4872 5103 4946 5489 5346 5305 5230 5073 5217 5363 5507 5095 4985 5424 4840 5087 5339 5203 4865 5329 5499 4879 5413 5185 4919 5367 5405 5271 5096 5062 5184 5035 5049 4923 5111 5557 5145 5183 5146 5010 5270 4904 5210 5373 5721 5008 5223 5156 4725 5395 5301 5223 5244 5069 5111 5149 5291 5432 5270 5333 5600 5249 4833 5113 5214 5461 4886 5164 5324 5169 5228 5246 5219 5279 5722 4768 4891 5065 5553 5460 5457 4958 5212 4861 5126 5449 5041 5020 5005 5008 5037 5296 
5206 5352 4905 4936 5312 4857 5446 5251 5118 5131 5650 5030 5226 5050 5432 5029 5639 5636 4955 5336 5001 5811 5219 5543 5064 4994 5196 5298 5205 4983 4969 5700 5261 5060 5262 5314 5252 4899 4861 5150 4947 5447 5237 5204 5275 5384 5375 5158 5184 5595 5390 5417 5067 5439 5315 5067 5557 4957 4976 5247 5368 5430 4801 5361 5392 5358 5327 5186 5906 5358 5522 5305 5089 5517 4792 5030 5313 5627 5252 5535 4872 5292 4929 5601 5279 5236 4973 5311 5496 5656 5667 5158 5193 5431 5146 5459 5220 4999 5127 5341 5727 5491 5126 5398 5068 5652 5060 5167 4966 5026 5373 5511 5040 5368 5528 5055 5554 5437 5238 5193 5000 5304 5038 5136 4954 5638 5576 5711 5260 5008 5613 5046 5121 5372 5211 4609 5269 5512 5436 5425 5564 4894 5424 5262 5201 5590 5495 5060 5574 5009 5220 5519 5282 5296 5200 5218 5105 4695 5983 4940 5313 5358 5143 5226 5091 5344 5283 5595 5313 5180 5164 5245 5199 5145 5511 5227 4787 5264 4702 4934 5364 5343 4962 5222 5530 4881 5409 5395 4961 5210 5339 5506 5134 5254 4975 5089 5241 4877 5278 5359 5200 5222 5314 5143 5242 4814 5364 5059 5630 5382 5002 5252 4995 5487 5478 5246 5302 4870 5066 5007 5378 5495 5554 5507 5558 5691 4998 5209 5353 5553 4873 5182 5421 5317 5355 5157 5317 5590 5710 4392 5473 5185 5539 5335 5320 5281 5092 4782 5223 5400 4829 4902 5062 5121 4776 5497 
5309 5415 5022 5058 5165 4967 5376 5297 5612 5470 5613 4934 5561 5126 5229 5244 5739 5756 5438 5396 5052 5471 5355 5575 5183 5281 5225 5558 5320 5520 5349 5657 5388 5521 5527 5357 5358 5150 5267 5315 5350 5560 5375 5648 5368 5458 5654 5397 5409 5635 5415 5353 4983 5415 5263 5358 5422 5084 5224 5435 5295 5496 5067 5554 5618 5375 5619 5183 5734 5574 5332 5359 4897 5415 4913 5390 5657 5677 5060 5792 5294 5430 5235 5550 5498 5307 5378 5500 5566 5701 6104 5347 5131 5658 5209 5793 5429 5241 5540 5635 5644 5576 5390 5194 5186 5555 5211 5028 5253 5201 5653 5595 5191 5720 5535 5246 5907 5674 5722 5479 5142 5582 5518 5005 5288 5438 5754 5825 5307 5116 5653 5138 5189 5611 5277 4717 5244 5704 5689 5380 5748 5044 5441 5394 5143 5490 5527 5248 5491 5302 5402 5815 5336 5581 5268 4953 4967 4941 5679 5391 5395 5583 5200 5355 5319 5229 5488 5575 5363 5514 5655 5283 5422 5500 5573 5281 4870 5597 5033 5207 5502 5275 5312 5340 5586 5289 5654 5649 5252 5280 5774 5624 5151 5426 5045 5445 5397 5058 5488 5782 5301 5566 5439 5236 5485 4995 5351 5373 5925 5080 5377 5452 5346 5769 5411 5449 5188 5192 5220 5302 5267 5537 5391 5700 5619 5335 4929 5199 5492 5867 5219 5207 5504 5445 5293 5427 5423 5604 5685 5051 5482 5345 5717 5460 5648 5304 5337 5233 5409 5568 5182 5153 5270 5751 5182 5521 
5081 5474 4956 5338 5419 4802 5558 5395 5266 5237 5654 5189 5190 5039 5134 5138 5681 5603 5231 5625 4709 5786 5226 5597 5172 5134 5435 5429 5565 5095 4887 5776 5179 5331 5533 5242 5295 4933 5180 4978 5080 5477 5293 5471 5444 5516 5700 5687 4962 5532 5520 5557 4860 5582 5259 5095 5421 5110 4908 5449 5489 5292 5186 5463 5759 5129 5362 5213 5708 5769 5228 5582 4776 5355 4893 4984 5442 5552 5266 5522 5185 5471 4982 5388 5334 5455 5272 5390 5375 5762 5684 5246 5192 5283 5265 5723 5411 5130 5308 5474 5506 5472 5210 5214 5312 5427 5260 5221 5275 5549 5682 5636 5095 5570 5456 5255 5957 5500 5696 5307 5408 5381 5215 5383 5364 5412 5386 5805 5560 5011 5795 5076 5526 5312 5197 4907 5145 5632 5543 5299 5633 4978 5402 5338 5264 5451 5480 5319 5297 5291 5031 5527 5180 5322 5036 5082 4957 5093 5679 5148 5353 5764 5327 5288 4932 5529 5549 5623 5378 5620 5240 5337 5563 5513 5728 5390 4889 5414 4695 5181 5377 5196 5159 5474 5702 5006 5568 5723 5048 5563 5232 5421 5361 5405 5191 5360 5483 4977 5575 5716 5043 5262 5532 5474 5238 5001 5030 5184 5651 5369 5142 5081 5322 5425 5119 5241 5346 5125 5093 5150 5486 5587 5259 5598 5610 5647 4764 5222 5665 5620 4987 5309 5336 5571 5352 5341 5540 5495 5767 4818 5436 5245 5742 5541 5438 5235 5266 5144 5309 5628 5179 5068 5085 5205 5169 5357 
5509 5569 5138 5614 5487 5084 5447 5531 5504 5611 5832 5323 5179 5126 5307 5191 5854 5733 5151 5711 5039 5558 5600 5807 5408 5251 5351 5617 5471 5261 5007 5804 5236 5669 5381 5320 5706 5303 5217 5225 5333 5623 5450 5677 5602 5478 5809 5741 5251 5656 5608 5701 4967 5526 5227 5347 5748 5399 5099 5262 5668 5452 5241 5604 5533 5205 5692 5295 5760 5842 5593 5601 5135 5586 5170 5472 5231 5681 5392 5774 5143 5369 5492 5758 5606 5578 5671 5569 5803 5728 6018 5381 5270 5780 5264 5687 5731 5397 5639 5538 5864 5662 5349 5488 5677 5404 5219 5341 5397 5414 5787 5629 5189 5855 5860 5354 5816 5938 5864 5335 5596 5626 5702 5372 5452 5602 5760 5978 5765 4949 5923 5204 5081 5577 5246 4914 5588 5648 5739 5444 5888 5243 5746 5435 5506 5476 6043 5213 5173 5423 5848 5709 5348 5706 5626 5281 4985 5316 5825 5287 5591 5802 5161 5459 5219 5257 5618 5984 5636 5587 5687 5628 5368 5328 5669 5479 5004 5725 4955 5316 5467 5462 5209 5389 5786 5317 5682 5459 5340 5482 5693 5464 5271 5463 5142 5419 5414 5080 5810 5780 5561 5352 5381 5544 5702 5165 5451 5435 5864 5519 5505 5608 5468 5695 5488 5394 5454 5301 5341 5581 5566 5775 5304 5612 5716 5441 5136 5454 5607 5718 5302 5514 5594 5592 5426 5203 5329 5469 5759 5072 5358 5664 5815 5556 5697 5346 5481 5236 5553 5511 5427 5334 5234 5533 5378 5508 
5098 5363 4892 5178 5291 5032 5550 5277 5148 4994 5346 5208 4971 5061 5145 5072 5534 5481 4969 5168 4680 5588 5247 5571 4927 4979 5111 5265 5174 5197 4787 5553 5449 5131 5357 5096 5408 4826 5220 4910 4886 5439 4967 5215 5192 5263 5593 5434 5030 5251 5545 5238 4707 5693 5136 4940 5231 5071 4605 5245 5369 5230 5083 5062 5284 5316 5330 5050 5693 5300 5385 5352 4812 5299 4981 5008 5062 5369 5118 5203 5092 5336 5005 5465 5124 5444 5046 5364 5493 5727 5574 5279 4815 5404 4743 5360 5158 5123 5092 5265 5838 5196 5174 5196 5046 5527 5053 5173 4532 5187 5409 5487 5148 5527 5491 4831 5746 5643 5662 5081 5398 5064 5140 4983 5170 5399 5507 5562 5489 4742 5779 5054 5100 5342 5094 4452 5158 5518 5313 5355 5560 4961 5254 5316 4962 5458 5494 5038 5184 5149 5247 5389 5258 5005 5200 5091 5065 4723 5442 5071 5272 5618 5060 5320 4800 5531 5293 5621 5107 5416 5265 4961 5252 5009 5446 5252 4878 5139 4753 4859 5622 5129 4615 5233 5398 4816 5276 5270 5055 5099 5220 5372 5022 5191 4869 5143 5255 4697 5295 5617 4958 5343 5231 5366 5304 4740 5111 5144 5533 5208 5308 5296 5351 5370 5048 5081 5072 4832 4907 5299 5334 5250 5392 5481 5187 5553 4945 5474 5591 5200 4869 5021 5410 5082 5390 5263 5088 5107 5571 4635 5209 5161 5436 5387 5343 4926 5039 4904 5164 5366 5045 4716 5008 5047 5038 5265 
5060 5254 4992 5090 5401 4914 5314 5184 5254 5101 5450 4976 5350 5178 5180 4987 5570 5378 5186 5285 5013 5566 4972 5380 5179 5035 5199 5219 5100 5052 5106 5526 5168 5261 4848 5054 5379 5154 5024 5283 5092 5292 4916 5195 5169 5328 5344 5516 5257 5335 5255 5239 5082 5732 5370 5140 5215 4745 4853 4947 5352 5437 4788 5222 5349 5113 5285 5048 5543 5232 5406 5168 4838 5301 5057 4749 5315 5221 5095 5458 4958 5238 5119 5357 5213 5320 5189 5457 5479 5576 5827 4962 5021 5542 5107 5498 5058 5052 5339 5447 5479 5136 4919 4971 5257 5513 5012 5051 4934 5259 5508 5261 5136 5402 5480 4983 5620 5388 5368 5409 5238 5426 5244 4954 4850 5376 5492 5722 5153 4799 5535 5023 4945 5107 5389 4595 4826 5305 5535 5263 5520 5017 5098 5169 5045 5293 5415 5131 5506 5174 5017 5517 5126 5176 5153 4908 4984 4722 5497 4942 5207 5354 4913 5148 5033 5129 5366 5288 5073 5398 5263 5295 5163 5048 5387 5230 4977 5405 4827 4967 5283 5051 5058 4938 5534 5034 5414 5402 4871 5029 5566 5183 5190 5335 4787 5598 5321 4847 4906 5514 5069 5441 5392 5342 5372 4902 5354 5321 5738 5103 5118 4951 5062 5496 5046 5113 5089 5009 4876 5109 4869 5215 5304 5371 5132 5175 4949 4981 5519 5392 5000 4924 5290 5122 5381 5064 5154 5149 5517 4782 5250 5086 5464 5238 5279 4934 5209 4615 5212 5449 4837 4810 5163 5039 4992 5464 
5699 5374 5184 5372 5461 5232 5632 5564 5387 5301 5700 5088 5314 5145 5363 5309 5912 5671 5408 5658 5146 5972 5698 5939 5181 5343 5314 5549 5651 5299 5179 6059 5443 5470 5330 5478 5870 5191 5416 5254 5396 5729 5151 5583 5633 5682 5900 5738 5212 5494 5662 5455 4944 5726 5647 5459 5272 5246 4930 5310 5387 5663 5159 5391 5506 5542 5570 5316 5764 5711 5388 5446 5175 5898 5171 5240 5746 5677 5425 5862 5490 5549 5217 5548 5317 5460 5248 5588 5838 5914 6213 5280 5162 5612 5393 5788 5376 5275 5527 5536 5852 5818 5363 5628 5517 5878 5189 5423 5016 5316 5626 5590 5250 5767 5635 5429 6063 5659 5805 5404 5200 5776 5599 5381 5519 5797 5594 6110 5832 4965 6025 5318 5268 5314 5321 4873 5231 5802 5464 5595 5896 5345 5768 5577 5258 5882 6007 5551 5359 5332 5628 5765 5615 5619 5381 5086 5179 5192 5892 5431 5248 5622 5139 5658 5241 5449 5674 5768 5588 5586 5444 5106 5487 5449 5532 5572 5195 5840 4879 5256 5437 5585 5218 5773 5662 5191 5554 5661 5189 5378 5349 5514 5313 5421 5097 5570 5325 5142 5636 5813 5354 5513 5755 5378 5645 5008 5412 5369 5853 5455 5494 5473 5332 5787 5371 5477 5364 5173 5227 5440 5212 5610 5602 5599 6060 5543 5343 5496 5671 5674 5292 5247 5785 5556 5491 5422 5530 5604 5806 4985 5386 5571 5739 5488 5670 5354 5431 5228 5527 5783 5235 5138 5139 5541 5498 5634 
5746 5655 5151 5528 5426 4967 5452 5417 5401 5500 5821 5500 5246 5459 5605 5489 6029 5598 5589 5796 5029 5942 5709 5935 5590 5392 5420 5804 5550 5636 5369 6070 5510 5708 5367 5542 5719 5334 5361 5396 5468 5683 5474 5712 5481 5518 5810 5812 5559 5944 5779 5818 5027 5624 5167 5254 5849 5165 5535 5331 5626 5839 5200 5516 5719 5383 5869 5301 6155 5791 6043 5587 5253 5844 5293 5557 5692 5991 5591 6022 5554 5610 5155 5621 5704 5611 5320 5577 5976 5724 6070 5373 5361 5924 5525 5927 5939 5341 5598 5692 6194 5906 5483 5537 5487 5904 5329 5625 5215 5349 5720 6108 5252 5870 5768 5214 6171 5919 6066 5390 5748 5861 5538 5395 5563 5855 6012 6078 5733 5339 5995 5267 5290 5580 5431 5081 5340 5860 5794 5626 6126 5391 5723 5873 5334 5921 5737 5564 5848 5582 5756 5905 5789 5810 5549 5315 5209 5222 5931 5349 5473 5841 5469 5738 5223 5643 6044 6110 5646 5922 5492 5595 5504 5713 5750 5346 5307 5650 5164 5182 5876 5374 5346 5756 5772 5230 5879 5832 5576 5496 5453 5675 5353 5348 5146 5665 5566 5240 5870 5832 5467 5320 5708 5456 5841 5333 5493 5620 5718 5829 5586 5800 5449 5646 5617 5919 5406 5504 5263 5666 5768 5566 5636 5909 6145 6123 5453 5503 6011 5784 5380 5309 5620 5456 5790 5475 5634 5936 6185 4977 5332 5609 5620 5589 5830 5530 5404 5180 5422 5606 5482 5210 5216 5652 5394 5682 
5404 5711 5113 5377 5793 5051 5452 5627 5324 5561 5622 5225 5595 5045 5400 5232 5737 5595 5367 5798 4630 5573 5498 5873 5430 5340 5326 5331 5489 5330 5163 5846 5426 5807 5405 5278 5602 5257 5381 5299 5214 5684 5149 5419 5417 5504 5793 5553 5052 5705 5531 5556 4936 5734 5470 5387 5523 5103 4716 5277 5470 5596 5122 5565 5392 5447 5501 5233 6061 5512 5591 5615 5000 5436 5121 5069 5360 5832 5463 5422 5339 5524 5088 5485 5545 5443 5267 5498 5722 5605 5830 5306 5152 5439 5257 5662 5666 5162 5406 5777 5492 5512 5271 5652 5521 5642 5347 5261 5120 5375 5585 5948 5077 5541 5496 5350 6051 5676 5770 5309 5270 5728 5659 5348 5430 5662 6053 5797 5434 5225 5655 5188 5301 5396 5370 4741 5221 5559 5799 5359 5760 5369 5637 5700 5004 5724 5846 5333 5600 5494 5387 5933 5659 5538 5399 4961 4962 4994 5794 5056 5758 5652 5166 5618 4703 5351 5626 5689 5330 5790 5555 5349 5533 5574 5639 5060 5466 5769 4907 5098 5567 5272 4977 5599 5695 5000 5458 5367 5129 5086 5527 5401 5305 5350 5502 5572 5409 4981 5738 5761 5448 5287 5389 5419 5409 5123 5329 5586 5660 5427 5466 5259 5279 5592 5360 5455 5292 5327 5004 5452 5415 5706 5597 5809 5731 5776 5178 5329 5550 5529 5044 5433 5535 5410 5614 5209 5558 5554 5679 4942 5397 5253 5880 5668 5363 5162 5380 5102 5530 5520 5307 5181 5362 5172 5274 5484 
4531 4832 4473 4531 4438 4533 4791 4939 4468 4727 4691 4695 4473 4417 4679 4474 5184 4913 4563 4997 4051 4960 4514 4901 4686 4532 4618 4738 4769 4591 4618 5099 4699 5017 4716 4452 4747 4475 4668 4566 4655 4878 4736 4791 4595 4710 4885 4833 4536 4878 4736 5074 4132 4896 4553 4570 4889 4525 4373 4607 4954 5107 4743 4847 4739 4469 4798 4563 5203 4841 4874 4642 4411 5036 4530 4469 4711 4843 4686 5008 4455 4689 4482 4880 4859 4694 4649 4831 4889 5014 5207 4496 4598 4667 4387 4987 4923 4445 4769 4951 4858 4784 4654 4699 4784 4926 4548 4792 4329 4665 4845 5047 4833 4778 4883 4685 5227 5097 4896 4675 4660 4806 4753 4805 4611 4913 4817 5052 4807 4559 5159 4411 4630 4598 4688 4238 4813 5014 5076 4571 4989 4674 4794 4770 4810 5024 4918 4759 5002 4572 4632 5029 4675 4771 4714 4528 4488 4513 4811 4540 4817 5117 4690 4975 4609 4895 5059 5047 4828 4980 4541 4626 4697 4752 5155 4446 4522 4882 4185 4270 4817 4659 4523 4542 4906 4292 4853 4755 4477 4651 4762 4974 4768 4646 4597 4766 4738 4495 4981 4953 4520 4864 4883 4950 5053 4578 4660 4735 4964 4526 4485 4826 4467 4843 4749 4774 4724 4670 4675 4850 4731 5046 4856 4956 4731 5226 4452 4331 4964 4744 4530 4550 4937 4853 5009 4732 4610 4941 5126 4273 4791 4573 4914 4748 4819 4564 4425 4532 4603 4837 4590 4391 4374 4718 4677 4886 
5196 5146 4902 5061 5123 4525 5123 5214 5089 4822 5475 4875 4972 4813 4931 4821 5437 5148 5098 5280 4647 5370 5034 5387 4890 4907 4778 4989 5215 5220 4999 5488 5140 5334 5149 5097 5205 4925 4790 5210 4838 5274 5089 5188 4987 5016 5209 5136 5161 5295 5245 5256 4848 5239 4964 4862 5328 4883 4902 4929 5220 5332 4834 5069 5411 5153 4955 4799 5350 5123 5063 4862 4626 5180 4501 5087 5276 5432 5170 5168 4870 5169 4967 5400 5244 5464 4876 5245 5334 5378 5494 4794 4961 5129 5020 5252 4929 4904 5146 4996 5314 5544 4862 5349 5115 5427 4872 5016 4757 5021 5192 5394 4905 5502 5003 4641 5748 5557 5514 5167 4927 5489 5065 4943 4970 5038 5290 5334 4969 4897 5362 4916 4888 5185 4855 4841 4870 5469 5498 5131 5469 4777 5242 5215 4747 5531 5415 5103 5275 5048 5108 5266 5268 4938 5249 4928 4684 4796 5490 4950 4986 5206 4985 4960 4962 5204 5252 5392 5090 5271 5018 4986 5035 5218 4870 5147 4643 5410 4508 5033 5344 5132 5018 5111 5455 4940 5433 5290 5191 5114 5055 4995 5138 5021 4936 5042 5061 4742 5413 5348 4969 5067 5278 4856 4935 4977 4976 5239 5399 5134 5110 4883 4772 5312 5037 4974 4927 4902 4842 5057 4853 5257 5384 5174 5455 5152 4811 4970 5426 5404 4750 4685 5321 4985 4931 4922 4939 5292 5344 4669 4934 4986 5330 5128 5171 5002 5052 4795 5078 5198 5165 4802 4839 4977 4885 5050 
5059 5116 4905 4868 5156 4602 5063 5305 5133 5015 5387 5098 5016 4989 4878 4874 5460 5513 4865 5144 4511 5373 5136 5271 4848 4954 5052 4989 5043 4859 4914 5543 4904 5056 5057 4945 5139 4854 4834 5136 4914 5343 4839 5193 4841 5187 5474 5239 4948 5181 5266 5425 4633 5149 5002 5024 5355 4620 4619 4931 5386 5340 4743 5196 5107 5052 5164 4719 5256 5067 5078 5155 4789 5267 4644 4821 5042 5304 4922 5356 5042 5204 4861 5090 5107 5157 5025 5089 5493 5277 5653 4960 4619 5322 4999 4995 5392 4905 4915 5302 5396 5053 4975 5244 5006 5358 5048 5086 4726 4809 5210 5615 4777 5353 5190 5111 5521 5220 5265 4984 4841 5044 5284 4935 5128 5128 5172 5389 5118 4579 5245 4703 4955 5185 5008 4643 4901 5035 5337 5168 5363 5189 5126 4818 4863 5153 5446 4740 5205 4916 4928 5533 5178 5295 5110 4769 4786 4634 5151 4990 4988 5329 4780 5249 4848 4931 5459 5537 5172 5382 5103 5113 5195 4823 5170 5054 4869 5369 4575 4765 5289 4701 4824 5126 5384 4514 5160 5198 4878 5040 4870 4891 4825 5222 4830 5314 5088 4826 5280 5259 4937 4747 5100 4810 5039 4597 5060 5045 5165 4844 4951 5006 4999 5277 4714 5041 5114 4607 4594 4972 5086 5296 5216 5309 5245 5193 4602 5025 5200 5399 4788 5134 5151 4949 5133 4871 5036 5223 5445 4564 4930 5074 5390 4928 5272 4949 5118 4646 4982 5242 5101 5022 4986 5112 4845 5017 
4975 4970 4701 5139 5169 4647 5275 5149 4960 5112 5485 5031 5184 4830 5033 5051 5361 5303 4900 5255 4651 5431 5040 5094 4837 4869 5248 5180 5192 5089 4821 5525 5217 5015 5137 5070 4945 4965 5121 4968 5135 5040 4788 5075 5147 5038 5292 5409 5052 5368 5061 5168 4740 5480 5016 5130 5207 4871 4859 4906 5073 5213 4968 5280 5403 5044 5206 5018 5516 5489 5245 4936 4929 5348 4789 4730 5238 5414 4862 5300 4770 5373 4958 5230 5240 5145 5091 5198 5299 5484 5489 5180 4929 5343 5253 5402 5039 4906 5170 5180 5069 5267 5220 5208 5069 5333 4853 5080 4791 5078 5442 5296 4720 5194 5228 5064 5411 5526 5571 5046 4993 5302 5292 4939 5178 5529 5489 5573 4899 4787 5374 5054 4995 5062 5113 4318 5045 5429 5428 5119 5403 4985 5363 5257 5067 5233 5243 5031 5085 4857 5147 5532 5133 5319 5062 4561 4585 4553 5377 5427 5276 5161 4945 5071 4798 5104 4931 5336 5161 5183 5140 4981 5139 5179 5455 5088 4860 5379 4762 4841 5260 5153 4742 4971 5196 4952 5540 5386 4905 5003 5147 4963 5147 5239 4759 5118 5174 4503 5307 5311 4791 5079 5401 5112 5143 4983 5182 5361 5359 5088 4914 5166 4995 5272 4926 5073 5086 4802 5055 5076 5231 5112 5321 5522 4992 5554 4659 5110 5565 5126 4954 4874 5312 5266 5157 5376 4981 5190 5267 4629 5209 5097 5556 4931 5319 4851 5128 4738 5246 5389 4790 4936 5071 5156 5438 5270 
5251 5696 5276 5155 5464 5090 5598 5643 5313 5595 5595 5078 5412 5081 5607 5331 5676 5754 5188 5668 5005 5882 5510 5659 5363 5326 5143 5401 5515 5614 5300 5954 5850 5583 5626 5457 5428 5208 5216 5347 5450 5824 5478 5643 5194 5459 5686 5656 5472 5570 5771 5579 5060 5570 5466 5470 5628 5248 5214 5330 5655 5778 5182 5659 5423 5627 5661 5199 5697 5644 5735 5684 5172 5492 5055 5182 5594 5853 5333 5829 5347 5804 5260 5435 5763 5740 5433 5401 5952 5740 5958 5053 5449 5713 5367 6005 5552 5311 5206 5728 5863 5429 5406 5467 5380 5659 5247 5108 5123 5255 5454 5604 5338 5817 5597 5210 5923 5928 5850 5342 5371 5872 5729 5359 5130 5880 5854 6005 5511 5052 5838 5218 5520 5341 5715 5087 5181 5768 5573 5358 5755 5120 5481 5563 5445 5764 5607 5762 5807 5342 5480 5682 5439 5483 5526 5370 5038 5170 5990 5622 5676 5606 5269 5326 5430 5222 5842 5561 5346 5657 5448 5335 5371 5504 5401 5324 5210 5498 4942 5154 5746 5541 5225 5507 5536 5338 5749 5828 5291 5423 5499 5432 5643 5569 5390 5442 5534 5080 5605 5675 5415 5155 5853 5328 5699 5103 5571 5577 5919 5325 5283 5597 5185 5546 5628 5554 5376 5251 5091 5481 5419 5581 5653 5825 5604 5706 5213 5569 5621 5512 5263 5269 5701 5616 5954 5658 5337 5758 5909 4880 5508 5340 5871 5711 5625 5590 5309 5189 5470 5817 5184 5074 5585 5527 5353 6045 
4836 5150 4493 4517 4794 4249 4811 4798 4724 4903 5231 4690 5129 4595 4575 4499 5371 5009 4844 5060 4512 5400 4809 5118 4908 4784 4929 4931 4722 4949 4701 5349 5151 5067 5010 4978 4838 4850 4815 5101 4829 5214 4694 5155 5007 4967 5011 5002 5007 5057 5184 5311 4455 5133 4718 4722 5244 4692 4538 4980 5092 5119 4718 4981 5370 4853 5098 4557 5326 5088 4979 5081 4537 4986 4362 4723 5110 5125 4908 5485 4539 5055 4553 4747 4750 5105 4711 5195 5056 5252 5402 4924 4555 5072 4743 5445 5035 4685 5051 5147 5340 5178 4882 5165 5062 5177 4901 4922 4684 4732 5019 5279 4876 5115 5100 4855 5286 5128 5143 5075 4908 5044 4851 4840 4780 5139 5052 5368 4915 4466 5132 4778 4983 4762 5021 4486 4654 5015 5155 4884 5217 4572 5073 5092 4810 5394 5019 4618 5312 4840 4858 5346 4886 4938 4921 4838 4207 4589 5193 5001 5198 4996 5129 5143 4780 5080 4949 5027 5176 5028 5065 4822 4878 4996 5232 4808 5005 5045 4451 4656 5192 4847 4728 4889 5216 4440 5004 5270 4893 4683 4955 4948 4793 4916 4894 4703 5060 4611 5153 5174 5055 4652 4972 4564 4902 4547 4980 4964 5248 4833 4806 4876 4708 5041 4880 5202 4981 4734 4810 4927 5348 5166 5152 5020 5127 5187 4278 4484 5117 5053 4648 4830 5144 5037 5174 4977 4893 4969 5360 4532 4889 5002 5314 4962 4804 4889 5060 4725 4878 5405 4774 4671 4718 4815 4985 4955 
4684 4711 4907 4590 5050 4411 4964 4933 4993 4728 5011 4470 4806 4433 4960 4657 5488 5333 4654 5017 4484 4799 4592 5062 5030 4706 4835 4817 4941 4647 4750 5380 4853 4773 4929 4513 4753 4615 4696 4647 4601 4805 4757 4918 4778 4825 4587 4919 4605 4926 5034 5206 4576 4986 4904 4712 4912 4676 4720 4796 4924 5028 4392 4838 4844 4825 4863 4791 5076 4923 4938 4827 4433 4918 4703 4523 4919 5040 4755 5189 4713 4965 4674 5007 5075 4826 4772 4941 4901 5069 5400 4744 4807 5005 4742 5253 4953 4324 4660 5081 5002 5002 4482 4680 4641 4978 4409 4648 4641 4721 4990 5116 4656 5200 4984 4751 5120 5137 5082 4753 4815 4884 5298 4919 4640 4891 5074 5060 4982 4461 5068 4473 4730 4714 4599 4257 4796 5201 4972 5141 5471 4628 5117 5077 4814 5065 5108 4650 5045 4562 4485 5120 5037 4826 4910 4653 4361 4413 5146 5012 4807 5084 4566 4936 4757 4740 5129 5305 4896 5049 4750 5059 4930 4897 5081 4559 4706 5167 4395 4786 4710 4889 4500 4832 4953 4723 5253 5062 4686 4696 4763 4759 4878 4793 4544 4839 4958 4499 5065 5022 4563 4784 4942 4673 4765 4469 4995 4942 4984 4883 4682 4879 4590 5118 4694 5031 5036 4527 4522 4736 4858 5006 5044 4983 4872 5184 4703 4846 5151 5064 4706 4694 4821 4676 4839 4753 4843 4972 5314 4550 4784 4733 5231 4965 4940 4506 4647 4590 4828 5126 4734 4522 4697 4779 4754 5047 
5090 5514 5398 5130 5448 5164 5453 5479 5371 5195 5397 5124 5242 4990 5403 4706 5668 5445 5170 5517 4840 5673 5268 5590 5292 5155 5280 5555 5280 5269 5125 5735 5486 5462 5537 5209 5319 5135 5215 5238 5390 5472 5472 5512 5378 5436 5131 5686 5396 5465 5496 5393 5004 5521 5378 5223 5305 4927 4939 5124 5384 5404 4895 5464 5309 5380 5446 5330 5943 5442 5465 5591 4876 5574 5072 5334 5470 5544 5330 5586 5224 5407 5368 5412 5528 5342 5249 5312 5556 5699 5952 5155 5154 5618 5159 5650 5295 4913 5249 5335 5875 5404 5181 5420 5349 5712 5078 4973 4940 5319 5357 5816 5088 5511 5271 5128 5900 5928 5424 5208 5413 5290 5285 5336 5106 5647 5695 5997 5177 4577 5591 4984 5134 5273 5268 4914 5138 5507 5663 5307 5590 5263 5434 5515 5208 5472 5608 5350 5676 5202 5136 5658 5415 5475 5388 5169 4864 4970 5636 5286 5400 5820 5169 5248 4985 5231 5391 5760 5249 5381 5299 5302 5497 5400 5562 5307 4998 5318 4485 5243 5550 5005 5010 5318 5190 5037 5580 5615 5146 5228 5353 5453 5266 5347 5175 5310 5318 4889 5506 5587 5326 5208 5462 5001 5328 4947 5340 5505 5928 5124 5266 5224 5252 5429 5281 5470 5303 5091 5101 5352 5375 5550 5427 5743 5530 5481 4934 4963 5689 5479 5239 5174 5493 5344 5772 5218 5395 5700 5770 4863 5117 5197 5667 5482 5297 5298 5231 5246 5436 5617 5232 5136 5184 5097 5099 5495 
4774 5102 4633 4783 4911 4681 5275 4831 4844 5133 5468 5000 5080 4833 5213 4697 5664 5356 5043 5169 4624 5466 4801 5312 5079 4780 5060 5190 5066 4987 4868 5469 5492 5281 4881 4830 5068 4970 4690 4677 4709 5026 4817 5320 5055 5136 5226 5289 5004 5109 5122 5231 4779 5175 5083 5287 5215 4713 4837 5008 5373 5239 4782 5163 5087 5074 5528 4936 5399 5266 5329 4757 4589 5182 4694 4789 5250 5257 4922 5403 5048 5157 4893 5466 5086 5078 4967 4939 5387 5387 5619 4858 4813 5340 4663 5267 5435 4884 5205 5281 5606 5391 4669 5069 5103 5197 4948 5162 4650 4865 4955 5317 4821 5456 5163 5132 5563 5433 5212 5115 4901 5366 5142 4970 5004 5139 5059 5499 5260 4628 5198 4781 5109 4863 5039 4521 5110 5581 5194 5218 5408 4701 5108 5171 5144 5454 5403 5162 5233 5106 5373 5487 4995 5296 4867 4769 4771 4740 5549 5092 5439 5375 4847 5279 5070 4877 5186 5365 5220 5184 5244 4939 4960 5218 5319 5070 4775 5553 4635 4843 5184 5227 4842 5437 5210 4597 5253 5337 4826 4591 5194 5054 5183 5240 4960 5046 4847 4777 5384 5258 4998 5204 5137 4798 5567 4725 5128 4953 5450 4891 4843 5146 4911 5049 5029 5306 4898 4849 5012 4689 5259 5000 5499 5429 5257 5159 4770 4915 5342 5194 4907 4796 5212 5208 5404 5084 4978 5164 5344 4691 5181 5017 5352 5001 5239 5180 4982 4697 4838 5362 4937 4807 4870 4848 4718 5111 
5210 5387 4937 5324 5554 4974 5476 5282 5450 5146 5885 5345 5347 5126 5138 5054 5828 5649 4963 5721 4954 5975 5350 5583 5097 5201 5295 5444 5484 5310 5107 6175 5483 5511 5772 5222 5656 5356 5207 5280 5371 5609 5324 5500 5586 5482 5730 6011 5584 5690 5461 5567 4940 5570 5165 5147 5675 5020 5028 5185 5625 5583 5388 5486 5456 5320 5356 5145 5831 5789 5533 5543 4906 5657 4986 5165 5438 5668 5483 5642 5071 5514 5548 5388 5356 5513 5548 5593 5718 5681 5802 5287 5319 5860 5413 5629 5351 5209 5471 5574 5806 5657 5197 5268 5528 5742 5149 5516 5190 5350 5517 5571 5003 5836 5770 5248 5895 5656 5913 5404 5257 5766 5628 5335 5184 5571 5861 5803 5614 4914 5661 5126 5210 5306 5449 4835 5482 5662 5625 5168 5761 5021 5779 5502 5316 5394 5721 5338 5372 5391 5617 5535 5622 5450 5345 5427 4820 4996 5770 5418 5421 5438 5261 5348 5062 5405 5259 5757 5457 5363 5487 5250 5337 5256 5459 5409 4980 5506 4908 5334 5407 5389 5075 5284 5856 5288 5648 5824 5235 5615 5630 5380 5432 5565 5035 5546 5433 5195 5562 5605 5272 5309 5543 5398 5501 5022 5384 5536 5858 5140 5185 5321 5245 5666 5776 5409 5212 5061 5309 5340 5435 5680 5495 5678 5706 5500 4959 5433 5690 5729 5113 5270 5462 5578 5451 5375 5189 5389 5765 4713 5343 5547 5546 5504 5755 5129 5564 4949 5584 5612 5184 5101 5177 5216 5267 5683 
5214 5441 4928 5220 5458 4882 5347 5647 5298 5249 5938 5027 5529 5089 5246 5275 5454 5493 5172 5564 5064 5571 5477 5682 5363 5290 5152 5412 5377 5471 5156 5993 5316 5629 5213 5379 5510 5109 5246 5069 5280 5392 5150 5708 5438 5490 5611 5551 5200 5707 5691 5351 5188 5689 5123 5307 5671 5087 5331 5212 5721 5586 5323 5618 5516 5278 5529 5053 5752 5748 5301 5378 5173 5699 4947 5080 5697 5635 5422 5565 5255 5598 5043 5593 5468 5541 5118 5629 5694 5608 5929 5378 5152 5469 5211 5732 5402 5277 5309 5754 5782 5360 5239 5280 5540 5738 4998 5280 5049 5491 5423 5522 5191 5841 5580 5334 5801 5343 5872 5461 5564 5636 5492 5276 5355 5559 5731 5672 5715 5266 5760 5233 5330 5186 5085 4972 5236 5765 5589 5262 5818 5118 5771 5560 5310 5956 5678 5261 5423 5264 5265 5951 5557 5693 5291 5153 4978 4963 5794 5130 5510 5684 5257 5419 5277 5630 5303 5646 5480 5622 5410 5507 5535 5367 5747 5383 5013 5490 4857 5048 5610 5350 4987 5504 5827 5053 5543 5441 5144 5297 5384 5348 5469 5472 4933 5359 5289 5003 5584 5645 5391 5513 5378 5396 5470 5197 5306 5455 5872 5454 5289 5257 5337 5778 5363 5317 5315 5127 5401 5298 5464 5847 5510 5701 5811 5707 5275 5475 5878 5754 4935 5213 5791 5605 5493 5387 5474 5286 5736 4799 5360 5257 5810 5363 5737 5497 5635 5134 5673 5613 5111 5011 5138 5491 5415 5343 
5115 5506 5052 5183 5476 4969 5513 5268 5293 5047 5507 5334 5293 4950 5265 4993 5765 5469 5270 5579 4844 5638 5161 5729 5429 5070 5303 5445 5395 5266 5023 5415 5183 5361 5205 5314 5329 5053 5072 5300 4900 5375 5236 5283 5533 5461 5711 5256 5516 5655 5593 5397 5109 5398 5162 5014 5285 5004 4970 5160 5280 5724 5042 5426 5469 5154 5425 5072 5846 5272 5243 5505 5029 5500 4886 5012 5369 5665 5301 5491 5175 5381 4957 5499 5294 5041 5164 5602 5528 5877 5701 5119 5069 5349 5385 5697 5478 5218 5300 5458 5624 5582 5388 5480 5291 5336 5089 5223 5079 5188 5381 5672 5007 5328 5462 5080 5563 5566 5784 5207 5403 5485 5489 5351 5029 5324 5837 5847 5422 5110 5579 4993 5250 5399 5264 4932 5125 5719 5594 5342 5497 5310 5634 5472 5099 5753 5332 5071 5570 4884 5158 5340 5205 5445 5618 5248 5004 4959 5751 5135 5373 5701 5031 5564 4926 5419 5190 5506 5401 5665 5079 5415 5496 5236 5377 4996 5180 5514 4851 4976 5262 5371 5124 5170 5583 4840 5369 5246 5030 5094 5158 5515 5040 5359 5260 5241 5508 4948 5413 5563 5234 5197 5682 5024 5330 5012 5030 5217 5579 5317 5071 5371 5295 5421 5190 5413 5538 5143 4985 5290 5462 5421 5563 5523 5501 5624 4990 5151 5422 5342 5164 5275 5560 5347 5317 5401 5155 5680 5590 4605 5247 5372 5645 5302 5355 5073 5130 5040 5224 5690 5261 4958 5008 5391 5586 5116 
5334 5577 5163 5550 5587 4956 5593 5576 5571 5695 5629 5309 5519 5525 5513 5216 5947 5519 5528 5846 5091 5954 5375 5720 5528 5469 5927 5630 5435 5311 5315 6040 5778 5553 5702 5350 5463 5352 5345 5521 5579 5744 5375 5827 5792 5501 5800 5932 5632 5833 5691 5853 5102 5767 5565 5391 5896 5361 5253 5379 5526 5743 5201 5641 5890 5394 5350 5143 6169 5853 5710 5611 5116 5604 5288 5227 5723 5856 5407 5629 5194 5610 5503 5773 5763 5430 5689 5708 5748 5891 6048 5423 5496 5644 5681 5809 5591 5291 5531 5703 5844 5835 5493 5578 5649 5866 5395 5351 5434 5291 5979 5719 5442 5920 5691 5634 6126 6221 6044 5791 5589 5751 5661 5649 5477 5874 6189 6121 5535 5172 6102 5534 5369 5692 5631 5292 5323 5758 5952 5804 5887 5312 5739 5491 5563 5525 5880 5595 5709 5396 5515 5701 5391 5735 5540 5296 5150 5159 6078 5431 5429 5903 5456 5511 5227 5390 5617 5857 5544 5588 5789 5687 5672 5579 5840 5480 5237 5842 5116 5342 5786 5632 5306 5721 5679 5263 5782 5628 5124 5704 5894 5712 5587 5771 5333 5587 5772 5300 5664 5785 5460 5319 5653 5766 5658 5053 5666 5557 6019 5627 5395 5550 5342 5833 5552 5576 5349 5287 5182 5584 5649 5915 5416 5841 5770 5760 5115 5327 5641 5721 5367 5509 5574 5741 5897 5566 5423 5347 5829 5104 5494 5328 5906 5746 5667 5352 5701 5264 5646 5809 5586 5513 5507 5475 5532 5782 
5380 5322 4817 5027 5228 4732 5296 5164 5066 5117 5834 5041 5224 5119 5415 5227 5842 5522 5155 5394 4908 5573 5446 5560 5220 5270 5236 5345 5164 5078 4915 5654 5465 5192 5124 5549 5468 4828 5031 4945 5367 5348 5073 5118 5185 5327 5489 5649 5019 5333 5427 5333 4793 5356 5336 5194 5368 4941 5120 5120 5247 5540 4927 5402 5333 5149 5383 5013 5842 5501 5731 5149 5132 5588 4919 5078 5190 5451 4989 5361 5221 5460 5200 5300 5358 5207 5100 5624 5812 5603 5784 5205 4927 5531 5022 5552 5454 5066 5338 5526 5552 5316 5120 5300 5360 5620 4834 5329 5011 5094 5494 5836 5021 5559 5337 4984 5643 5636 5662 5091 5142 5309 5550 5185 5097 5339 5485 5506 5350 4987 5946 5156 5130 5297 5297 4807 5139 5245 5564 5208 6049 5011 5260 5404 5267 5599 5738 5150 5416 5175 5295 5844 5291 5364 5221 4891 4932 4833 5825 5173 5207 5341 5134 5467 5059 5404 5405 5410 5280 5251 5471 5261 5127 5315 5536 5145 5137 5292 4905 5014 5350 5220 5248 5562 5541 5000 5518 5442 5449 5207 5184 5259 5104 5136 4964 5425 5115 4544 5413 5499 5185 5215 5496 5167 5416 4838 5455 5490 5424 5267 5168 5381 5157 5510 5448 5362 4921 5010 5048 5318 5463 5384 5640 5808 5526 5537 4845 5094 5241 5414 4914 5029 5440 5354 5206 5238 5401 5557 5571 4839 5287 5238 5570 5331 5270 5029 5234 4818 5321 5409 4997 4932 5189 5107 5096 5432 
5481 5156 4912 4937 5214 4978 5561 5523 5335 5231 5649 5193 5141 5111 5374 4887 5652 5443 5366 5539 4963 5596 5376 5684 5428 5032 5246 5538 5347 5304 5034 5724 5399 5146 5119 5294 5288 5144 5208 5183 5122 5302 5121 5431 5579 5479 5416 5501 5479 5523 5341 5626 5193 5569 5318 5053 5553 5112 4970 5215 5326 5451 5150 5409 5629 5093 5469 5178 5913 5671 5489 5202 4829 5512 4925 5163 5402 5362 4980 5581 5190 5533 5264 5461 5358 5497 5229 5610 5680 5938 5865 5336 5031 5479 5055 5695 5231 5107 5323 5531 5549 5617 5173 5334 5366 5374 4780 5168 4988 5164 5809 5741 5092 5652 5335 5201 5604 5732 5747 5487 5228 5374 5309 5328 5194 5566 5463 5503 5452 5091 5671 4980 5089 5275 5241 4767 5307 5574 5689 5398 5692 5257 5207 5544 5441 5402 5730 5029 5590 5071 5169 5731 5119 5053 5225 5106 4945 4712 5580 5277 5348 5677 5183 5335 4859 5366 5501 5506 5208 5448 5336 5337 5356 5393 5918 5047 4907 5602 4914 5061 5425 5220 5431 5379 5579 5016 5789 5514 5085 5290 5285 5425 5316 5227 5108 5514 5487 4837 5421 5776 5528 5451 5254 5260 5382 4931 5447 5481 5560 5218 5077 5318 5144 5584 5114 5388 5219 5123 5297 5231 5427 5593 5407 5737 5407 5552 4998 5299 5554 5703 5001 5216 5586 5392 5375 5311 5356 5261 5698 4894 5405 5272 5777 5488 5338 5230 5257 5123 5370 5621 5016 5026 4988 5227 5175 5211 
5010 5529 4988 5161 5250 5014 5651 5430 5296 5305 5860 5144 5154 4949 5301 5273 5862 5490 5291 5587 5083 5884 5370 5710 5414 5236 5337 5337 5568 5657 5097 5878 5473 5555 5526 5187 5631 5386 5205 5258 5461 5674 5393 5499 5294 5622 5632 5872 5068 5583 5535 5554 5055 5508 5235 5339 5643 5156 5281 5171 5620 5905 5371 5586 5677 5191 5563 5004 6027 5417 5513 5348 5071 5523 5206 5205 5486 5667 5389 5530 5213 5780 5387 5334 5797 5665 5281 5578 6019 5779 5848 5245 5362 5637 5206 5683 5641 5277 5034 5845 5917 5571 5307 5548 5718 5714 5211 5498 4981 5556 5676 5681 5320 5531 5794 5192 6072 5629 5753 5485 5630 5445 5387 5302 5197 5712 5487 5729 5523 5164 5859 5098 5488 5550 5355 5065 5120 5663 5656 5239 5980 5218 5620 5616 5349 5682 5746 5377 5439 5278 5356 6052 5726 5239 5508 5209 4966 4961 5625 5415 5519 5896 5077 5470 5174 5475 5684 5478 5669 5525 5543 5313 5562 5368 5961 5432 5465 5461 5102 5318 5612 5212 5147 5450 5609 5236 5492 5754 5118 5545 5697 5552 5307 5572 5257 5467 5190 5065 5500 5503 5578 5312 5685 5412 5543 4874 5483 5528 5818 5193 5432 5388 5237 5495 5445 5615 5288 5301 5368 5312 5611 5720 5709 5848 5524 5508 5011 5766 5689 5775 5139 5283 5666 5802 5574 5417 5171 5588 5850 5054 5516 5297 5748 5528 5598 5464 5541 5156 5491 5853 5274 4807 5079 5522 5438 5665 
5004 5136 4636 4920 5164 4904 5010 5268 5148 5023 5284 4841 5074 4776 5275 4806 5354 5110 5126 5048 4328 5303 5108 5286 5119 4912 4951 5064 4906 5048 4732 5482 5290 5102 4841 5101 5246 4808 5114 5037 4786 5292 4747 5352 5070 5037 5231 5086 5025 5361 5128 5341 4738 5434 5128 5064 5253 4861 4514 4885 5232 5223 4704 5222 5223 4836 5320 4871 5385 5248 5100 5216 4500 5075 4908 5040 5309 5389 4859 5198 4935 5227 4818 5157 4893 5519 4774 5042 5592 5476 5527 4839 4858 5487 5046 5208 4796 4986 4987 5243 5291 5372 4735 5028 5238 5116 5097 4964 4662 5056 5304 5349 4744 5350 5178 4611 5643 5333 5249 5208 5153 5225 5191 5101 4898 5369 5166 5635 4953 4773 5472 4821 4825 4945 5207 4517 4768 5343 5243 5273 5171 4922 5272 5332 5149 5455 5396 5015 5054 5160 5179 5453 4898 5007 5371 4804 4811 4630 5247 5042 5283 5302 5091 4904 4693 4769 5136 5405 5455 5409 5026 4966 5089 4779 5266 5034 5096 5377 4666 4879 5328 5183 5042 5240 5252 4807 5136 5277 4954 5032 5230 5090 4678 4982 4876 5145 4935 4997 5276 5371 5197 5138 5016 4786 5106 4749 5179 5198 5334 4923 5236 5020 4734 5321 5116 5290 4939 4775 4976 4985 5007 4866 5368 5278 5099 5365 4890 4916 5414 5354 5065 4954 5287 4945 5382 4933 5175 5291 5641 4684 5081 5211 5267 5180 5146 4984 4900 4829 5152 5494 4922 4585 4908 5062 4990 5163 
5137 5323 4894 5121 5370 4849 5250 5513 5373 5438 5643 5122 4844 5016 5348 5148 5759 5566 5212 5513 4764 5679 5142 5458 5237 5042 5036 4947 5384 5195 4895 5834 5196 5087 5351 5133 5194 4965 4793 5396 5388 5244 5179 5180 5501 5212 5378 5378 4886 5530 5229 5667 4896 5302 5279 4956 5409 5095 4926 5219 5149 5476 5104 5276 5246 5032 5338 4951 5704 5589 5088 5296 4948 5295 5072 4915 5217 5707 5049 5530 5074 5305 5289 5155 5205 5344 5033 5372 5289 5596 5787 4977 5215 5406 5222 5475 5415 5056 5120 5390 5423 5414 5119 5093 5208 5504 4861 5179 4949 5319 5291 5607 4911 5414 5401 5132 5483 5618 5311 5203 5251 5385 5370 5248 5136 5455 5473 5616 5389 4780 5543 4993 5040 5179 5172 4879 5093 5391 5404 5251 5539 5006 5255 5440 5366 5402 5548 5258 5332 5049 5295 5495 5154 5393 5267 5082 4620 4707 5684 5041 5106 5563 5098 5291 4852 5275 5458 5517 5281 5400 5426 5175 5146 4938 5663 5156 4859 5368 4612 5074 4945 5179 5088 5237 5578 4997 5541 5248 5217 5249 5249 5123 5251 5442 5124 5305 5198 4810 5377 5300 5295 5190 5300 5052 5469 4866 5222 5306 5480 5173 5064 5008 4882 5658 4947 5265 5073 4955 5031 5431 5126 5429 5514 5349 5373 5363 4945 5096 5451 5733 5044 4993 5477 5465 5288 5277 5386 5437 5541 4720 5273 5079 5590 5376 5568 5107 5351 4838 5311 5281 5143 4991 4874 5072 5017 5316 
4861 5206 4876 5118 5250 4732 5316 4912 5272 5148 5406 5117 5220 4841 5105 5032 5232 5158 5050 5075 4526 5474 4923 5486 4770 4938 5236 5525 5293 5096 4976 5592 5291 5014 5337 5346 5180 4795 5038 5004 4968 5208 5102 5323 4898 5296 5319 5103 5245 5368 5111 5266 4815 5447 5383 5246 5277 4701 4811 5249 5385 5340 4603 5260 5140 4905 5108 5192 5477 5515 5153 5077 4811 4872 5051 4994 5357 5466 5127 5528 4758 5181 5049 5349 5318 5312 5290 5338 5352 5451 5784 5119 5039 5517 5064 5588 5376 5172 4932 5389 5272 5290 4952 5357 5062 5168 4802 5013 4654 5240 5215 5385 4979 5411 5041 5088 5741 5349 5299 5067 5054 5416 5010 4983 4963 5256 4971 5552 5031 4813 5686 4889 4704 5170 5000 4683 4977 5456 5409 5256 5290 4644 5266 5086 4974 5182 5374 5374 5192 4947 5100 5544 5299 5224 4991 5056 4660 4785 5715 4987 5194 5413 4975 5141 4859 5301 4922 5588 5429 5265 5286 4958 5178 5073 5407 5286 4755 5179 4829 4650 5409 5242 4825 5161 5314 4825 5466 5446 5031 4896 5397 4967 4853 5133 5169 5088 4995 4856 5239 5227 4736 5148 5369 4975 5161 4927 5233 5294 5597 5030 5327 5108 5115 5426 5089 4992 5213 4747 4683 5069 5232 5169 5396 5391 5081 5488 4902 5054 5321 5461 4995 4960 5344 4981 5035 5088 5302 5219 5483 4785 5181 5294 5378 5065 5035 5082 5128 4637 5174 5435 5129 5116 4889 5346 4935 5016 
5097 5260 5085 5067 5193 4621 5295 5106 5270 5265 5392 5008 5182 4790 5101 4864 5566 5209 5289 5293 4710 5420 5316 5474 5294 5205 4904 5083 5176 5289 5145 5691 5322 5189 5255 4992 5304 4828 4881 5251 5196 5371 4886 5282 5241 5162 5296 5336 5178 5312 5271 5436 4805 5165 5038 5132 5528 5049 4941 5062 5455 5458 4845 5188 5567 4973 5335 5165 5584 5359 5405 5113 4817 5305 5101 5024 5319 5390 5069 5685 5150 5336 4754 5016 5388 5411 5114 5160 5612 5403 5826 5362 4948 5357 5110 5834 5237 4801 5070 5304 5561 5629 5221 5202 5025 5585 4888 4941 4889 4875 5574 5690 5078 5592 5378 5011 5739 5546 5433 5378 5300 5499 5376 5271 5016 5504 5451 5594 5256 5063 5585 4953 5255 5088 5153 4751 4977 5353 5500 5355 5610 5078 5625 5475 5337 5391 5371 5056 5442 5025 5029 5632 5166 5582 5066 4966 4941 4805 5501 4854 5283 5490 5090 5281 5117 5331 5615 5571 5370 5225 5440 5078 5289 5288 5364 5127 4832 5434 4666 4855 5407 5078 4840 5205 5507 4980 5620 5135 5291 5115 5464 5404 5313 5111 5104 5337 5213 4777 5664 5561 5214 5068 5307 5195 5388 4908 5216 5001 5376 5069 5041 5288 5139 5212 5247 5213 5152 4966 5019 5439 5397 5394 5273 5608 5460 5447 4925 5146 5536 5430 4815 5058 5432 5183 5360 5262 5278 5177 5422 4666 5272 5269 5566 5440 5092 4991 5338 4964 5100 5320 4890 4923 5042 5435 5067 5373 
5500 5627 5123 5343 5257 5074 5441 5351 5578 5367 5985 5541 5363 5249 5440 5353 6107 5592 5284 5588 5081 5984 5594 5528 5358 5379 5497 5470 5488 5532 5226 5727 5562 5346 5797 5451 5658 5381 5144 5461 5381 5396 5344 5587 5650 5344 5828 5678 5558 5572 5791 5490 4953 5720 5399 5483 5598 5205 5342 5365 5728 5847 4995 5526 5524 5578 5616 5517 6236 5759 5586 5566 5182 5828 5182 5165 5653 5951 5434 5924 5526 5616 5092 5494 5672 5644 5500 5655 5885 5825 6055 5474 5336 5717 5309 5698 5717 5149 5462 5675 5621 5682 5279 5352 5460 5812 5302 5601 5353 5487 5458 5911 5326 5777 5759 5534 5850 5937 5889 5411 5391 5600 5596 5393 5623 5667 5799 5942 5564 5253 5585 5335 5250 5409 5239 5100 5379 5805 6015 5366 5609 5429 5825 5508 5330 5387 5575 5396 5681 5774 5616 5547 5320 5533 5463 5286 5005 5041 6023 5384 5435 5486 5440 5421 5131 5373 5809 5822 5629 5754 5379 5439 5364 5449 5742 5631 5154 5792 5155 5144 5681 5451 5058 5628 5625 4995 5613 5599 5150 5495 5431 5655 5272 5648 5378 5883 5457 5244 5896 5830 5314 5324 5322 5258 5583 4966 5562 5439 5717 5349 5594 5612 5285 5639 5293 5794 5476 5167 5333 5474 5433 5715 5366 5694 5810 5712 5209 5288 5499 5791 4936 5298 5541 5774 5616 5438 5600 5626 5752 4977 5327 5797 5765 5516 5707 5320 5365 4973 5289 5686 5449 5417 5446 5352 5547 5725 
5030 4815 4864 5160 5209 4359 5079 5158 4982 4964 5235 4982 5146 4945 5119 4784 5526 5260 4986 5312 4432 5392 5000 5295 5023 4945 5003 5091 5184 4849 4943 5536 5116 5127 5270 5069 5232 4967 4948 4912 5002 5314 4666 5412 5161 5085 5364 5526 5141 5470 5135 5284 4940 5259 5086 4970 5231 4775 4801 5285 5205 5110 4746 5210 5426 5027 5426 4946 5628 5487 5230 4995 4540 5298 4884 5097 5541 5630 5018 5418 4724 5233 4903 5182 5115 5271 5016 5263 5363 5454 5440 4933 5029 5305 4788 5123 5004 4857 5419 5418 5460 5385 5025 5292 5046 5292 4984 5123 4956 5047 5321 5261 4990 5398 5421 4897 5877 5522 5376 5162 5174 5162 5056 4735 4923 5115 5354 5463 5188 4797 5271 4806 5013 5144 5143 4718 4891 5311 5361 5379 5289 4776 5128 5232 5040 5474 5305 5207 5352 5230 4838 5520 5439 5408 5293 4898 4581 4838 5280 4986 5002 5450 4720 4982 4656 5149 5195 5595 5186 5219 5326 5271 5040 5392 5188 5077 4708 5236 4666 4896 5074 5076 4919 5251 5140 5037 5217 5164 5090 5070 5125 4991 4934 5283 4946 5509 5260 4673 5370 5517 5017 4963 5050 5197 4849 5005 5228 5255 5373 5132 5101 5007 5019 5381 5047 5306 4761 5030 5151 5129 5020 5212 5188 5476 5491 5386 4845 4970 5415 5538 5027 5052 5080 4880 5325 5198 5174 5099 5628 4509 5139 5000 5411 5211 5438 5198 4847 4794 5052 5311 4794 5017 4919 5141 5052 5015 
5268 5473 5075 5076 5378 4956 5449 5449 5368 5249 5645 5218 5390 5231 5437 5165 5716 5707 5249 5504 5001 5883 5347 5471 5283 5340 5448 5594 5456 5449 4981 5741 5587 5265 5551 5376 5581 5286 5222 5146 5343 5774 5075 5466 5317 5499 5751 5536 5372 5708 5506 5716 5184 5701 5263 5326 5801 5107 5333 5227 5511 5669 5282 5720 5917 5532 5702 5281 5830 5747 5598 5318 5273 5561 5073 5312 5536 5623 5268 5665 5133 5621 5463 5439 5342 5453 5530 5458 5700 5807 5878 5294 5295 5731 5260 5589 5439 5424 5473 5748 5784 5723 5353 5447 5456 5791 5258 5357 5217 5285 5527 5622 5283 5720 5567 5208 6001 5655 5799 5443 5403 5628 5624 5404 5183 5715 5586 5950 5505 5179 5722 5312 5041 5393 5536 4926 5301 5498 5833 5342 5612 5124 5412 5479 5402 5494 5827 5138 5659 5395 5493 5783 5636 5620 5406 5080 5045 5116 5780 5159 5583 5603 5150 5366 5414 5539 5496 5678 5465 5548 5578 5288 5395 5190 5702 5359 5014 5851 5004 5467 5439 5452 5247 5218 5559 5252 5562 5574 5215 5538 5494 5502 5163 5416 5212 5490 5386 5365 5690 5732 5336 5379 5659 5338 5690 5415 5383 5682 5657 5641 5346 5378 5146 5710 5215 5748 5350 5379 5188 5416 5348 5410 5659 5589 5464 5686 5146 5479 5640 5823 5310 5180 5617 5548 5525 5514 5593 5672 5906 5016 5493 5385 5828 5568 5664 5247 5397 5057 5552 5798 5437 5138 5156 5458 5256 5520 
5202 5270 4964 4906 4990 4711 5070 4981 5006 4772 5197 4891 4881 4728 5050 4661 5474 5232 5094 5200 4694 5224 4715 5391 4915 4773 4967 4995 5034 4824 4831 5734 5018 5126 5045 5032 5135 4667 4944 4672 4769 5048 4941 5177 4945 4976 5035 5015 5092 5183 5212 5237 4746 5356 4726 4910 5161 4828 4683 4988 5077 4941 4704 5181 5292 4912 5315 4849 5444 5143 5224 5052 4623 5202 4927 4930 5261 5403 4724 5242 4800 5359 4662 5285 5244 5272 5022 5360 5275 5160 5537 4781 5119 5131 5061 5404 4987 4899 4913 5483 5443 5165 4893 4906 4881 4959 4782 5330 4941 4686 5142 5346 4981 5211 5084 4960 5371 5263 5229 5171 5143 5100 5216 4997 4869 5360 5220 5499 5189 4658 5449 4915 4875 4977 4985 4652 4838 5293 5345 5216 5350 4847 5290 5129 4997 5221 4953 4768 5105 5060 5373 5399 5246 5014 5025 4523 4646 4471 5417 4648 5251 5355 4712 5073 4827 4821 5118 5161 5060 5215 4915 4857 4972 5189 5019 4902 4601 5180 4735 4815 5263 5059 4836 5251 5354 4864 5339 5308 4831 5034 5081 5325 4847 5040 4784 5309 4949 4698 5065 5201 4898 4940 5131 5300 5100 4727 4957 5112 5211 4962 5046 5041 4869 5059 4947 4875 5051 4970 4866 4983 5230 5257 5178 5331 5522 5490 4989 4841 5354 5290 4847 4804 5115 4984 5143 5138 5181 5122 5574 4733 4957 5069 5321 5085 5246 4911 4987 4556 5138 5255 4806 4849 5000 5210 4605 4992 
5081 5169 4870 4989 5119 4921 5369 5184 5142 5087 5613 5175 5258 4964 5039 5021 5689 5639 5040 5326 4852 5638 5174 5549 5350 5168 5239 5434 5255 5098 4948 5528 5179 5062 5273 5168 5359 4842 5160 5171 5332 5375 4982 5386 5583 5222 5469 5482 5110 5565 5144 5372 4825 5471 5082 4867 5599 5042 4565 5219 5216 5515 4813 5266 5520 5062 5121 4922 5689 5479 5376 5318 4828 5638 4811 4997 5118 5384 5140 5513 5126 5204 5032 5300 5304 5238 5061 5510 5440 5560 5705 5011 5098 5390 5074 5318 5309 4847 5383 5247 5511 5624 5120 5232 5272 5705 5127 5232 4685 5235 5479 5291 5032 5521 5402 5186 5659 5833 5494 5313 5482 5405 5287 5219 5108 5435 5771 5494 5188 4896 5554 5149 5028 5458 5184 4909 5178 5539 5417 5413 5586 4874 5479 5284 5284 5368 5522 5098 5246 5099 5103 5387 5113 5362 5182 4942 4593 4699 5488 5131 5169 5437 4961 5370 4953 5103 5577 5551 5150 5076 5196 5398 5188 5166 5378 5054 4975 5441 4545 4807 5237 5161 5108 5242 5469 4855 5219 5337 5088 5129 5365 5440 5075 5245 4807 5336 5547 4901 5282 5359 5355 5292 5477 5082 5410 4836 5088 5123 5531 5018 5098 5196 5218 5245 5402 5286 5049 4929 5101 5359 5331 5681 5212 5656 5610 5358 4857 5128 5454 5392 5051 5214 5485 5216 5260 5437 5080 5174 5425 4860 5289 5200 5753 5525 5353 5292 5219 5177 5427 5483 4932 4985 5223 5180 5052 5391 
5073 4976 4868 5042 5100 4700 5363 5014 5082 4931 5476 4854 4861 4670 4990 4748 5297 5355 5014 5359 4993 5345 4789 5279 5007 5040 4727 5147 5333 4882 4653 5490 5197 5074 5120 5248 5085 4814 4971 4873 4926 5049 4873 5010 5183 4950 5333 5507 4946 5306 5491 5179 4531 5170 4913 5182 5102 4878 5000 4843 5052 5174 4781 5247 5149 5026 5039 4870 5429 5424 4942 4993 4484 5073 4917 4766 5253 5235 5126 5279 5035 5438 4661 5225 5126 5019 4737 5372 5500 5401 5629 4873 4854 5198 4869 5432 5094 4933 5011 5284 5194 5302 5117 5043 5056 5088 4698 4736 4765 4997 5305 5287 4753 5459 5232 4760 5473 5174 5425 4967 5193 5255 5092 5159 5063 5191 5334 5509 5273 4864 5509 4729 4904 5047 5217 4485 5033 5360 5286 5181 5422 4702 5237 5235 4859 5237 5187 4960 5239 5098 5082 5395 4962 5019 5052 4761 4757 4801 5489 5011 5098 5347 4709 5071 4778 4917 5091 5188 5167 5245 4968 4962 5296 5154 5296 4988 4576 5276 4811 4923 5262 5032 4841 5103 5086 4995 5296 5363 4948 5171 4951 5137 5188 4994 4658 5138 5168 4519 5165 5387 5038 5145 5108 5110 5105 4607 4982 5122 5332 4945 5101 5051 4803 5211 4900 5392 4946 4767 4833 4998 4972 5364 5246 5417 5380 5074 4957 5048 5115 5038 4947 4846 5271 4962 5364 4824 4976 5162 5551 4604 5014 5238 5508 5097 4922 4752 4990 4793 5293 5451 4629 4558 4976 5095 5024 5239 
5335 5322 5049 5184 5261 4808 5330 5223 5112 5073 5327 5031 5183 4774 5288 4941 5847 5494 5326 5560 4729 5648 5310 5587 5116 5186 5110 5217 5618 5004 5283 5518 5088 5365 5405 5209 5379 5123 5327 5168 5091 5346 5238 5373 5336 5320 5559 5544 5029 5533 5260 5453 4919 5351 5017 5491 5470 5111 4790 5120 5390 5733 4945 5328 5536 5244 5409 4988 5910 5562 5404 5453 5184 5330 4945 5050 5350 5653 5242 5629 5002 5495 5124 5236 5444 5410 5152 5365 5655 5349 6002 5206 5289 5407 5176 5479 5375 5014 5160 5700 5624 5586 5116 5431 5398 5391 5104 5198 5013 5227 5452 5660 4983 5442 5488 5074 5951 5709 5635 5061 5237 5662 5552 5015 5101 5293 5380 5808 5327 4999 5517 5098 5072 5364 5282 4870 5238 5419 5570 5309 5611 5203 5635 5565 5293 5563 5564 5495 5522 5234 5458 5900 5525 5496 5336 5018 4942 4851 5844 5188 5264 5324 5002 5311 4768 5011 5359 5573 5388 5407 5433 5456 5195 5445 5433 5180 4950 5704 4796 5036 5511 5208 5166 5213 5401 5049 5423 5430 5012 5152 5261 5218 5192 5203 5000 5416 5120 4955 5597 5595 5058 5220 5367 5198 5263 5073 5047 5476 5721 5220 5313 5259 4894 5151 5185 5441 5141 5104 5275 5434 5235 5511 5464 5606 5715 5549 5019 5339 5541 5416 4999 5045 5434 5206 5374 5300 5405 5541 5588 4941 5427 5189 5688 5346 5578 5396 5222 4780 5316 5586 5145 4999 5023 5285 5109 5412 
5131 5535 5014 5071 5352 5126 5406 5479 5182 5106 5754 5109 5104 5183 5235 4752 5919 5254 5400 5324 4787 5620 5402 5442 5258 5462 5432 5599 5502 5419 4934 5837 5388 5292 5167 5463 5467 5189 5208 5333 5190 5707 5105 5446 5455 5536 5563 5558 5281 5553 5333 5402 4996 5425 5285 5536 5492 4898 5243 5192 5506 5751 5166 5562 5521 5136 5389 5281 5740 5298 5530 5446 5149 5669 5137 5221 5649 5543 5543 5499 5131 5349 5015 5690 5462 5518 5275 5378 5756 5759 5899 5216 5215 5567 5158 5648 5424 5116 5449 5580 5621 5730 5172 5435 5208 5406 5126 5176 4896 5336 5289 5536 5187 5567 5660 5016 5844 5666 5604 5240 5195 5561 5412 5218 5097 5487 5592 5840 5347 5069 5565 5098 5107 5151 5194 5178 5175 5689 5608 5394 5708 4993 5481 5369 4997 5742 5468 5483 5686 5172 5408 5598 5580 5337 5481 5446 5009 4725 5907 5314 5189 5627 5201 5365 5336 5494 5524 5880 5553 5599 5100 5313 5367 5300 5377 5321 5371 5324 5084 4973 5555 5179 5227 5267 5581 5154 5333 5529 4880 5466 5348 5437 5302 5418 4737 5687 5196 5309 5650 5676 5272 5387 5613 5256 5456 4959 5422 5406 5482 5360 5400 5258 5191 5620 5312 5616 5144 5208 5244 5210 5297 5404 5406 5356 5590 5565 5232 5212 5705 5274 4965 5035 5425 5374 5331 5102 5473 5757 5885 5032 5370 5445 5661 5568 5386 5344 5119 4904 5430 5534 5095 5190 5169 5539 5027 5276 
5425 5523 5482 5614 5881 5264 5377 5726 5546 5331 5833 5602 5651 5313 5539 5357 5995 5814 5542 5545 5128 6079 5800 6096 5678 5529 5726 5694 5790 5484 5317 6060 5501 5329 5644 5718 5657 5378 5548 5532 5412 5581 5352 5702 5722 5462 5798 5492 5687 5691 5684 5718 5351 6034 5551 5431 5978 5171 5158 5537 5566 6017 5349 5842 5786 5427 5578 5364 6186 5910 5830 5596 5391 5677 5239 5240 5594 6031 5505 5843 5500 5684 5481 5556 5499 5860 5431 5740 5680 6212 6109 5638 5379 5650 5376 5900 5668 5452 5686 5971 5928 5981 5343 5613 5753 5727 5212 5615 5437 5416 5883 5690 5276 5996 5811 5345 6268 5843 6023 5681 5502 5617 5736 5520 5514 5794 5830 5998 5694 5269 5944 5602 5470 5368 5591 5063 5407 5952 5984 5581 5849 5225 5760 5688 5595 5835 5890 5443 5663 5713 5652 6008 5806 5673 5427 5147 5369 4967 6309 5603 5421 5759 5578 5466 5278 5572 5552 5907 5689 5679 5620 5478 5483 5633 5816 5648 5264 5725 4920 5441 5602 5670 5337 5562 6052 5265 5710 5566 5280 5674 5568 5618 5486 5669 5390 5708 5504 5287 5613 5839 5253 5651 5874 5398 5436 5226 5561 5945 5927 5352 5440 5480 5446 5759 5535 5751 5439 5383 5439 5463 5397 5598 5879 5574 5907 5561 5398 5504 6065 5987 5423 5572 5843 5648 5674 5591 5788 5862 5762 5228 5706 5583 5895 5662 5774 5437 5749 5018 5812 5893 5551 5099 5357 5565 5496 5607 
5351 5125 5220 5328 5457 4823 5479 5467 5512 5226 5523 5031 5338 5134 5236 5142 5616 5392 5229 5463 4616 5538 5230 5666 4984 5215 5168 5411 5461 5228 5057 5539 4936 5289 5394 5059 5449 5199 5073 5346 5150 5524 5204 5457 5370 5319 5565 5481 5155 5691 5334 5496 4997 5615 5162 5162 5298 4834 5121 5152 5564 5444 5066 5565 5648 5209 5506 5268 5995 5539 5592 5316 4903 5528 5209 4956 5546 5409 5171 5661 5150 5454 5006 5279 5335 5378 5267 5362 5604 5689 5624 5283 5259 5373 5298 5495 5361 5155 5474 5601 5619 5765 5222 5452 5401 5466 4896 5121 5027 5145 5742 5634 4980 5633 5400 5130 5982 5597 5769 5276 5350 5322 5511 5296 5309 5378 5629 5510 5416 4911 5676 5084 4945 5279 5608 4985 5322 5623 5853 5514 5548 5279 5544 5483 5155 5331 5481 5270 5314 5124 5147 5648 5306 5487 4936 4983 4834 4890 5806 5427 5351 5708 5039 5374 5115 5253 5359 5675 5230 5465 5233 5280 5175 5270 5552 5262 4988 5587 4627 5137 5330 5236 5200 5425 5568 5073 5576 5507 5035 5409 5270 5371 5326 5296 5052 5526 5296 5168 5498 5445 5132 5603 5418 5544 5313 5004 5403 5377 5642 5158 5001 5152 5188 5482 5404 5338 5101 4897 5259 5515 5389 5594 5739 5644 5333 5473 5124 5477 5875 5726 5446 5127 5187 5294 5224 5201 5375 5442 5608 4981 5242 5286 5892 5314 5343 5134 5155 5040 5410 5634 5272 5255 5162 5495 5285 5416 
5257 5416 5055 4973 5568 4752 5311 5163 5305 5182 5403 5044 4962 5022 4987 4849 5802 5158 4990 5338 4730 5831 5365 5645 5206 5293 5206 5191 5200 5096 4888 5839 5376 5342 5096 5196 5296 4851 5060 5190 4969 5652 5263 5571 5525 5257 5408 5563 5254 5495 5416 5407 4726 5456 5099 5388 5412 4893 5018 4965 5319 5415 5216 5299 5444 5403 5378 4878 5686 5511 5232 5245 4877 5365 4902 4985 5638 5611 5222 5660 5269 5270 4962 5311 5395 5401 4925 5384 5415 5593 5596 5006 5089 5422 5130 5515 5308 4914 5433 5617 5472 5319 5072 5374 5434 5501 5282 5248 5124 5144 5252 5406 5145 5591 5142 5185 5725 5588 5678 5358 5333 5174 5288 5199 5157 5597 5260 5755 5230 4709 5659 5076 5084 5052 5127 4734 5343 5323 5545 5294 5581 5113 5208 5202 5123 5364 5611 5108 5324 5115 5210 5536 5310 5628 5228 5077 5095 4831 5539 5220 5410 5306 5290 5322 4889 5450 5515 5714 5655 5281 5221 5439 5338 5207 5418 5144 4863 5781 4511 5207 5268 5023 4920 5287 5553 4854 5718 5490 5113 5285 5229 5133 5119 5440 5040 4971 5335 4815 5584 5688 5305 5145 5635 5123 5282 5000 5223 5193 5889 5216 5086 4964 5138 5288 5253 5279 5358 5001 5035 5276 5301 5248 5482 5615 5458 5471 4810 5035 5300 5499 5031 5304 5288 5337 5409 4955 5322 5387 5627 4737 5018 5324 5786 5268 5582 5091 5197 5171 5209 5512 5386 4941 5011 5190 4973 5327 
4962 5262 4744 5218 5282 4940 5412 5637 5272 4972 5432 4941 5053 5054 5395 5267 5463 5596 5133 5614 5003 5493 5198 5552 4956 5160 5296 5406 5141 5584 4894 5828 5350 5196 5580 4982 5272 4883 4945 5200 5233 5227 5302 5433 5076 5498 5375 5478 5242 5380 5308 5679 4957 5846 5115 5047 5217 4870 5362 5318 5357 5411 5223 5545 5111 5082 5445 4927 5688 5488 5067 5301 4883 5410 4898 5281 5407 5560 5097 5481 5102 5270 5278 5345 5213 5175 5059 5369 5432 5484 5857 5042 4884 5624 4994 5473 5436 5073 5110 5655 5740 5418 5188 5284 5430 5464 4914 5244 5061 5238 5338 5573 5023 5661 5485 4971 5785 5706 5561 5242 5087 5386 5181 5059 5331 5474 5473 5703 5202 5082 5476 5015 5110 5144 5112 4655 5122 5539 5320 5385 5584 5127 5312 5400 4926 5336 5642 5453 5234 5231 5400 5674 5328 5277 5267 5005 5002 5102 5466 5218 5369 5566 5077 5272 5097 5422 5288 5521 5450 5574 5208 5355 5259 5118 5654 5378 5062 5390 4701 4930 5484 5119 5064 5099 5285 5362 5653 5703 5009 5338 5313 5173 5105 5301 4789 5068 5274 5007 5443 5619 4781 5298 5464 5259 5244 5140 5236 5600 5597 5158 5288 5402 4892 5470 5349 5295 5043 5186 5275 5141 5122 5530 5520 5838 5497 5584 4888 5341 5576 5437 5067 4937 5371 5168 5555 5361 5257 5459 5765 4794 5278 5282 5118 5317 5508 5315 5475 4937 5354 5607 4795 5030 4906 5272 5087 5247 
5446 5591 5121 5072 5719 4924 5595 5216 5353 5548 6012 5049 5541 5356 5503 5347 5762 5337 5476 5724 5239 5762 5405 5568 5357 5287 5501 5678 5582 5294 4989 6083 5351 5597 5502 5208 5792 5146 5204 5244 5478 5770 5220 5572 5371 5111 5393 5725 5532 5720 5289 5834 5069 5662 5524 5269 5915 5337 5269 5311 5428 5651 5207 5765 5582 5452 5517 5192 5904 5837 5341 5452 5145 5540 5168 5186 5663 5738 5352 5563 5300 5493 5287 5536 5603 5667 5461 5469 5769 5573 5930 5187 5368 5817 5408 5626 5659 5170 5231 5595 5780 5652 5032 5686 5689 5901 5336 5427 5053 5232 5486 5362 5180 5794 5575 5281 6074 5488 5551 5511 5284 5873 5555 5411 5202 5617 5425 5706 5669 5088 6113 5349 5106 5538 5307 4913 5224 5709 5737 5617 6068 5150 5603 5795 5287 5697 5814 5458 5414 5550 5403 5877 5456 5723 5374 5211 5209 5278 5787 5214 5724 5494 5234 5437 5345 5358 5626 5750 5537 5315 5485 5545 5412 5318 5708 5556 5086 6067 4665 5031 5546 5209 5006 5434 5936 5316 5590 5564 5214 5593 5451 5505 5352 5265 4890 5505 5175 5266 5541 5409 5244 5427 5361 5308 5586 5075 5324 5635 5807 5529 5270 5335 5177 5713 5541 5209 5444 5377 5179 5452 5487 5574 5522 5732 5730 5547 4978 5333 5671 5806 5177 5123 5517 5461 5521 5460 5654 5353 5802 4881 5508 5282 6231 5499 5453 5290 5610 5097 5453 5805 5250 5068 5625 5500 5336 5654 
4874 5054 4842 4884 4902 4501 4982 5159 4849 4910 5136 4845 5019 4737 5354 4881 5427 5163 5078 5245 4490 5075 4943 5263 5069 5114 5193 4996 5208 4940 4608 5468 5215 5337 5196 4841 5137 4725 4772 5053 4985 5118 5007 4873 4967 5031 5028 5107 4878 5137 5048 5073 4465 5200 4869 4945 5168 4808 4758 5142 5090 5382 5141 5151 4980 4861 5361 4534 5451 5107 4874 5057 4931 5079 4723 4586 5235 5406 4919 5220 4703 5193 4947 5245 5154 5272 5106 5043 5605 5215 5463 4814 4952 5137 4907 5233 5156 4780 4906 5421 5128 5128 4867 5018 5134 4983 4710 4968 4704 5066 5151 5290 4632 5446 5198 4787 5138 5375 5097 5002 5015 5047 5183 5217 4786 5131 5153 5532 5223 4743 5194 4981 4715 4835 5017 4670 5036 5274 5129 4950 5140 4722 5366 5151 4972 5219 5400 5017 4983 4942 5129 5538 4881 5169 5259 4908 4712 4856 5273 4999 5384 5122 4644 5055 4734 4829 4995 5246 5103 5331 5035 4964 5032 4819 5205 5219 4888 5289 4617 4697 4948 4795 4608 5006 5169 4838 5197 4860 4736 5050 4717 5017 5080 5073 4808 5202 4866 4880 5192 4917 4825 4910 4910 4884 5108 4666 5099 5329 5407 4840 4858 5277 4955 5318 5131 4816 5076 4586 5024 4896 4976 5251 5065 5410 5282 5243 4899 4931 5183 5058 4851 4795 5359 5104 5237 4980 5041 5068 5368 4454 5185 5109 5572 4858 5135 5026 5140 4566 5253 5125 4957 4796 4737 5159 5097 5017 
5048 5237 4438 5227 5170 4782 5385 5239 5118 5169 5496 5400 5155 5130 5275 4984 5521 5275 5045 5500 4835 5840 5310 5363 5133 5098 5133 5444 5346 5093 5100 5572 5300 5259 5125 5266 5453 5131 4891 5048 5169 5461 5035 5578 5320 5199 5543 5578 5127 5696 5367 5429 5008 5532 4859 5145 5525 4895 4813 5333 5340 5632 4792 5444 5499 5132 5350 5153 5694 5604 5264 5299 5136 5031 4724 5157 5345 5707 5304 5346 4915 5212 5104 5481 5469 5315 5301 5272 5505 5413 5540 4985 5277 5435 5207 5397 5438 5191 5243 5338 5474 5265 5227 5374 5432 5285 5115 5218 4934 5279 5361 5629 4988 5602 5400 5006 5786 5500 5664 5376 5225 5453 5395 4978 4878 5456 5431 5710 5449 5006 5425 4919 5092 5435 5126 4746 5224 5455 5408 5290 5423 4737 5415 5369 5120 5487 5524 5131 5309 5000 5122 5501 5312 5352 5149 5055 4699 4938 5492 4952 5180 5372 5119 5182 4953 5201 5289 5562 5239 5424 5313 5234 5036 5095 5397 5397 4929 5452 4726 5079 5453 4928 5071 5202 5359 4965 5540 5234 5084 5058 5303 5343 5024 5435 4907 5182 5291 4878 5391 5349 5025 5120 5093 5238 5253 4878 5352 5215 5597 5090 5132 5111 5234 5402 5132 5209 4900 4972 5028 5134 5260 5464 5144 5438 5372 5253 4802 5046 5318 5200 5063 4917 5599 5330 5384 5132 5059 5147 5354 4625 5172 5364 5615 5444 5123 5063 5197 5011 5358 5437 5125 4835 5148 5204 5074 5248 
5097 5553 4883 5400 5383 4932 5500 5327 5568 5265 5572 5355 5252 5212 5263 5002 5566 5488 5072 5566 4864 5735 5257 5539 4934 5200 5394 5441 5389 5365 5065 5837 5164 5281 5509 5241 5385 5227 5097 5161 5153 5405 5246 5761 5276 5530 5564 5587 5364 5528 5500 5479 5079 5429 4913 5226 5421 5150 5125 5311 5570 5642 5228 5346 5496 5257 5538 5031 5692 5447 5611 5247 5078 5530 4928 5253 5255 5613 5066 5669 5302 5378 5046 5570 5617 5239 5549 5489 5587 5817 5720 5203 5187 5564 5256 5625 5499 4919 5305 5623 5758 5638 5267 5615 5248 5674 5110 5129 4925 5341 5558 5481 5288 5776 5423 5153 5960 5614 6007 5500 5192 5288 5399 5083 5398 5585 5840 5900 5591 5038 5675 5366 5295 5429 5207 4803 5368 5477 5707 5585 5679 5027 5602 5522 5164 5452 5489 5096 5438 5250 5362 5691 5341 5452 5231 5143 5138 5062 5649 5337 5157 5693 5401 5161 4850 5217 5693 5845 5312 5287 5715 5248 5319 5403 5408 5313 4966 5551 4859 5062 5492 5194 4994 5202 5598 5151 5705 5702 5182 5550 5587 5346 5457 5406 5070 5133 5234 5161 5741 5717 5102 5108 5463 5545 5388 4871 5151 5323 5665 5307 5180 5459 5406 5630 5392 5329 5405 5162 5237 5404 5256 5360 5478 5549 5503 5552 4932 5635 5653 5687 5337 5143 5687 5511 5496 5438 5305 5343 5808 4580 5374 5205 5479 5372 5455 5128 5306 5240 5159 5573 5417 5189 5252 5316 5313 5495 
5366 5226 5002 5292 5159 4781 5469 5518 5356 5279 5579 4978 5285 5030 5393 5214 5895 5305 5106 5448 4850 5524 5216 5331 5043 5099 5218 5212 5362 5280 5158 5672 5345 5140 5340 4993 5463 5054 4845 5159 4898 5448 5051 5252 5338 5399 5635 5606 5053 5469 5428 5325 4887 5629 5105 5128 5304 5254 4921 5075 5406 5516 4919 5529 5539 5130 5342 4814 5907 5356 5330 5150 4990 5558 5142 5057 5314 5669 5156 5428 5177 5398 5102 5596 5464 5469 5338 5352 5559 5684 5580 5282 5018 5393 5163 5494 5248 5247 5261 5531 5358 5263 5113 5219 5190 5478 5093 5334 5020 4969 5341 5228 5072 5657 5289 5077 5608 5371 5551 5239 5199 5367 5388 5243 5310 5540 5551 5572 5302 4922 5546 5185 5240 5185 5307 4688 5337 5637 5517 5117 5558 4940 5278 5374 5105 5220 5522 5176 5414 5135 5251 5480 5652 5491 5377 5055 4784 5010 5765 5172 5189 5256 5167 5198 5116 5254 5223 5495 5396 5409 5514 5237 5012 5137 5565 5279 5135 5659 4835 4962 5244 5273 5173 5231 5522 4976 5448 5437 5037 5167 5239 5237 5244 5336 5136 5389 5120 4932 5591 5512 5257 4943 5468 5409 5411 4786 5409 5248 5734 5279 5205 5244 5075 5553 5192 5400 5178 5246 5397 5319 5046 5557 5398 5430 5433 5413 5000 5261 5209 5373 5014 5116 5391 5184 5267 5238 5108 5474 5561 4673 5148 5300 5613 5451 5580 5114 5379 5046 5433 5466 5192 5232 4789 5320 5188 5208 
5089 5022 4988 4815 5027 4491 5386 5080 5052 4923 5364 4933 5260 5068 4989 4923 5519 5315 5002 5087 4742 5261 5228 5426 5015 5223 5022 5224 5061 4997 4807 5337 5039 5190 4913 4908 5431 5084 4840 5364 4854 5210 4868 5316 5182 5201 5271 5359 5105 5252 5093 5170 4603 5199 5098 5095 5027 4841 5131 4889 5296 5387 4623 5239 5259 4883 5173 4968 5619 5231 5196 5097 4687 5252 4976 4906 5205 5160 4985 5572 4756 5124 4865 4999 5391 5130 5229 5174 5425 5100 5626 4759 4903 5202 4761 5149 5067 4852 5321 5100 5214 5172 4903 5055 5096 5518 4605 4749 4749 4833 5132 5229 4711 5394 5219 4911 5311 5222 5264 4940 4844 5286 5012 4851 5132 4989 5340 5489 5249 4889 5389 4934 4723 5000 4797 4649 4985 5375 5462 5203 5416 4875 5248 5194 4929 5170 5403 4884 5110 4810 5010 5502 5200 5336 5026 4998 4599 4908 5670 5102 5314 5296 4779 5124 4938 4964 5004 5661 5162 5185 5086 5246 5087 4981 5325 4974 4845 5416 4653 5013 5270 4789 4975 5037 5165 4643 5348 5251 4733 4855 4982 4963 5008 4859 5021 5239 4793 4755 5251 5367 5043 4951 5015 4882 5186 4873 4657 5061 5525 4854 5161 5087 5060 5367 5005 5059 4797 4835 4856 4949 4842 5159 5177 5383 5343 4886 4628 4826 5234 5356 5067 4887 5286 4921 5131 4954 5153 5212 5601 4569 4945 5277 5402 5185 5021 5220 4977 4619 5153 5324 5032 4863 4802 5049 4817 4977 
4990 5185 5209 5025 5309 4765 4943 5189 5312 5181 5574 5133 5324 4771 5369 5024 5705 5216 5092 5279 4913 5538 5278 5654 5103 4949 5070 5335 5215 5293 4972 5387 5302 5379 4898 5140 5313 4985 5075 5166 5166 5550 5230 5439 5295 5400 5354 5361 5210 5316 5423 5332 5011 5301 5326 5145 5263 4865 4977 5196 5197 5548 5266 5413 5396 5183 5574 4865 5742 5353 5541 5244 5049 5555 5166 4847 5170 5695 5187 5298 5099 5354 5167 5541 5304 5390 5325 5431 5389 5621 5737 5295 5063 5409 5151 5759 5222 5237 5477 5655 5750 5402 5034 5335 5236 5379 5035 5160 5225 5162 5490 5806 5294 5501 5438 5059 5808 5616 5476 5226 5105 5270 5361 5163 4964 5504 5665 5668 5413 4700 5608 4909 5282 5436 5268 5083 4958 5356 5501 5326 5665 5132 5525 5418 5159 5582 5634 4952 5450 5282 5104 5665 5609 5523 5225 5167 4947 4696 5620 4951 5176 5495 5267 5372 4891 5399 5384 5668 5402 5358 5443 5378 5390 5276 5454 5071 4943 5223 4684 5219 5333 5284 5109 5192 5628 5076 5574 5515 5136 5264 5337 5504 5229 4993 5004 5114 5330 4688 5246 5309 5275 5232 5453 5168 5358 4898 5448 5404 5735 5188 5212 5074 5234 5427 5178 5527 5084 5263 5060 5134 5162 5384 5629 5385 5478 5356 5099 5185 5259 5612 4791 5003 5398 5302 5353 5339 5416 5655 5667 4737 5022 5147 5602 5442 5408 4839 5204 4956 5428 5306 5007 5164 4882 4987 5138 5265 
5229 5421 4935 5009 5357 5003 5263 5300 5178 5126 5376 5094 4964 4929 5056 5092 5530 5460 5013 5490 4650 5692 5370 5602 4817 4940 5100 5184 5246 5043 4943 5757 5358 5432 5358 5143 5165 5114 5171 5112 5325 5336 5286 5402 5242 5198 5441 5378 5080 5447 5499 5580 5031 5481 5036 5330 5333 5112 4839 5157 5518 5396 4860 5431 5340 5152 5344 5204 5524 5640 5404 5460 5034 5586 4846 5193 5365 5625 5040 5521 4976 5683 5165 5283 5290 5217 5152 5383 5575 5437 5595 5091 5088 5489 5340 5415 5181 4763 5257 5275 5656 5525 5245 5112 5297 5394 5131 5336 5051 5122 5432 5546 5002 5561 5415 5083 5546 5724 5495 5194 5011 5464 5075 5197 5280 5331 5573 5875 5450 4804 5374 4870 5107 5349 5174 4702 5177 5463 5290 5328 5525 5032 5611 5506 5376 5282 5331 5111 5390 5105 5504 5449 5199 5408 5146 4999 4949 4796 5397 5236 5459 5313 5032 5201 4628 4942 5407 5818 5347 5505 5308 5164 5410 5227 5352 5012 4865 5322 4735 4892 5362 5085 5003 5108 5458 5018 5252 5394 4932 5232 5140 5320 5161 5086 5069 5276 5191 4920 5382 5466 4943 5023 5240 5085 5342 4673 5076 5239 5676 5185 5074 4999 5171 5606 5453 5198 5167 5018 5270 5110 5099 5557 5321 5637 5578 5654 4707 4991 5442 5560 4896 4978 5338 5238 5413 5188 5458 5417 5451 4962 5185 5066 5745 5196 5402 5256 5210 4966 5287 5500 5091 4946 5111 5307 5089 5472 
5182 5238 4573 4939 5481 4644 5141 5242 5061 4899 5599 4772 5103 4830 5180 4642 5535 5109 4961 5366 4849 5218 4974 5190 4967 4943 5182 5171 5187 5007 5110 5635 5010 4927 5212 5073 5229 4974 5237 5058 4878 5415 5187 5232 5357 5065 5096 5352 5055 5218 5311 5311 4728 5249 5118 5161 5182 4747 4589 5102 4968 5423 4886 5108 5105 5092 5163 5095 5518 5286 5220 5135 4658 5131 4588 4607 5537 5246 4958 5501 4813 5360 5046 5460 5065 5223 4925 5122 5332 5489 5382 4835 4956 5115 4937 5488 5000 4808 4913 5583 5188 5306 4932 5157 4909 5195 4621 4885 4915 4926 5104 5364 4800 5288 5175 4650 5578 5383 5170 4942 4690 5256 5229 4954 4789 5039 5496 5492 5251 4651 5329 4775 4902 4936 5261 4574 4952 5249 5207 5069 5200 4892 5137 5185 4899 5095 5337 5086 5391 5035 5108 5378 5128 4889 5081 4784 4606 4549 5611 4891 5232 5050 4997 5256 4714 5003 5129 5460 5039 5095 5120 5018 5090 4965 5260 5270 5174 5371 4681 4918 5355 5034 4854 4967 5376 4835 5260 5253 4805 5160 5127 4721 5195 5274 4775 5190 5222 4954 5042 5269 5096 5067 5022 5213 5114 5114 5095 5320 5459 4835 5138 5099 5100 5122 5048 5076 4996 4677 4768 5184 4988 5277 5210 5272 5201 5404 4885 4724 5074 5485 4761 4978 5149 4967 5062 5121 5261 5415 5368 5009 5309 5012 5290 5199 5066 5015 5147 4719 5236 5376 4754 4930 4930 5083 4971 5012 
5493 5605 5440 5674 5619 5075 5670 5539 5694 5539 6010 5324 5999 5258 5428 5547 6098 5920 5504 5897 5436 5799 5421 5731 5451 5583 5564 5933 5878 5478 5319 5917 5261 5754 5560 5405 5854 5510 5497 5636 5375 5837 5592 5772 5738 5517 5920 5861 5491 6123 5727 5915 5483 5821 5368 5453 5883 5468 5419 5461 5649 5966 5305 5816 5874 5657 5852 5359 6405 5780 5848 5783 5288 5915 5306 5264 5814 5842 5508 5881 5423 5746 5672 5816 5701 5675 5611 5961 5932 5854 6341 5541 5629 5717 5530 5806 5602 5253 5651 5844 5918 5651 5560 5887 5806 6068 5209 5556 5396 5643 5753 5834 5221 5805 6011 5439 6393 5982 6025 5478 5650 5974 5787 5475 5602 5895 6014 6114 5799 5468 6105 5411 5398 5809 5696 5164 5611 5934 6066 5598 6112 5469 5942 5832 5606 5839 5748 5488 5542 5557 5563 6056 5852 5679 5823 5256 5365 5345 6094 5463 5576 5791 5471 5615 5393 5429 5831 6070 5514 5615 5700 5903 5663 5665 5884 5751 5417 5948 5140 5480 5668 5516 5628 5505 5806 5334 5854 5889 5418 5626 5860 5785 5409 5639 5297 5762 5628 5266 5652 6044 5616 5587 5735 5718 5651 5412 5809 5707 5988 5650 5651 5630 5517 5755 5653 5816 5589 5678 5359 5879 5652 5984 6087 6038 5899 5769 5348 5589 5973 5874 5494 5705 5825 5716 5647 5641 5714 5740 5929 5133 5631 5559 6111 5800 5874 5518 5676 5248 5807 5865 5332 5408 5548 5647 5592 5906 
5060 5197 4833 4822 5324 4680 5421 5189 4971 5075 5473 4925 4842 4836 5266 4988 5698 5380 5015 5408 4640 5418 5239 5494 4991 4922 5106 5255 5305 4985 4936 5611 5346 5186 5101 4948 5011 4816 4966 4950 4927 5386 5044 5494 5246 5291 5488 5345 4930 5527 5170 5515 4896 5373 5403 4979 5507 4863 4779 5384 5443 5501 4883 5033 5393 5177 5405 4982 5423 5394 5363 5332 4765 5339 4696 4788 5501 5592 5305 5373 4891 5263 4897 5298 5048 5429 5044 5445 5425 5374 5669 5171 5007 5197 5007 5441 5165 4832 5300 5522 5617 5484 4866 5337 5023 5228 4934 5080 4818 5227 5498 5369 5019 5698 5202 5029 5767 5462 5661 5138 5157 5514 5334 5264 5003 5193 5351 5361 5309 4875 5404 4733 4994 5192 5192 4648 4999 5452 5229 5426 5329 4814 5281 5215 5025 5347 5442 5284 5420 5184 4965 5481 5217 5167 5130 5263 4890 4687 5627 4876 5294 5388 5075 5390 5027 5265 5126 5674 5223 5432 5131 5091 5089 4983 5194 5245 5151 5268 4918 4899 5178 5249 5019 5376 5603 4920 5515 5445 5001 5075 5072 5097 5128 5309 5030 5463 5319 5007 5359 5304 5063 5266 5251 5116 5362 4803 5291 5106 5443 5093 5040 5117 5011 5185 5327 5215 5336 4825 5037 5130 5390 5319 5434 5263 5147 5457 4951 5109 5645 5438 5216 5001 5453 5150 5041 5104 5206 5102 5661 4857 5188 5204 5467 5262 5406 5009 5177 5009 5017 5365 5012 4845 4849 4986 4935 5348 
5346 5240 4906 5216 5399 4818 5499 5148 4965 5256 5497 5072 5026 4828 5232 4957 5793 5262 5265 5446 4864 5820 5297 5696 4931 5219 5119 5457 5334 5230 4783 5689 5102 5108 5346 5138 5360 5044 5162 5037 5070 5391 5219 5267 5306 5218 5348 5498 5349 5468 5600 5531 4801 5467 5151 5158 5440 4805 4917 5246 5386 5484 5097 5366 5523 5208 5479 5165 5878 5575 5238 5186 5077 5381 5109 5028 5265 5614 4929 5656 4941 5311 5213 5332 5234 5400 4949 5161 5433 5412 5646 4940 4930 5388 5062 5596 5453 5034 5189 5390 5533 5386 4944 5247 5348 5498 5010 5421 4623 5254 5502 5446 4975 5508 5185 5223 5623 5313 5464 4963 5190 5340 4995 5113 5190 5556 5579 5560 5384 4879 5531 5049 4984 5337 5088 4928 5299 5471 5289 5359 5360 4690 5244 5544 5087 5566 5596 5270 5206 5565 5323 5634 5399 5364 5255 5077 4745 5091 5659 5123 5207 5495 5084 5216 4835 5538 5409 5542 5256 5470 5319 5262 5320 5159 5612 5469 5001 5492 4777 4855 5531 5125 5202 5313 5507 5011 5425 5622 5126 5410 5079 5161 5165 5225 5029 5124 5048 4778 5564 5455 5086 5048 5259 5288 5397 5149 4966 5529 5547 5218 5171 5055 5056 5176 5199 5286 5115 5038 4961 5272 5441 5327 5330 5457 5532 5742 5056 4932 5479 5583 4966 5025 5339 5299 5150 5138 5348 5508 5741 4964 5092 5275 5674 5050 5361 5322 5303 5176 5449 5383 5148 5094 5009 5273 5131 5222 
5255 5352 4795 5298 5162 4659 5390 5108 5075 5300 5465 5111 5472 5161 5197 5081 5755 5379 5057 5531 4905 5609 5117 5436 5077 5069 5268 5333 5220 5248 4875 5669 5497 5301 5391 5283 5236 4937 4869 5128 5179 5287 5034 5503 5393 5491 5462 5621 5042 5291 5334 5514 4917 5516 5088 5266 5417 4924 4953 5185 5281 5192 4837 5176 5520 5419 5514 4888 5670 5459 5270 5318 4829 5423 5069 5031 5298 5589 5146 5519 5029 5495 4957 5457 5364 5248 5205 5715 5462 5667 5620 5133 5000 5387 5071 5403 5449 5056 5363 5388 5698 5280 5196 5469 5126 5553 5048 5208 4960 5073 5403 5201 4937 5685 5486 5048 5322 5655 5646 5234 5162 5300 5123 5337 4981 5508 5537 5703 5364 4917 5615 5367 5211 5292 5080 4635 5161 5472 5473 5225 5236 4853 5372 5333 5088 5372 5302 5085 5646 5201 5129 5377 5329 5358 5160 5111 4839 4641 5491 5152 5215 5417 4963 5286 5021 5149 5320 5672 5237 5171 5377 5353 5214 5224 5418 5112 4742 5237 4528 4770 5339 5297 4899 5151 5228 5135 5393 5542 5272 5008 5109 5437 5170 5319 5143 5259 5264 4835 5768 5499 5243 5131 5482 5285 5230 4590 5257 5360 5504 5333 5072 5316 5151 5527 5365 5303 5264 4922 5042 5167 5364 5678 5501 5623 5366 5587 4987 5210 5528 5428 5018 5123 5451 5238 5292 5420 5003 5111 5572 4416 5354 5198 5750 5073 5519 5277 5061 4960 5234 5469 5155 4947 5065 5203 5105 5427 
5743 5806 5550 5580 5672 5077 6029 5755 5866 5650 6482 5503 6029 5606 5966 5345 6352 5995 5621 5889 5557 6237 5731 6103 5569 5480 5757 5764 6023 5806 5499 6340 5746 5980 5554 5577 6183 5781 5875 5733 5566 5983 5534 6064 5782 5896 5953 6306 5989 5912 5949 6078 5374 6116 5742 5766 6011 5410 5318 5942 5941 6129 5706 5908 5962 5651 5779 5490 6290 5909 5673 5743 5519 5868 5482 5511 5848 6015 5759 6215 5560 5792 5589 6079 6047 5830 5735 5922 6258 6317 6134 5541 5595 5844 5660 5996 5973 5568 5900 6145 6288 5864 5548 6065 5753 6112 5550 5620 5316 5599 5762 6135 5655 5911 6087 5388 6358 6141 6052 5746 5657 5794 6104 5817 5578 5705 6072 6116 5814 5454 6054 5628 5464 5880 5863 5111 5947 5919 5907 5767 6264 5573 5933 5937 5615 6185 6155 5614 6012 5717 5776 6252 6094 6135 5972 5727 5168 5293 6254 5639 5634 6022 5744 6014 5635 5836 6137 6319 5793 5879 5871 5985 5667 5514 5971 5841 5676 5890 5056 5443 5921 5448 5555 5880 6054 5616 5856 5935 5541 5657 5731 5760 5647 5849 5278 5743 5650 5370 6123 5849 5809 5919 5810 5765 5906 5311 5663 5875 5949 5787 5963 5918 5761 5957 5734 5819 5726 5619 5563 5599 5813 5984 5974 6070 6212 6157 5594 5783 5951 6052 5630 5540 5970 5820 5743 5645 5904 6114 6309 5230 5825 5799 6222 5792 5943 5680 5641 5409 5898 6028 5613 5246 5654 5858 5547 5842 
5416 5562 5227 5066 5321 4824 5627 5495 5454 5343 5780 5169 5532 5272 5284 5338 5907 5428 5313 5436 4688 5905 5259 5725 5335 5188 5407 5513 5589 5272 5465 6053 5253 5641 5405 5533 5542 4970 5255 5198 5247 5730 5349 5883 5368 5472 5704 5547 5422 5724 5544 5635 5018 5548 5603 5341 5607 5018 5204 5086 5608 5615 5117 5423 5799 5161 5670 5185 5914 5475 5515 5656 5208 5728 5186 5367 5516 5635 5220 5831 5196 5448 5003 5445 5529 5486 5469 5801 5686 5552 5896 5398 5324 5668 5376 5751 5473 5310 5581 5770 5850 5770 5572 5565 5414 5740 5291 5435 5139 5290 5500 5755 5533 5677 5483 5428 5868 5561 5883 5387 5419 5631 5490 5459 5180 5576 5599 6084 5337 5058 5882 5072 5162 5624 5340 4962 5294 5756 5591 5629 5856 5157 5596 5562 5247 5662 5664 5491 5801 5275 5306 5719 5429 5605 5598 5327 5033 4883 5583 5116 5256 5726 5311 5611 5178 5371 5639 5799 5317 5379 5271 5260 5485 5413 5621 5184 5217 5484 4812 5082 5684 5185 5079 5440 5871 5144 5721 5821 5430 5467 5479 5628 5046 5292 5527 5440 5308 4974 5587 5600 5360 5470 5719 5371 5516 5149 5344 5542 5958 5402 5612 5338 5243 5538 5251 5519 5380 5335 5336 5446 5553 5711 5665 5812 5697 5807 4995 5560 5489 5905 5239 5319 5655 5539 5378 5415 5431 5551 6091 4944 5384 5451 5813 5497 5380 5467 5387 5162 5332 5630 5128 5406 5428 5598 5324 5695 
5169 5335 5040 5299 5679 4947 5532 5345 5131 5249 5664 5335 5323 5031 5334 4963 5838 5389 5316 5399 4861 5867 5624 5648 5417 5168 5152 5510 5607 5311 5043 5798 5465 5340 5567 5464 5560 5241 5401 5079 5318 5554 5291 5505 5506 5180 5525 5704 5319 5537 5442 5586 5118 5541 5246 5485 5520 5250 5171 5403 5627 5592 5019 5551 5510 5204 5408 5472 6030 6086 5387 5315 5090 5588 5013 5332 5477 5724 5417 5461 5170 5845 5292 5514 5380 5552 5404 5628 5660 5835 5826 5373 5318 5543 5248 5641 5551 5346 5578 5691 5720 5570 5454 5434 5450 5521 5134 5300 5163 5481 5395 5577 4964 5738 5699 5090 6174 5830 5753 5372 5460 5698 5474 5307 5068 5453 5710 5731 5515 5023 5788 5211 5144 5392 5396 4933 5331 5608 5926 5387 5937 5142 5696 5418 5279 5664 5874 5241 5443 5480 5482 5727 5427 5631 5417 5174 5049 5093 5889 5231 5449 5748 5442 5388 4951 5572 5443 5633 5476 5547 5380 5502 5345 5588 5696 5212 4837 5525 4714 5109 5554 5195 5085 5545 5385 5171 5606 5453 5325 5295 5424 5462 5330 5402 5476 5564 5340 4848 5569 5633 5484 5129 5412 5328 5262 5162 5275 5614 5883 5448 5501 5265 5474 5404 5380 5649 5400 5053 5252 5454 5343 5763 5760 5717 5724 5812 5090 5320 5654 5565 5047 5603 5563 5223 5457 5343 5440 5495 5762 4834 5369 5430 5958 5551 5593 5360 5206 4927 5367 5711 5419 5012 5186 5257 5294 5387 
5055 5168 4943 4997 5166 4763 5212 5201 5194 5074 5386 5021 5317 4872 5324 4884 5484 5180 4967 5346 4685 5421 5113 5242 5189 4922 4993 5295 5073 4730 4944 5598 5267 5236 5252 5348 5419 4977 4965 5233 5320 5458 4906 5407 5479 5217 5297 5288 5017 5422 5292 5361 4746 5301 5213 4957 5513 4857 4996 5183 5611 5360 4967 5393 5410 5082 5370 5000 5649 5622 5275 5273 4820 5162 4993 5117 5484 5579 5115 5411 5057 5366 5095 5302 5241 5451 5076 5571 5452 5652 5729 5254 4839 5482 5052 5535 5305 5192 5238 5537 5418 5285 5257 5257 5073 5436 5096 5132 5073 5229 5117 5619 4968 5520 5572 5106 5440 5501 5473 4823 5138 5156 5003 5528 5021 5321 5380 5880 5135 4894 5603 5141 5157 5210 5176 4397 5154 5482 5422 5359 5439 4920 5286 5155 5041 5542 5335 5211 5264 4974 5138 5599 5226 5408 5381 5009 4848 4931 5557 5020 5179 5399 4835 5282 4886 5019 5227 5501 5155 5394 5128 5086 5224 5079 5463 5125 4905 5198 4452 4932 5247 5407 5009 5239 5396 4853 5317 5438 4913 4934 5159 5245 4804 5352 5115 5299 5404 4856 5440 5121 5227 5391 5221 5221 5178 4899 5134 5485 5586 5017 5368 4954 5028 5153 4867 5419 5007 4927 5209 5285 5206 5505 5530 5516 5558 5331 4832 5159 5477 5506 5139 5058 5342 5303 5375 4999 5376 5568 5666 4727 5036 5318 5555 5376 5260 5224 5353 4574 5197 5447 5028 5046 4979 4891 5175 5181 
5114 4898 4728 4930 5096 4677 5091 5244 5304 5098 5351 4988 5119 4759 4919 4910 5205 4972 4974 5196 4810 5532 5164 5273 5197 4826 5110 5041 5142 5015 4634 5563 5103 5023 5232 5086 5211 4913 4967 5048 4861 5371 5054 5146 5106 5064 5444 5126 5178 5472 5491 5367 4523 5321 5076 5028 5268 4599 4747 5054 5246 5229 4949 5133 5068 5080 5336 4855 5416 5184 5273 5031 4949 5073 4852 4881 5079 5349 5004 5334 5172 5169 4745 5453 5449 5234 4944 5334 5423 5488 5507 5175 4797 5241 4939 5612 5098 4855 4821 5422 5580 5281 5044 5446 5059 5348 4934 5208 4937 4922 5323 5479 4898 5351 5098 5229 5484 5213 5338 5096 4933 5192 5182 5219 5257 5583 5345 5633 5002 4824 5384 4904 4851 5204 5171 4625 4944 5207 5172 5109 5325 4993 5148 4997 4991 5289 5168 5109 5335 4925 5106 5318 5134 5031 5100 4653 4708 4625 5400 4854 4918 5263 5033 5215 4816 5095 5168 5409 5019 5288 5023 5040 5223 5241 5425 4786 4813 5344 4304 4656 5387 5095 4712 5216 5003 4549 5175 5415 4954 5022 4889 5225 4970 4984 4725 5189 5177 4996 5205 5295 5016 5047 5053 5223 5089 4660 4987 5247 5304 5076 5151 5181 4577 5207 5011 5129 4683 4819 4738 5252 5235 5226 5143 5177 5579 5532 5067 4847 5167 5185 4914 4824 5284 5310 5262 5125 5166 5216 5506 4606 4986 5056 5422 5230 5182 4912 5231 4980 5185 5143 4880 4957 5014 5224 5216 5111 
5115 5095 4622 4842 5198 4537 5408 5106 4914 4879 5293 4887 5011 4726 5219 4820 5458 5101 4973 5179 4648 5601 5058 5360 4986 5108 5078 5131 5292 5025 4785 5563 5239 5019 5063 5110 5217 4998 4703 4967 5010 5256 4797 5318 5062 4949 5453 5353 5156 5429 5293 5258 4616 5169 4900 4945 5428 4973 4715 5125 4914 5228 4946 5272 5277 4900 5276 4868 5734 5277 5160 5174 4864 5083 4658 5239 5453 5426 5132 5229 4795 5273 4822 5219 5040 4849 4941 5083 5526 5278 5341 4949 4987 5172 4965 5311 5324 5086 5060 5277 5520 5264 4852 5125 5024 5137 4839 5183 4910 4841 5334 5448 5030 5717 5120 4887 5446 5612 5495 4816 4996 5238 5170 4901 5206 5149 5395 5363 5227 4819 5459 4828 4995 4998 5187 4736 4922 5471 5291 5459 4957 4638 5122 5290 4867 5330 5250 5058 5268 5114 5131 5267 5304 5121 5178 4653 4617 4694 5445 4969 4967 5377 5130 5211 4792 5177 5227 5496 4899 5236 5215 5079 4978 4848 5308 4970 4863 5240 4443 4616 5491 5049 4905 5065 5248 4937 5074 5331 4720 5113 4859 5205 4993 5285 4865 5009 5150 4764 5392 5217 5040 4917 5249 5087 5185 4961 4791 5263 5297 5182 4964 4992 5124 5185 5050 5197 4899 4835 4931 5079 5181 5180 5190 5258 5372 5409 4898 4985 5217 5018 4940 4846 5167 5011 5185 5105 5039 5183 5446 4725 4888 5061 5495 5136 5424 5238 5206 4684 5035 5514 4898 4817 4641 5199 5013 5036 
5536 5529 4916 5371 5745 5081 5800 5662 5382 5537 5606 5383 5338 5370 5335 5273 5968 5644 5317 5615 5005 5922 5500 5836 5380 5352 5359 5623 5402 5505 5268 6093 5361 5304 5504 5287 5509 5171 5423 5415 5385 5523 5462 5673 5761 5436 5972 5774 5313 5732 5726 5893 5364 5775 5556 5341 5626 5333 5355 5498 5766 5673 5167 5572 5644 5350 5698 5415 5979 5901 5745 5455 5189 5596 5136 5274 5584 6175 5320 5831 5344 5615 5224 5650 5756 5640 5385 5639 5808 5884 6350 5657 5358 5749 5578 5837 5562 5536 5768 5843 5917 6088 5294 5713 5522 5749 5271 5542 5105 5528 5630 5737 5400 5797 5604 5441 6057 5741 5835 5582 5456 5807 5542 5410 5254 5697 5878 5971 5746 5076 5950 5314 5346 5453 5466 5120 5336 5796 5827 5689 5799 5068 5776 5796 5582 5843 5930 5321 5794 5392 5666 5809 5484 5556 5467 5331 5073 5151 5860 5423 5556 5816 5628 5514 5009 5667 5544 5855 5825 5795 5585 5745 5408 5603 5704 5500 5154 5636 4845 5278 5673 5481 5285 5562 5648 5294 5954 5977 5589 5480 5520 5579 5673 5462 5488 5294 5446 5091 5713 5912 5366 5363 5517 5536 5386 5204 5500 5480 5911 5612 5387 5470 5401 5797 5545 5532 5467 5256 5443 5610 5881 5818 5898 6108 5729 5713 5098 5399 6053 5739 5223 5495 5865 5484 5637 5539 5470 5488 5924 4949 5638 5384 5867 5458 5641 5573 5558 5150 5541 5863 5179 5130 5421 5355 5367 5579 
4954 4958 4608 4881 5121 4718 5254 5017 5012 5100 5474 5049 5200 4778 4896 4872 5320 5291 5000 5312 4823 5569 5276 5390 5145 5063 4986 5051 5277 5021 4904 5564 5148 4980 5229 5058 5143 4849 4986 4931 5109 5069 4853 5077 5157 5222 5416 5380 5236 5440 5121 5461 4809 5382 5271 4975 5230 4613 4877 5130 5055 5153 4859 5143 5386 4889 5305 4995 5456 5454 5270 5014 5037 5451 4860 4934 5048 5465 5111 5135 4973 4869 4917 5046 4936 5166 5084 5195 5337 5504 5623 5172 4783 5283 5128 5485 5025 4935 5227 5138 5448 5408 5212 5440 4787 5554 4820 5057 4800 5107 5261 5506 4829 5314 5469 4913 5561 5466 5310 5075 4944 5363 5109 4815 5061 5093 5405 5212 5205 4552 5330 4933 4856 5295 5225 4537 4873 5313 5320 5226 5454 4875 5234 5235 5093 5200 5437 5252 5382 4959 4959 5242 5273 5273 4990 5081 4778 4886 5179 4800 5153 5288 5001 5083 4620 5194 5189 5451 5224 5293 5264 5134 4997 5051 5429 5077 4561 5011 4434 4773 5299 4992 4796 5103 5496 4897 5408 5377 5172 5043 5046 5270 5044 5065 4809 5329 5166 4878 5257 5421 4704 5105 5220 5104 5137 4893 5230 5213 5303 5023 4982 5075 5008 5381 5047 5194 4796 4755 4752 5045 5248 5146 5232 5348 5355 5320 4636 5081 5569 5544 4752 4837 5242 5005 5094 5135 5048 5202 5551 4569 5194 4988 5155 5096 5148 4913 5083 4794 4935 4912 4947 5029 4810 4905 4900 5158 
5135 5345 5108 5013 5475 4814 5410 5202 5110 5126 5606 5019 5358 5114 5546 4964 5840 5460 5010 5366 4753 5384 5195 5387 5445 5097 5316 5066 5264 5286 4962 5545 5492 5271 5261 5300 5410 4884 5121 5248 5550 5607 5211 5450 5528 5219 5116 5443 5003 5247 5434 5276 4720 5527 5328 5246 5391 4998 4835 5122 5099 5546 5183 5266 5360 5325 5274 4945 6120 5482 5153 5258 4979 5470 4716 5115 5369 5433 5312 5702 5189 5524 5056 5557 5178 5343 5202 5704 5446 5729 5761 5004 5032 5509 5216 5462 5239 5117 5172 5590 5555 5455 5312 5290 5286 5537 4888 5057 5175 5220 5410 5666 4958 5768 5629 5000 5647 5747 5662 5527 5232 5285 5426 5300 5061 5428 5624 5768 5418 4742 5730 5036 5284 5280 5129 4520 4979 5522 5434 5499 5671 5122 5486 5357 5070 5327 5579 5101 5437 5299 5135 5661 4871 5162 5175 5019 4903 4746 5733 5191 5373 5528 5100 5457 4857 5302 5450 5613 5080 5506 5390 5100 5345 5259 5515 5299 5006 5185 4618 4953 5311 5080 4892 5238 5361 5111 5599 5405 5109 5189 5280 5409 5058 5372 5079 5297 5318 4814 5594 5339 5042 5413 5579 5182 5489 4860 5124 5212 5421 5116 5098 5243 5359 5541 5177 5264 5092 4975 5043 5487 5045 5237 5401 5554 5425 5451 4897 5150 5542 5443 5093 5068 5431 5160 5501 5336 5331 5340 5748 4697 5510 5316 5654 5166 5216 5068 5170 5034 5145 5305 5009 5000 5213 5334 5201 5587 
5357 5387 4921 5284 5287 4854 5517 5221 5330 5012 5462 4956 5273 4738 5205 4950 5775 5238 4847 5551 4985 5584 5127 5674 4983 5141 5426 5297 5317 5153 5226 5798 5272 5294 5402 5200 5327 5046 5073 5204 5236 5545 5465 5610 5214 5332 5506 5478 5143 5445 5592 5441 5017 5567 5005 5159 5354 4780 5036 5250 5472 5378 4854 5354 5481 5289 5358 5275 5631 5665 5433 5477 4877 5555 4666 5151 5611 5775 5172 5520 5132 5280 5284 5453 5177 5185 5241 5439 5331 5604 5787 5059 5137 5513 5205 5669 5383 5094 5364 5702 5700 5445 5184 5155 5327 5672 5104 5343 4910 5225 5475 5475 5016 5589 5476 4957 5706 5847 5751 5188 5221 5369 5327 5149 5116 5446 5617 5879 5373 4645 5465 5210 5120 5509 5190 4771 5258 5336 5218 5388 5435 4852 5435 5204 5139 5493 5571 5099 5463 5348 5309 5611 5305 5336 5349 4939 4994 5076 5723 5106 5357 5480 5206 5376 5208 5354 5305 5772 5154 5446 5293 5322 5509 5271 5589 5362 5041 5409 4783 5131 5452 5492 5114 5317 5488 5169 5615 5448 5128 5199 5349 5250 5047 5433 4942 5440 5347 4838 5335 5524 5077 5330 5479 5213 5200 5387 5378 5211 5879 5302 5237 5191 5128 5375 5276 5514 5351 5083 5127 5366 5133 5601 5400 5740 5525 5514 5032 5398 5391 5486 5254 5005 5399 5529 5301 5428 5149 5401 5604 5034 5414 5400 5559 5371 5534 5291 5364 5116 5412 5575 4994 5174 5256 5230 5250 5258 
5335 5149 5130 5000 5175 4802 5230 5559 5225 5031 5617 5321 5169 4965 5175 5186 5725 5629 5178 5168 4865 5234 5369 5580 5157 5111 5201 5376 5165 5108 4837 5345 5172 5575 5160 5187 5250 4896 4784 5251 5062 5257 5063 5653 5221 5269 5208 5484 5011 5471 5208 5241 5046 5342 5251 5073 5463 5010 5151 5311 5399 5571 4980 5515 5246 5157 5412 4957 5606 5407 5143 5205 4985 5581 4929 5130 5433 5399 5205 5420 5227 5596 4769 5497 5496 5218 5011 5500 5588 5450 5697 4961 5151 5216 5070 5389 5339 5064 5283 5362 5507 5493 5270 5314 5155 5686 4862 5318 5090 4915 5149 5522 5185 5470 5211 5183 6013 5559 5389 5200 5188 5542 5037 5238 5273 5379 5613 5443 5018 5099 5641 5283 4976 5412 5419 5037 5130 5600 5486 5083 5533 5045 5541 5204 5085 5415 5527 5065 5304 4918 5109 5655 5363 5347 5211 4909 4840 4954 5496 5067 5178 5549 5016 5305 5067 5089 5565 5623 5169 5143 5121 5158 5043 5044 5473 5048 4983 5503 4496 4821 5312 5090 5067 5046 5356 4958 5498 5147 5101 5244 5189 5493 5278 5185 4938 5199 5209 4876 5463 5494 5049 5111 5219 5175 5572 4774 5171 5157 5377 5126 4948 5197 5195 5530 5039 5245 5375 5133 5191 5245 5216 5453 5384 5256 5456 5383 4850 5212 5410 5482 5056 5221 5299 5369 5147 5139 5237 5168 5710 4740 5076 5027 5425 5371 5180 5181 5233 4797 5273 5461 5219 4842 4996 5296 4948 5278 
5259 5390 5088 5183 5372 4711 5436 5118 5249 5147 5372 4864 5263 5254 5163 4992 5735 5367 5422 5665 4847 5706 5099 5692 5129 5236 5108 5328 5435 4973 4857 5830 5187 5423 5171 5010 5407 5179 5387 5132 5000 5412 5044 5281 5528 5338 5596 5684 5197 5296 5605 5783 4807 5415 5052 5321 5391 5232 4708 5076 5427 5418 5302 5198 5579 5050 5273 4871 5795 5368 5441 5617 4819 5439 5065 5031 5210 5579 5062 5395 5221 5564 5054 5164 5327 5436 5088 5267 5481 5332 5874 5031 5005 5254 4970 5665 5407 4924 5077 5516 5757 5315 5227 5292 5169 5353 5068 5153 4949 5121 5372 5482 5114 5546 5346 5111 5904 5459 5545 5367 5394 5499 5244 5276 5007 5514 5461 5513 5544 5032 5823 4902 5061 5249 5323 4804 5166 5489 5338 5228 5611 5080 5276 5643 5084 5361 5482 5116 5252 5373 5386 5590 5194 5256 4844 4969 4944 4884 5370 4786 5229 5476 5040 5318 4782 5342 5655 5603 5272 5394 5138 5115 5183 5253 5624 5105 4994 5559 4919 4774 5364 5130 5114 5119 5651 4899 5237 5503 5063 5124 5269 5104 5398 4990 4861 5250 5050 4857 5351 5343 5250 5232 5651 5531 5568 5106 5047 5142 5469 5109 5176 5087 4920 5245 5024 5179 5163 4912 5146 5356 5363 5516 5340 5372 5404 5503 5116 5196 5313 5180 4955 4803 5722 5225 5290 5319 5308 5130 5617 4788 5427 5099 5776 5451 5374 5040 5101 4996 5127 5400 5002 5120 5111 5089 5008 5450 
5185 5014 4932 4938 5179 4462 5291 5328 5268 4992 5411 5019 5354 4952 4824 5068 5483 5098 5014 5464 4698 5389 5299 5357 5182 5173 5011 5318 5123 5042 4755 5502 5326 5098 5228 5218 5116 4995 5005 4929 5190 5153 4818 5359 5313 5213 5319 5308 5202 5490 5305 5144 4664 5022 5213 5001 5307 4900 4875 4852 5150 5137 4898 5307 5357 4971 5177 5062 5576 5353 5048 5295 4564 5498 4968 5157 5267 5397 5107 5398 4862 5260 4846 5351 5290 5073 4774 5286 5539 5326 5638 5137 4853 5157 5047 5286 5198 4809 4984 5471 5337 5680 5298 5183 4894 5063 4747 5012 4766 5101 5465 5531 4581 5244 5225 4904 5413 5295 5517 5130 4962 5226 5102 5126 4913 5303 5641 5219 5174 5036 5308 4835 5116 4918 4736 4448 4837 5242 5287 5054 5218 5009 5355 5257 5118 5471 5274 4986 5230 4994 5194 5564 5183 5203 5124 4663 4704 4734 5429 5333 5157 5256 4882 5255 4882 5153 5147 5525 5265 5240 5159 5292 5465 5165 5455 5039 4755 5349 4820 4845 5211 4907 4885 5246 5263 4945 5170 5117 4800 5063 4859 4977 4859 5065 4918 5302 5160 4533 5295 5279 5023 5151 5092 4949 5221 4712 5200 5228 5356 5374 4977 5035 4841 5391 4948 5288 5024 4654 4879 4818 5252 5232 5240 5584 5352 5420 4826 5015 5145 5174 4967 5071 5276 5276 5105 5192 5072 5419 5359 4639 5112 4869 5781 5091 5114 4896 5080 4663 5111 5263 4920 4733 4758 5243 5067 4929 
5373 5300 4870 5194 5254 4797 5322 5467 5152 4983 5404 4917 5163 4825 5280 5191 5743 5517 4943 5300 4900 5383 5191 5598 5043 5135 5350 5100 5254 5115 5040 5671 5225 5282 5200 4800 5206 4921 5036 5156 4960 5243 5147 5214 5067 5061 5412 5642 5073 5194 5448 5429 4745 5501 5194 4943 5268 5071 5000 5299 5298 5411 5115 5090 5299 5144 5394 4891 5565 5379 5087 5126 4917 5217 4854 4881 5238 5503 4950 5203 4976 5215 5233 5355 5149 5375 5312 5341 5258 5434 5594 5012 4916 5412 5307 5528 5178 5109 5300 5511 5638 5205 4924 5093 5258 5267 4996 5092 5133 4859 5325 5370 4947 5571 5252 4764 5689 5375 5499 4945 5227 5246 5289 5040 5050 5413 5616 5473 5509 4917 5628 4995 5034 5201 5291 4751 5362 5424 5321 5180 5818 4908 5313 5198 5135 5083 5571 5195 5297 5199 5222 5641 5202 5296 5228 5005 4948 4919 5672 4997 5211 5257 4905 5260 4886 5307 5399 5681 5397 5369 5185 5289 5183 4924 5382 5303 4959 5560 4652 4972 5328 5046 4953 5381 5561 4751 5363 5323 5193 5262 5176 4996 5241 5161 5050 5298 5052 4919 5478 5489 4958 5110 5482 5220 5179 4864 5073 5280 5812 5024 5090 5090 5268 5318 5111 5163 5157 4976 5050 5108 5189 5359 5315 5544 5405 5365 5015 5165 5196 5568 4735 4965 5172 5085 5079 5040 5152 5085 5609 5038 5135 4908 5577 5316 5492 4990 5124 4953 5251 5384 5085 4806 4943 5167 5160 5130 
4921 5045 4569 4848 4824 4396 4830 4990 4842 4743 5112 4516 4992 4740 5012 4661 5121 5230 4761 5101 4388 5071 4877 5292 4760 4930 4858 4829 5129 4776 4764 5277 5068 5081 4808 4780 4915 4857 4671 5032 4736 5043 4891 4973 4901 4847 5060 5269 4913 5113 4954 4968 4268 4884 4946 4798 5052 4608 4756 4925 5180 5051 4653 5119 5084 4680 4905 4659 5336 4911 4932 5104 4440 4963 4737 4616 5021 5457 4513 5291 4728 4959 4756 4907 4887 5018 5025 4883 5183 5113 5330 4806 4582 5022 4723 5200 4965 4960 4867 5062 5279 5199 4984 4825 4995 5173 4715 4828 4658 4647 4852 4972 4695 5079 5103 4658 4957 5517 4802 4650 4865 4944 4916 5126 4634 4978 5022 5348 4851 4436 4944 4649 4795 4933 4914 4408 4985 5181 5074 5041 5014 4667 4954 4972 4753 4876 5196 4647 4800 4854 4969 5228 5033 5107 5075 4776 4363 4425 5381 4903 4832 5217 4643 4809 4693 4790 5222 5398 4948 4992 4981 5047 4835 4762 4863 5015 4409 4948 4409 4774 4747 4690 4693 4961 5119 4616 5068 5119 4637 4619 5019 5065 4814 5044 4753 5157 5158 4680 5103 4802 5048 4599 5329 5215 5090 4368 5137 4829 5151 4962 5042 4836 4813 5081 4829 4975 4781 4494 4646 5037 4917 4975 5001 5310 5198 5084 4722 5097 4929 4978 4727 4755 4827 4940 5170 4789 4836 4829 5272 4416 4632 4999 5110 5066 5027 4881 5006 4475 5085 4996 4709 4915 4622 4941 4754 4798 
5392 5455 4892 5201 5546 4594 5291 5291 5390 5118 5848 5052 5420 5058 5477 5006 5800 5527 5302 5636 4775 5571 5325 5630 5260 5045 5179 5195 5329 5267 5183 5930 5371 5284 5533 5353 5438 5204 5228 5300 5019 5206 5205 5478 5290 5270 5273 5438 5374 5504 5518 5490 4773 5655 5013 5208 5279 5078 5155 5232 5302 5373 4925 5491 5627 5148 5548 4816 6034 5760 5388 5249 4792 5429 4816 5288 5291 5732 5194 5511 5159 5533 5146 5506 5316 5344 4993 5494 5569 5644 5774 5462 4938 5414 4882 5546 5472 5232 5331 5629 5852 5649 5089 5340 5395 5633 5202 5380 5215 5425 5318 5619 5008 5545 5577 5161 5934 5863 5996 5247 5248 5347 5443 5343 5153 5635 5476 5586 5388 5153 5883 5200 5175 5250 5281 4844 5140 5533 5687 5227 5614 5128 5479 5669 5095 5648 5721 5059 5288 5368 5216 5867 5725 5347 5595 4959 4860 4962 5687 5357 5402 5638 5238 5334 5276 5294 5656 5697 5518 5409 5340 5503 5274 5460 5620 5246 5169 5616 4471 5223 5501 5214 4948 5427 5479 5224 5465 5481 5227 5511 5107 5236 5160 5316 4977 5429 5164 4895 5649 5664 5117 5261 5376 5162 5232 5175 5242 5589 5400 5235 5203 5199 5169 5586 4877 5658 5108 5130 5085 5240 5359 5420 5476 5549 5541 5634 5015 5357 5644 5788 4938 5198 5516 5292 5444 5407 5436 5621 5617 5020 5349 5124 5579 5232 5533 5313 5408 4921 5555 5590 5114 4998 5084 5345 5157 5181 
5145 5438 4701 4822 5062 4604 5103 5301 4960 5172 5329 4718 5249 4883 5083 5011 5495 5415 5146 5362 4865 5359 5349 5239 5143 5238 5069 5221 4944 4750 4800 5510 5336 5229 5239 5002 5261 5068 5111 4936 5010 5247 4978 5229 5162 5327 5618 5307 4829 5432 5163 5229 4844 5374 5139 5195 5285 4756 5108 5243 5343 5477 4768 5171 5298 5226 5339 5049 5704 5657 4943 5394 4653 5393 4797 4880 5217 5635 5154 5312 4879 5135 4929 5278 5054 5037 5209 5232 5222 5499 5621 5098 5060 5203 4845 5359 5396 4812 5245 5154 5424 5111 5218 5171 5130 5350 5046 4811 5219 5114 5110 5622 4800 5465 5556 5023 5735 5494 5619 5002 5083 5498 5328 5155 5224 5504 5456 5581 5485 4929 5346 4950 5073 5238 5016 4508 5105 5454 5544 5191 5449 4957 5274 5351 4926 5344 5428 5118 5338 5018 5186 5470 5214 5163 5084 4754 4832 4562 5514 5118 5370 5361 5164 5089 4785 4964 5235 5425 5245 5447 5209 5137 5195 5199 5606 5180 4951 5293 4642 4838 5312 5093 4803 5071 5297 4909 5236 5040 4949 5175 5227 5305 5161 5064 4770 5331 5116 4890 5248 5407 4759 5219 5039 5114 5304 4844 5249 5424 5599 5161 5231 5285 4970 5587 5063 5136 4994 5117 5127 4923 5128 5459 5157 5519 5130 5405 4961 5052 5421 5544 4900 4858 5374 5535 5590 5138 5337 5346 5775 4597 5224 4968 5589 5281 5457 5067 5139 4978 5065 5372 5008 4931 5022 5124 5000 5519 
5014 5321 4990 5325 5075 4687 5446 5304 5305 5232 5571 4946 5237 4864 5099 4938 5412 5015 4978 5416 4671 5605 5295 5516 5036 4943 5110 5408 5292 5229 5025 5448 5132 5305 5258 4897 5281 4658 4955 5216 4997 5638 4993 5173 5213 5031 5436 5460 5002 5350 5327 5497 4819 5438 5184 5068 5430 4780 4953 4706 5333 5279 4798 5439 5234 4882 5144 5044 5702 5502 5294 5241 4707 5400 4907 5211 5406 5621 5151 5529 5103 5281 5106 5347 5462 4939 4959 5354 5369 5443 5596 5017 4943 5237 5260 5447 5440 4880 5453 5179 5508 5512 5000 5201 5043 5525 4897 4991 4682 5179 5054 5475 4940 5309 5067 4980 5744 5683 5417 5106 5058 5327 5367 5231 4957 5353 5431 5537 5189 4919 5570 5038 5179 5180 4940 4778 5267 5278 5368 5207 5376 4755 5468 5361 5056 5443 5562 5181 5432 5067 5260 5418 5232 5375 5312 5005 4599 4929 5550 4875 4980 5552 5133 5433 5201 5264 5460 5453 5461 5192 5086 5168 5247 5118 5493 5198 4768 5337 4540 4915 5218 5071 5066 5146 5196 5095 5511 5089 5073 4989 5077 5485 5101 5049 5050 5030 5051 4715 5457 5516 5078 5215 5491 5010 5164 5034 5240 5254 5508 5175 5169 5193 4983 5247 5061 5395 5153 4918 5002 5324 4859 5315 5347 5466 5567 5188 4933 5139 5253 5311 5017 5125 5370 5012 5133 5085 5127 5369 5619 4721 5464 5122 5449 5241 5232 5166 5244 4887 5210 5272 5055 4926 5173 5076 5108 5134 
5045 5112 4739 4873 5225 4518 5125 4849 4855 4608 5223 4816 5035 4795 5236 4857 5298 4951 4717 4864 4704 5096 4940 5197 5028 4550 4461 4873 5012 4819 4856 5343 5045 4991 4937 4805 5128 4795 4867 4790 4971 4969 5049 4849 5079 5013 5020 5236 5059 5443 4918 5150 4639 5295 4743 4882 5152 4529 4846 4860 5097 4944 4452 5073 5008 4897 5067 4958 5678 5158 5059 5088 4843 5122 4767 4786 5042 5273 4841 5529 4563 5012 4832 5232 4901 5046 4808 5011 5036 5327 5567 4821 4882 5042 4944 5184 4727 4817 4867 5211 5166 5227 4974 4908 4895 5120 4606 5068 4809 4759 5226 5247 4768 5320 5159 4840 5200 5262 5550 5124 4715 5180 4736 4891 4853 5135 5374 5368 5211 4537 5144 4845 4679 5185 4926 4355 4899 5087 5212 5138 5159 4662 5250 5079 4795 5151 5038 4893 5075 4963 5113 5462 4973 4882 4889 4714 4608 4634 5384 4709 5112 5252 4909 5003 4807 4733 4775 5229 4875 4862 4958 4910 5059 4828 5323 4927 4756 5056 4379 4689 5030 4945 4791 4723 5171 4737 5271 5129 4959 4712 4975 4958 4872 5142 4791 4769 5028 4437 5040 4811 4828 4927 4970 5000 5176 4654 5087 4988 5340 4764 4908 4815 4517 4968 4901 4922 4795 4763 4735 5042 4983 4959 5119 5217 5216 5189 4704 4719 4933 5274 4752 4821 5157 4832 4801 4850 5134 5101 5233 4636 4882 5013 5165 4979 5081 4799 4983 4580 5170 4887 4762 4635 4737 4801 4857 4968 
4569 4936 4505 4575 4881 4501 5124 4809 4917 4670 4877 4432 4754 4610 5019 4953 5310 4678 4618 4936 4496 4890 4925 4823 4842 4725 4548 4774 4731 4858 4438 4962 5011 4781 4839 4496 4831 4670 4561 4617 4702 4801 4675 4969 4636 5164 5377 4962 4544 4861 4879 5035 4667 4892 4966 4635 4686 4604 4615 4870 5047 4952 4392 4656 4932 4696 4957 4663 5337 4924 4966 4876 4580 4892 4730 4631 4988 5011 4794 4977 4805 5205 4665 4920 4933 4931 4483 4694 5198 4983 5284 4589 4741 4896 4586 4978 4887 4480 4783 4770 5250 4812 4423 4986 4770 4906 4661 4383 4538 5084 4991 4745 4431 4817 5007 4407 5169 5137 4994 4752 4835 4675 5088 4772 4672 4817 5202 5004 4936 4387 5079 4603 4744 4844 4713 4500 4517 4917 5096 4876 5064 4492 4751 4954 4554 5139 4938 4851 4774 4705 4709 5066 4750 4725 4853 4588 4285 4481 4970 4430 4936 5049 4621 4964 4268 4740 5138 5169 4834 5026 4992 5091 4775 4591 4986 4787 4809 4844 4493 4643 4985 4625 4492 4727 4771 4525 5064 4954 4512 4713 5027 4940 4631 4749 4598 4947 4762 4600 4950 5085 4798 4812 4669 4643 5181 4394 4743 4728 5142 4642 4926 4824 4626 4822 4635 5050 4453 4726 4832 4809 4733 4703 4918 5184 4809 4883 4551 4817 5234 4983 4630 4523 4760 4696 5029 4552 4746 5077 5201 4104 4828 4690 4994 4999 4980 4813 4575 4712 4835 5069 4638 4395 4704 4784 4597 4972 
5416 5667 4930 5487 5712 5103 5474 5447 5475 5624 5954 5169 5418 5181 5506 5198 5760 5963 5488 5787 5090 5923 5137 5814 5135 5333 5504 5492 5497 5233 5225 6056 5668 5546 5638 5224 5460 5390 5484 5289 5124 5518 5350 5614 5531 5415 5668 5797 5281 5670 5822 5634 5069 5602 5495 5464 5691 5129 5185 5470 5531 5831 5374 5585 5747 5382 5580 5391 6000 5571 5575 5377 5046 5699 5142 5085 5350 5818 5508 5677 5468 5674 5335 5478 5703 5489 5362 5541 5580 5790 6125 5415 5356 5656 5282 5770 5591 5000 5402 5662 5921 5469 5373 5462 5583 5756 5307 5288 5243 5385 5410 5577 5294 5520 5906 5438 6070 5627 5888 5498 5325 5757 5669 5345 5422 5759 5766 5826 5548 4987 5856 5258 5296 5477 5532 4785 5313 5811 5590 5506 5867 5079 5797 5783 5417 5551 5660 5660 5731 5288 5303 5725 5646 5576 5544 5218 5175 5181 5732 5329 5453 5786 5584 5773 5172 5579 5640 5658 5405 5618 5440 5375 5322 5703 5758 5465 5324 5635 4999 5092 5583 5294 5082 5451 5727 5218 5667 5690 5256 5385 5532 5553 5377 5395 5398 5260 5582 5013 5676 5679 5336 5178 5705 5448 5374 5042 5400 5520 5724 5400 5343 5254 5393 5948 5689 5455 5439 5344 4969 5657 5667 5721 5741 5685 5656 6022 5217 5552 5722 5782 5136 5222 5706 5634 5665 5473 5498 5362 5764 4758 5568 5389 5861 5502 5399 5076 5536 5049 5418 5835 5248 4975 5182 5419 5341 5772 
5491 5411 5035 5009 5537 4796 5620 5063 5434 5192 5479 5090 5372 4979 5427 5001 5690 5409 5501 5576 5091 5750 5504 5725 5489 5126 5302 5425 5612 5471 5222 5745 5378 5307 5291 5402 5515 5076 5222 5115 5394 5396 5279 5538 5310 5400 5534 5637 5274 5532 5564 5598 5017 5617 5046 5438 5349 5137 5030 5192 5371 5795 4978 5460 5530 5459 5508 5169 6102 5502 5431 5306 5178 5667 4964 5489 5562 5613 5418 5805 5123 5644 5008 5517 5471 5421 5210 5581 5629 5660 6260 5135 5115 5692 5580 5502 5389 5336 5149 5557 5826 5591 5194 5441 5422 5638 5192 5441 5117 5419 5644 5682 5229 5744 5538 5550 5919 5659 5567 5374 5203 5590 5467 5313 5193 5387 5546 5817 5427 4863 5674 4967 5397 5403 5194 4703 5195 5673 5320 5354 5727 5119 5662 5643 5480 5439 5745 5171 5682 5300 5334 5689 5217 5601 5348 4996 5035 4843 5564 5309 5591 5516 4940 5550 5030 5357 5419 5771 5462 5587 5411 5223 5332 5324 5528 5342 5212 5586 4682 5182 5633 5327 4873 5289 5418 4993 5599 5636 5153 5340 5159 5443 5075 5043 5177 5309 5101 4629 5528 5591 5266 5226 5317 5323 5438 5147 5279 5317 5667 5217 5066 5332 5112 5567 5319 5566 5350 5044 5153 5380 5733 5296 5535 5594 5627 5440 5046 5257 5452 5525 5246 5025 5590 5501 5384 5410 5272 5485 5891 4967 5415 5258 5830 5373 5346 5205 5386 5132 5379 5574 5176 5279 5150 5620 5195 5529 
5162 5392 4847 5387 5265 4774 4988 5190 5095 4900 5428 5023 5377 4958 5366 5002 5322 5199 5029 5350 4704 5650 5433 5484 5198 4979 5095 5272 5523 5133 4802 5692 5269 5269 5245 5112 5287 4762 4846 5077 5066 5471 5097 5268 5319 5148 5336 5528 5124 5716 5243 5519 4847 5245 5038 5206 5571 4944 5090 5188 5468 5457 4846 5339 5323 5161 5144 4887 5696 5489 5235 5018 4796 5526 5006 5061 5239 5523 5167 5373 4946 5308 5113 5340 5265 5443 5116 5418 5446 5571 5621 4990 5128 5238 5316 5499 5162 4968 5399 5451 5707 5571 4993 5212 5200 5531 4881 5206 5180 5015 5465 5588 4791 5670 5246 4948 5871 5763 5582 5185 4987 5524 5216 5357 5349 5280 5634 5397 5032 5120 5326 5103 4821 5285 5138 4803 5284 5448 5481 5273 5556 5042 5250 5368 4994 5206 5681 5276 5243 5303 5388 5632 5334 5339 5072 5043 4941 4797 5727 5036 5171 5410 5126 5158 4670 5207 5292 5681 5519 5265 5074 5317 5306 5325 5597 5266 4912 5430 4726 4890 5202 5359 5089 5455 5556 5098 5295 5248 5233 5396 5356 5274 4972 5023 4740 5165 5168 5075 5639 5499 4996 5063 5321 5080 5325 4896 5505 5360 5247 5113 5346 5239 4890 5350 5327 5495 5092 5080 5173 5234 5152 5268 5314 5340 5404 5481 4866 5154 5454 5419 5084 5067 5442 5317 5081 5108 5313 5338 5664 4608 5317 5336 5481 5501 5601 5142 5273 4825 5323 5192 5059 5007 4993 5331 5102 5220 
4909 5079 4555 5070 4892 4629 5063 4918 5012 4578 5032 4656 4875 4685 5181 4668 5190 4946 4864 5075 4431 5314 5028 5199 4871 4876 4774 5069 5018 4873 4737 5474 4730 5091 4779 4846 5211 4616 4707 4869 4891 5369 4864 5083 5192 5241 5174 5335 4798 5157 5020 5008 4897 5137 4636 4819 5007 4808 4722 4860 5024 5243 4727 5290 4894 4675 5101 4770 5367 4953 5227 5053 4646 5120 4652 4841 5104 5176 5083 5223 4759 5123 4458 5129 5134 4948 4799 5195 5270 5339 5376 4926 5056 4972 5010 4955 4879 4798 4848 5316 5320 5006 4764 5033 5002 5279 4784 4908 4824 5130 5123 5166 4777 5277 5030 4687 5823 5139 5334 4998 4989 5287 4836 4772 4667 5133 5267 5486 4973 4791 5267 4711 5021 4916 4676 4551 4962 5343 5059 5047 5273 4819 5260 4935 4726 5276 5284 5352 5006 5002 4972 5301 5118 4771 5113 4954 4545 4769 5398 4720 5055 5093 4756 5066 4548 4936 5078 5277 5058 5102 4894 4866 4902 4900 5109 5141 4750 5277 4368 4550 5267 4841 4637 4804 5215 4822 5004 5207 4573 4930 5005 4964 4968 5152 4661 5156 4862 5011 5140 5151 4791 4845 5149 4953 4972 4775 4667 5060 5141 4874 4761 4785 4511 5076 5120 4948 5178 4686 4866 5127 5027 5120 5226 5144 5328 5231 4756 4790 5097 5056 4824 4791 5186 5104 4988 4839 5101 4889 5420 4416 5050 4995 5310 5050 5021 5137 5092 4495 4945 5129 4854 4887 4660 4826 4887 5324 
5165 5565 4965 5283 5127 4869 5411 5350 5246 5021 5730 5227 4931 5089 5305 5133 5733 5548 5391 5444 4711 5715 5446 5650 5314 5310 5110 5227 5374 5337 4942 5433 5288 5105 5314 5276 5446 5092 5067 5334 5065 5449 5142 5296 5494 5366 5587 5527 5232 5460 5267 5178 4996 5382 5217 4992 5770 4958 4951 5216 5382 5790 4983 5401 5399 5241 5302 5381 5833 5546 5525 5269 4828 5569 4856 4948 5201 5583 5178 5612 5138 5467 4886 5307 5309 5321 5234 5317 5865 5376 5726 5144 5213 5414 5097 5354 5362 4924 5274 5492 5516 5635 5410 5257 5302 5355 5011 5462 4843 5236 5639 5744 5002 5512 5464 5048 5458 5390 5499 5439 5354 5366 5319 5204 5212 5615 5545 5709 5211 5133 5574 5047 5109 5093 5144 4828 5211 5549 5147 5348 5730 5091 5547 5527 5026 5232 5722 5359 5342 5279 5233 5530 5247 5255 5209 4800 4788 4878 5850 4976 5318 5422 5019 5451 4995 5227 5539 5651 5272 5403 5209 5205 5187 5167 5510 5276 5077 5753 4903 5094 5447 5107 5068 5341 5617 4984 5510 5504 5052 5315 5193 5340 5144 5132 5045 5387 5255 4976 5494 5507 5167 5097 5099 5015 5471 4994 5319 5422 5433 5271 5128 5291 4922 5628 5158 5254 5092 4777 4959 5179 5356 5328 5445 5740 5378 5572 4906 5140 5381 5364 5174 5133 5377 5176 5292 5184 5311 5454 5733 4671 5443 5208 5495 5316 5187 5254 4987 4982 5384 5603 5024 4882 5185 5220 5053 5418 
5079 5406 4876 5126 5109 4774 5484 5404 5247 5333 5689 4929 5136 5171 5268 4990 5719 5405 5157 5460 4749 5714 5105 5378 5231 5113 5298 5249 5301 5153 5041 5619 5446 5489 5350 5310 5361 4915 5199 5168 5099 5496 5171 5446 5326 5338 5346 5574 5182 5283 5279 5493 4862 5403 5056 5170 5406 5154 5074 5045 5562 5534 4884 5227 5623 5156 5436 5093 5439 5674 5253 5422 4965 5391 4645 4870 5241 5669 5122 5905 5008 5178 4816 5346 5077 5319 5042 5410 5340 5432 5744 5212 5196 5468 5048 5579 5080 4987 5413 5420 5629 5548 5193 4883 5317 5593 5150 5117 4863 5130 5249 5605 4847 5306 5376 5009 5622 5708 5764 5353 5281 5280 5213 5159 5323 5273 5437 5706 5252 4813 5558 5248 5235 5396 5047 4643 5080 5525 5482 5449 5515 5159 5471 5399 5220 5358 5667 5263 5337 5148 5212 5629 5231 5251 5327 5005 4877 4844 5433 5102 5531 5610 5147 5521 4910 5306 5451 5585 5423 5284 5341 4908 5453 5308 5712 5205 4976 5693 4849 5083 5465 5120 4995 5306 5321 4967 5663 5501 5060 5116 5265 5392 5256 5331 5109 5150 5322 4794 5589 5657 5344 5234 5330 5173 5546 4993 5088 5361 5644 4995 5456 5427 4967 5373 5116 5185 5114 4857 5277 5027 5366 5237 5532 5544 5423 5612 4884 5228 5447 5419 5173 4987 5325 5195 5479 5695 5367 5338 5658 4837 5479 5363 5739 5266 5455 5360 5007 5202 5096 5344 5127 5048 5102 5398 5255 5268 
5346 5478 4857 4886 5057 4575 5481 5055 5190 5245 5523 4928 5311 4859 5011 5031 5576 5319 4884 5263 4678 5375 5135 5200 5010 5267 5027 5085 4988 5203 5065 5449 5119 5281 5045 5208 5027 5027 4957 5468 4941 5093 4857 5203 5160 5183 5399 5139 5190 5423 5251 5299 4793 5294 5270 5145 5543 4762 4994 5208 5288 5519 4650 5179 5452 5115 5161 4752 5667 5641 5008 5113 4765 5320 4603 4992 5316 5547 5106 5505 4953 5267 4843 5179 5157 5282 5044 5288 5579 5340 5650 4865 4901 5330 5057 5422 5256 4711 5227 5407 5466 5240 4973 5237 4971 5316 5042 4904 4930 5034 5216 5383 4976 5194 5392 4865 5930 5130 5465 5053 4999 5436 5213 4852 4963 5464 5586 5368 5032 5342 5325 4999 4993 5260 5064 4546 5023 5525 5371 5281 5322 5003 5463 5301 5100 5310 5323 5067 5294 4881 5142 5599 5251 5298 5287 5051 4810 4620 5548 4977 5321 5201 4984 5085 4945 5054 5327 5682 5448 5314 5352 5125 5014 5184 5409 5096 4960 5516 4676 4820 5344 4779 4938 5017 5417 4963 5375 5394 4847 5254 5092 5234 5068 5141 4796 5208 5195 5026 5252 5295 5127 5258 5077 4948 5102 4733 5205 5268 5408 5008 5102 5175 5033 5409 5050 5346 5165 4782 4962 4912 5183 5541 5389 5618 5163 5237 4956 4992 5153 5447 4772 5028 5284 5341 5251 4897 4854 5225 5743 4694 4989 5302 5681 5329 5139 4989 5130 4832 4955 5638 4994 4731 5064 5174 4921 5315 
5231 5399 5248 5341 5360 4978 5385 5389 5327 5236 5761 5224 5220 4997 5350 5179 5859 5561 5250 5452 5122 5470 5208 5652 5252 4997 5142 5360 5287 5353 4978 5715 5357 5266 5656 5183 5534 4907 5178 5354 5271 5655 5229 5453 5419 5316 5526 5352 5264 5428 5511 5516 4719 5475 5345 5251 5379 5126 5326 5434 5643 5632 5234 5470 5334 5367 5420 5238 5773 5601 5418 5339 4914 5613 5157 5087 5688 5695 5246 5459 5326 5604 4972 5482 5630 5608 5340 5419 5727 5589 5782 5032 5164 5674 5337 5642 5658 5310 5248 5314 5799 5407 5246 5231 5074 5495 5317 5334 5061 5384 5433 5486 5143 5649 5462 5155 5861 5728 5463 5248 5450 5474 5075 5203 5248 5648 5415 5570 5416 5023 5952 5006 5259 5292 5377 5013 5312 5400 5796 5554 5616 5134 5474 5382 5181 5299 5465 5300 5312 5202 5147 5711 5341 5475 5365 5172 4841 5015 5725 5238 5449 5693 5400 5605 5125 5347 5791 5713 5593 5430 5435 5326 5291 5288 5465 5548 4944 5558 4759 4833 5590 5086 5032 5521 5608 5162 5783 5445 5112 5224 5598 5177 5553 5213 4926 5320 5575 5097 5621 5584 5279 5201 5544 5262 5463 4784 5458 5325 5846 5347 5256 5067 5323 5449 5483 5339 5248 5220 5293 5395 5398 5404 5458 5589 5414 5456 5185 5090 5458 5541 5186 4918 5439 5308 5804 5165 5282 5316 5645 4862 5579 5357 5698 5427 5320 5157 5366 4990 5061 5668 5215 5004 5119 5319 5232 5482 
4980 5239 4786 4712 4990 4701 5182 4972 5014 4970 5263 4887 4942 4778 5016 4951 5233 5411 4896 5177 4735 5463 4992 5324 4753 5202 5027 5255 5290 5202 4889 5484 5196 5023 5194 5130 5221 5024 4658 4940 4837 5059 4937 5290 4874 4891 5225 5250 5125 5294 5210 5484 4734 5053 5316 5187 5359 4635 5064 5248 5412 5491 4787 5341 5427 5098 5295 5319 5395 5254 5148 5014 4863 5189 4640 4959 5275 5505 4794 5445 4948 5268 5009 4992 5201 5119 5035 5210 5344 5259 5796 4955 4903 5256 5089 5450 5079 4497 4919 5330 5413 5533 4929 5171 4901 5183 4888 4929 4737 5140 5164 5380 4967 5264 5321 5030 5644 5231 5142 5026 4871 5350 5348 4919 4708 5136 5380 5459 5302 4992 5198 4644 5142 5253 5096 4602 5060 5465 5240 5123 5472 4901 5499 5276 5240 5303 5333 5004 5362 4878 5064 5428 5125 5254 4884 4830 4501 4949 5570 4735 5185 5267 4874 5025 4890 5070 5365 5510 5085 5332 5068 5163 5116 4906 5252 5053 4667 5394 4724 4731 5275 5029 4755 4998 5311 4907 5095 5210 4839 5116 5084 5174 4991 5175 5014 5301 4915 4962 5029 5258 5073 4911 5053 5143 5278 4783 5025 5084 5531 5117 4989 5127 4869 5497 5272 5014 4978 4673 5044 5132 5311 5369 5268 5532 5344 5416 4775 4784 5281 5429 4798 4839 5219 5349 5220 4985 5216 5156 5507 4775 5103 5149 5374 5184 4844 4958 4942 4507 5165 5261 4765 4877 5037 5151 4890 5391 
5279 5304 5138 5514 5412 4977 5457 5515 5460 5407 5693 5191 5316 4852 5491 5191 5860 5222 5261 5812 5069 5846 5046 5591 5201 5333 5348 5115 5219 5315 5261 5974 5190 5221 5548 5190 4935 5048 5156 5221 5329 5554 5050 5513 5370 5387 5563 5527 5208 5669 5690 5778 4926 5563 5227 4888 5835 5321 4909 5242 5172 5520 4859 5323 5516 5320 5286 5007 5835 5491 5600 5416 4986 5258 5093 5259 5459 5698 5292 5532 5220 5638 5135 5608 5161 5493 5011 5520 5690 5672 5936 5224 5187 5310 5416 5504 5451 5158 5116 5763 5624 5669 5371 5447 5252 5537 5058 5301 5023 5270 5648 5856 4921 5572 5428 5162 5930 5649 5683 5499 5305 5597 5384 5429 5423 5390 5760 5705 5630 4983 5684 5234 5222 5361 5360 4965 5103 5577 5511 5337 5628 4992 5472 5322 5207 5667 5434 5245 5437 5471 5366 5761 5363 5424 5348 5133 5023 4852 5743 5158 5576 5660 5289 5507 5009 5274 5488 5753 5186 5442 5509 5154 5045 5261 5737 5176 5220 5393 4884 5127 5564 5294 5169 5343 5666 5106 5582 5763 4924 5604 5294 5619 5280 5553 4980 5244 5289 5132 5301 5494 5185 5359 5325 5449 5293 4984 4934 5406 5221 5325 5348 5331 5052 5407 5284 5523 5332 5167 5182 5265 5473 5709 5505 5630 5746 5585 5146 5351 5708 5411 5206 5017 5526 5296 5436 5376 5218 5434 5581 5020 5471 5304 5640 5456 5306 5330 5456 4945 5353 5657 5410 5103 5015 5153 5232 5494 
4969 5032 4828 4664 4924 4445 5077 4924 5011 4871 5093 4907 4808 4853 5063 4533 5203 5025 4879 5057 4699 5299 4926 5122 4785 4759 4754 4961 4968 4825 4980 5450 4910 5001 4589 4923 4748 4989 4890 5027 4916 5098 4945 5026 5162 5005 5144 5319 4945 5108 5154 5028 4775 5030 5040 4700 5020 4703 4702 4709 4966 5096 4740 4962 5097 4885 4863 4636 5232 5164 5287 4831 4559 5290 4511 4983 5057 5180 4994 5349 4543 5417 4805 5422 5126 5031 4817 4921 5345 5379 5309 4631 4919 4853 5093 5216 4891 4743 4973 5214 5329 5314 4912 5093 5019 4921 4730 4724 4741 4853 5162 5340 5113 5161 4957 4839 5572 5524 5154 5031 4869 5165 5160 5153 4874 5178 5411 5688 4696 4722 5418 4649 4742 4754 4996 4645 4860 5268 4906 4943 5194 4539 5005 5020 4915 5239 5211 4853 5128 4812 5097 5364 5085 5081 5036 4745 4652 4545 5423 4821 5093 5253 4798 4807 5021 4935 5382 5388 4879 5042 5128 4955 4919 5043 5272 5033 4661 5048 4474 4869 4998 5072 4913 4703 5006 4788 5187 5141 4910 4810 4762 4942 5118 4901 4686 4829 5263 4683 5175 4988 4879 5010 5111 4963 4946 4653 4865 4990 5224 4977 4798 5164 4931 5046 4901 5095 5014 4738 4674 4905 4728 5262 5055 5177 5176 5281 4793 4889 4962 5034 4787 4985 5192 4929 5059 5103 5021 5089 5282 4730 4883 4692 5390 5057 4929 5079 5082 4585 5117 4876 4668 4765 4820 4759 4768 5028 
4790 4906 4713 5138 5073 4595 4880 5386 4951 5091 5628 5120 5000 4848 5012 4884 5462 5447 4925 5278 4645 5381 5032 5239 4837 5225 4959 5175 4821 4991 4711 5345 5246 5042 5172 4914 5183 4799 5004 4797 4956 5153 4854 5104 5094 5048 5345 5144 4739 5021 5168 5215 4673 5220 4938 4887 5182 4808 4803 5053 5321 5262 4930 5193 5103 4940 5124 5018 5463 5405 5310 5038 4823 5334 4827 4715 5093 5435 4963 5180 4819 5064 5121 5084 5228 5257 4773 5142 5529 5459 5473 4933 4792 5023 4717 5153 5105 4959 5065 5214 5349 5239 4920 5067 4937 5193 4875 4869 4824 5267 4926 5520 4739 5128 5308 4816 5501 5299 5350 5134 5165 5158 4967 5091 4995 5315 5236 5538 5276 4877 5544 4976 4888 5188 4919 4535 4782 5136 5178 4941 5489 4799 5267 5177 4874 5064 5262 4913 4681 5154 4814 5332 5080 5331 4886 4739 4537 4918 5165 4619 5407 5385 5039 5182 4901 5097 5431 5179 5178 5312 5093 4986 5105 5167 5352 5123 4753 5237 4686 4731 5140 4950 4751 5003 5330 4916 5200 5094 4780 5245 5114 5108 5034 5111 4890 5239 5135 4893 5314 5407 5110 4864 5160 5294 5462 4767 4751 4968 5130 5073 4874 4794 5103 5201 4859 5192 4882 4789 4869 4988 5150 5410 5236 5420 5142 5453 4602 4972 5042 5498 4684 4789 5219 5229 5273 4863 5223 5086 5359 4557 5225 4980 5142 5086 5015 4899 5123 4697 5141 5109 5036 4593 4909 5069 4936 5099 
5066 5050 4810 4959 5124 4671 4993 4872 5178 4998 5366 4976 4937 4774 4847 4857 5541 5073 4748 5214 4524 5388 5182 5306 4904 4922 5067 4729 5054 4910 4937 5436 4955 4961 5046 4983 5042 4893 4822 5098 5276 5158 4992 5203 5159 4907 5187 5383 4992 5138 4904 5007 4913 5220 5018 4967 5202 4634 4630 5023 4990 5105 4889 5304 4994 4900 5070 4658 5409 5186 5246 4985 4905 5233 4675 4893 5134 5204 4853 5483 4928 5262 4994 5007 5183 5047 5083 5244 5285 5318 5573 4831 4865 5091 5141 5065 5047 4911 5082 5279 5447 5159 5018 4962 4789 5130 4714 4856 4985 4892 5156 5182 4765 5101 5154 4897 5687 5235 5343 4932 4934 5029 5061 5126 5071 5007 5355 5325 4950 4557 5298 5013 4824 5017 5123 4489 4883 5184 5394 5035 5326 4852 4975 5127 5036 5058 5304 5017 5175 5050 4982 5403 5215 5010 5136 4767 4516 4459 5542 5090 5084 5480 4905 5058 4670 4910 5100 5313 5093 4950 5221 4866 4975 5000 5169 5041 4729 5238 4799 4766 5163 4834 4831 5280 5456 4690 5282 5172 4559 5174 5010 5051 4893 5002 4729 5125 4988 4848 5200 5282 5034 4805 5148 4981 5122 4674 4918 5322 5327 4861 4817 4780 4848 5209 4968 5159 4870 4796 4875 5049 5111 5042 5163 4990 5297 4894 4581 4916 4968 5560 4904 4774 5288 5001 5159 4886 5125 5215 5329 4641 5237 5033 5296 5002 5088 5024 5201 4582 4804 5081 5393 4775 4869 5004 5006 4939 
5211 5284 5005 5061 5308 5012 5503 5256 5072 5093 5451 4817 4898 4811 5202 4839 5727 5359 5070 5222 4681 5570 5048 5412 5123 5055 5116 5345 5253 5147 4908 5741 5190 5322 5356 5203 5238 5020 5104 5149 5247 5276 5174 5077 5248 5247 5425 5417 5167 5320 5211 5213 4687 5458 5303 4958 5471 4873 4791 5407 5239 5273 5171 5411 5220 4945 5312 5254 5716 5408 5415 4953 5046 5392 4966 4955 5337 5310 5015 5461 5398 5303 5017 5353 5228 5348 5278 5443 5697 5532 5581 5171 4926 5401 4952 5714 5390 4937 5161 5468 5377 5438 5156 5492 5186 5321 4988 5129 4765 5175 5458 5566 4973 5441 5481 5138 5724 5425 5631 4997 5234 5273 5521 5383 5202 5596 5537 5620 5353 4789 5402 4989 5079 4926 5342 4628 5313 5569 5488 5218 5341 5058 5199 5151 5047 5416 5396 5523 5407 5050 5225 5714 5344 5438 5302 4836 4866 4718 5764 5107 5047 5254 4948 5380 4784 5099 5514 5636 5219 5368 5248 5052 5042 4999 5380 5297 5000 5086 4597 4803 5351 5112 4866 5262 5291 5046 5549 5411 5202 5166 5145 5237 5175 5394 5032 5581 5222 4878 5436 5420 4865 5324 5486 5075 5394 4842 5312 5475 5183 5079 5156 5330 5031 5320 5426 5324 4978 4988 5113 5157 5022 5696 5317 5813 5243 5553 4931 5066 5523 5284 4829 5230 5384 5152 5545 5090 5380 5557 5430 4485 5242 5063 5788 5473 5495 5183 5189 4917 5075 5551 4933 4941 4959 5261 5302 5465 
4846 5306 4815 4726 5160 4451 5038 5026 5119 5018 5135 4805 4989 4796 5016 4681 5620 5185 5101 5098 4450 5484 4933 5154 5144 5015 4888 5147 5298 4908 4787 5331 5141 4953 5088 5047 5181 4936 5061 4983 4758 5222 4860 5280 5063 5055 5068 5122 4899 5161 5256 4921 4639 5066 5059 4790 5344 4742 4640 5143 5205 5281 4653 4890 5184 4993 4975 4877 5345 5134 4963 5167 4611 5163 4646 4592 5195 5384 5043 5199 4772 5148 4832 5075 5153 5157 4843 5148 5195 5281 5660 5032 4998 5075 4805 5504 5214 4768 4894 5089 5477 5025 4732 5015 4796 5092 4808 5042 4815 5073 4935 5148 4917 5263 5157 4839 5351 5250 5060 4854 5053 5051 5207 5301 4858 5159 5248 5442 5031 4823 5400 4887 4861 5070 4893 4540 5095 5268 5288 5192 5294 4657 5106 5316 4836 5197 5264 4986 5280 5090 5071 5202 4999 5334 5138 4839 4700 4662 5452 4908 5067 5078 5000 4982 4881 5031 5212 5601 5077 5052 5209 4940 4913 4912 5256 5075 4586 5339 4365 4951 5037 5096 4711 4902 5280 4911 5231 5185 4853 5008 5019 5071 4865 4988 4622 5063 5257 4720 5259 5272 4801 5182 4998 5118 5130 4648 5204 4950 5333 5126 4993 5189 4991 5403 4996 5266 5064 4951 4944 4834 4857 5265 5227 5258 5081 5366 4794 5033 5212 5551 4792 4741 5343 5149 5156 4864 4902 5023 5445 4375 5010 4971 5306 5259 5075 5008 5061 4520 4831 5272 4832 4780 4723 4877 4700 5099 
5023 4926 4725 4606 5113 4646 4916 4830 4917 4768 5001 4654 4770 4598 4698 4572 5190 5286 4804 4919 4635 5215 4956 5257 4701 5042 4762 5047 5003 4895 4562 4986 4835 4692 4919 4767 5161 4888 4713 4744 4795 5189 4957 4911 5131 4790 5317 5263 4856 5175 4907 5113 4728 5035 4693 4619 4998 4721 4512 4702 5110 5030 4730 5097 5268 5004 4848 5006 5315 5243 5039 4949 4376 5142 4969 4743 4865 5338 4886 5253 4913 5126 4560 4893 4892 4918 5022 4931 5083 5308 5440 4949 4792 5060 4540 5301 4925 4645 4757 4996 5112 5062 4903 4893 5041 4976 4610 4993 4510 4809 5006 5382 4739 5242 5080 4982 5403 5186 5207 4819 4962 4825 5092 4671 4720 5181 5271 5127 4923 4620 4792 4555 4731 4903 4800 4554 4729 4843 5296 5012 5022 4591 5036 5051 4706 5041 5046 4675 5093 4734 4771 5375 5171 5139 4751 4647 4484 4436 5464 4758 4907 5084 4868 4734 4647 5194 5106 5154 5042 5322 4866 5006 4980 4691 5357 4942 4701 4973 4491 4820 5182 4801 4694 4943 5036 4695 5130 5052 4716 4702 4890 5062 4932 5074 4618 5377 5047 4601 5010 5249 4801 5041 4990 4838 5094 4665 4836 4802 5278 4894 4735 4791 4769 5238 4915 5042 4809 4662 4887 4833 4796 5043 4887 5348 5031 5354 4527 4845 5248 5177 4991 4853 5227 5008 5204 4926 4978 5115 5150 4417 5044 5001 5426 4866 4938 4896 4753 4823 5024 5232 4743 4652 4492 4922 4940 4971 
5033 4990 4881 5205 5154 4637 5135 5284 5150 5095 5294 4777 4919 4887 5203 4836 5790 5319 4961 5353 4790 5339 5035 5663 5038 4849 5080 5119 5326 4970 4901 5345 5038 4988 5098 4990 5042 4839 5008 4889 4812 5160 5224 5342 5220 5088 5295 5511 5076 5386 5121 5229 4646 5257 5201 5051 5156 4800 4798 5072 5198 5241 4788 5078 5292 4906 5109 4885 5477 5480 5215 5250 4475 5361 4662 4659 5359 5492 4986 5173 4997 5119 4964 5278 5046 5337 4927 5323 5278 5502 5657 5143 5083 5252 4833 5471 5064 4909 5253 5143 5544 5335 5047 5086 5267 5327 4883 5084 4770 5028 5063 5289 4713 5298 5248 4665 5468 5716 5330 4904 5224 5136 5212 5226 4899 5201 5319 5271 5032 4699 5405 4602 4800 5020 4798 4720 5190 5178 5588 5224 5422 4573 5182 5309 5139 5295 5349 4873 5220 4992 5057 5174 4959 5244 5252 5122 4714 4684 5578 5152 4738 5432 5018 5197 5023 5064 5148 5456 4969 5151 5048 5262 4977 5261 5340 5107 4741 5281 4465 4969 4983 5055 4777 5335 5138 4901 5466 5092 5243 5001 5129 5034 5228 5172 4708 5242 5275 4536 5268 5369 5091 4959 5356 4986 4945 4688 5134 4905 5447 5294 5225 4978 4854 5333 4969 5267 5185 4802 4993 5306 5064 5229 5164 5316 5312 5226 4848 4996 5319 5475 4941 4937 5036 5173 5237 5021 5311 5217 5383 4501 5256 4985 5268 4935 5182 4966 4977 4875 5095 5313 4796 4662 4890 5055 4976 5252 
4661 4850 4715 4762 4826 4474 5064 4618 4834 4678 5014 4424 4853 4613 4550 4543 5119 5167 4703 5138 4621 5178 4583 5068 4552 4720 4708 4767 4925 4666 4586 5071 4686 4800 4902 4588 4879 4858 4785 4710 4645 4867 4708 4907 4782 5052 4779 4943 4617 4957 4899 4892 4480 4773 4692 4583 4915 4510 4386 5114 4803 5073 4705 4751 5044 4639 4949 5001 5250 5045 5030 4755 4567 4823 4339 4608 4828 4837 4535 5094 4875 4862 4624 4812 5008 4837 4948 4890 4956 5124 5424 4733 4710 4856 4493 5180 4764 4567 4803 5084 5017 4785 4732 4780 4685 4956 4471 4379 4386 4823 4960 4896 4688 4981 4922 4692 5129 4972 4866 4777 4638 4975 4780 4578 4697 4915 5110 5176 5184 4238 5083 4723 4553 4587 4786 4167 4667 4996 4910 4750 5050 4422 4981 4984 4630 4782 4989 4497 4876 4653 4694 4845 4634 4793 4466 4622 4427 4608 5038 4684 4732 5144 4679 4894 4403 4733 4993 5164 4492 4861 4708 4742 4582 4861 5141 4654 4512 4781 4325 4465 4654 4558 4788 4593 4999 4735 5019 5195 4603 4827 4761 4837 5009 4792 4476 4937 4581 4511 4738 4816 4668 4843 4931 4870 4625 4388 4767 4637 5086 4649 4762 4660 4698 5420 4815 4773 4815 4629 4524 4888 4597 5206 5014 4959 4773 4812 4475 4778 5057 5125 4758 4493 4861 4794 4743 4755 4867 4830 5122 4291 4891 4567 5212 5016 4997 4644 4728 4520 4893 4975 4638 4546 4225 4596 4679 4800 
5030 5606 4714 5032 5123 4661 5165 4978 5015 5091 5356 4829 5348 4851 5201 5061 5591 5208 5187 5292 4835 5440 4898 5171 5200 4781 5005 5177 5083 5050 4698 5629 4969 5105 5261 5400 5168 4770 5180 5183 4843 5128 5018 5093 5062 5076 5440 5262 5179 5596 5111 5158 4595 5446 5198 5081 5500 4836 4715 5219 5260 5337 4778 5201 5532 5054 5150 4910 5637 5435 5118 5087 4628 5234 4775 4818 5297 5683 5209 5144 5027 5176 4723 5213 5118 5326 5118 5194 5317 5719 5640 5061 4889 5398 4810 5656 5281 5089 5119 5428 5364 5296 5112 5164 5108 5157 5014 4967 4985 5109 5112 5239 4666 5232 5490 4681 5767 5349 5473 4961 5010 5385 5322 5165 4751 5443 5546 5654 5104 4951 5547 5015 4867 5040 5091 4373 4914 5212 5508 5066 5376 4839 5318 5329 4890 5056 5368 5228 5427 5109 5071 5285 5293 5051 5045 4947 4675 4703 5556 4676 5120 5187 4875 5091 4804 5238 5222 5643 5252 5155 5155 4850 5027 5129 5487 5116 4946 5392 4500 4740 5115 5029 4928 5058 5408 5007 5231 5296 5114 5215 5143 5248 5051 5174 5054 5270 5212 4783 5196 5311 4889 5189 5320 5103 5094 4713 5286 5326 5414 4895 5462 5139 4965 5430 5111 5289 5100 5046 4812 5223 5120 5218 5445 5491 5130 5216 5090 5042 5292 5606 4853 5035 5248 5270 5237 4996 5176 5424 5374 4507 5255 5164 5549 5304 5272 4891 4888 4861 5125 5393 4955 4897 5007 4975 4881 5179 
5291 5218 4805 5120 5115 5001 5125 5327 5277 5068 5692 4956 5170 4874 5177 5064 5604 5277 5132 5153 4815 5599 5289 5547 4978 5141 5255 5449 5187 5261 4790 5406 5335 5595 5156 5145 5206 5076 4890 5313 4971 5202 5070 5495 5328 5155 5402 5658 5115 5543 5326 5461 4813 5478 4920 5360 5332 4989 5136 5245 5516 5394 5126 5610 5504 5213 5555 5035 5677 5494 5294 5282 5104 5422 4687 4945 5311 5628 5170 5414 5153 4982 4802 5340 5311 5320 5141 5292 5491 5661 5474 5192 5207 5503 5166 5196 5283 5080 5493 5268 5801 5525 5147 5266 5372 5431 5162 5108 4945 5230 5370 5372 4991 5529 5457 4954 5778 5637 5374 5091 5174 5395 4937 5087 5346 5304 5609 5699 4980 4903 5457 5140 5113 5241 5271 4630 5291 5575 5466 5266 5399 4934 5290 5197 4971 5318 5654 5381 5502 5279 5089 5584 5336 5265 5259 4989 4736 4859 5545 5304 5103 5480 5145 5171 4738 5461 5441 5660 5146 5166 5168 5312 5195 5235 5568 5299 5073 5606 4618 4749 5274 5071 4981 5351 5265 4978 5174 5445 4898 5302 5358 5299 5157 5182 4928 5076 5126 4903 5592 5479 5247 4887 5228 5281 5376 4809 5257 5581 5620 5318 5272 5085 5056 5192 5115 5308 4966 5031 5096 5222 5420 5349 5473 5456 5390 5453 5157 5187 5648 5168 5228 5034 5142 5309 5227 5216 5307 5283 5474 4803 5092 5339 5907 5190 5403 5264 5226 4872 5258 5355 5120 5022 4967 5279 5237 5300 
5162 5156 4579 4878 5066 4575 4937 5101 4992 4832 5045 4711 5028 4831 5063 4866 5324 5296 5132 4962 4541 5245 4843 4957 4831 4741 5051 4934 5269 4957 4618 5379 4996 4753 5235 5067 5298 4804 4791 4779 4896 5071 4930 5036 5223 5010 5399 5262 4830 5159 5011 5185 4621 5396 4990 5053 5325 4886 4499 4988 5141 5399 4641 5118 5338 4944 5004 4816 5459 5139 5007 4658 4527 4995 4611 4759 5282 5032 4878 5138 4909 5084 4641 4702 4995 5068 4869 5056 5145 5561 5494 4753 4768 5205 4942 5118 5152 4869 4913 5246 4986 5437 4921 4869 5133 5166 4686 4928 4620 4885 5122 4853 4791 5450 4962 5063 5511 5285 5448 5199 4961 5172 5114 4837 4720 4976 5243 5446 5161 4758 5145 5021 4752 4619 4784 4415 4733 5042 5390 5231 5245 4833 5039 5159 4817 5094 5166 5092 5063 4850 5000 5267 4861 4985 4659 4562 4497 4447 5382 5182 4904 5132 4483 5222 4589 4967 5259 5248 5168 5041 5071 5108 4834 5040 5311 5056 4884 5452 4561 4693 5084 5115 4543 4853 5237 4815 5150 5188 4820 4992 5007 4998 4906 5130 4773 5118 4762 4602 5145 5427 4903 4978 5297 5047 5121 4485 4902 5227 5381 5191 4956 4729 4670 5302 5070 4998 4686 4846 4686 4870 5123 4991 5065 5304 5149 5084 4588 4918 5384 5248 4893 4912 4921 4822 4959 4760 4997 5220 5329 4376 4965 4887 5333 4907 5282 5248 5085 4687 4999 5060 5034 4730 4769 5106 4795 5161 
5143 5167 4909 4965 5318 4530 5293 5382 5012 4956 5268 5072 5138 4954 5222 4973 5741 5403 4911 5402 4832 5598 4929 5394 5211 5043 5004 5298 5535 5141 4949 5416 5239 5068 5114 5410 5026 4970 5195 5147 4972 5245 4986 5333 5248 4976 5253 5451 5027 5509 5491 5347 4860 5508 5024 5262 5439 4710 4770 5324 5300 5459 5108 5304 5415 5311 5292 4949 5657 5335 5365 5219 5184 5465 4789 4810 5360 5504 4947 5255 5071 5107 5224 5187 5306 5308 4800 5542 5295 5554 5752 4821 4839 5075 5162 5435 5294 4971 5319 5462 5495 5264 5084 5210 5148 5285 4873 5365 4778 5262 5159 5421 4911 5416 5218 5040 5569 5409 5460 5001 4979 5378 5160 5393 5003 5463 5369 5469 5235 4863 5374 4981 5378 5262 5316 4523 5155 5403 5201 5463 5425 5021 5285 5444 5007 5621 5313 5026 5352 5255 5052 5459 5330 5256 5041 4844 4813 4873 5575 5024 5118 5278 5062 5167 4894 5153 5421 5617 5322 5438 5017 5187 5238 5079 5405 5185 4885 5475 4569 4939 5277 5262 5201 5290 5383 5003 5415 5363 5216 5360 4840 5202 5106 5287 4796 5124 5289 4719 5507 5455 4775 5213 5328 5358 5284 4869 5308 5333 5555 5204 5230 5136 4892 5480 4954 5583 5003 5023 5158 5290 5065 5516 5403 5527 5432 5443 4924 5113 5357 5373 4903 4909 5478 5292 5227 5177 5059 5400 5577 4684 4959 5156 5290 5240 5402 5271 5118 5055 5013 5009 4943 4980 4955 4831 4972 5223 
5113 5083 4733 5016 5082 4576 5076 5084 5086 5045 5220 4687 5092 4762 5002 4884 5503 5252 4972 5108 4611 5430 5092 5294 4996 4892 4978 5224 5135 4988 4813 5504 5133 5118 4970 5218 5085 4813 4842 5008 4950 5512 4904 5158 5158 5431 5208 5231 4999 5281 5097 5444 4536 5140 5094 4998 5136 4528 4784 4892 5045 5233 4881 4963 5036 5081 5164 4740 5509 5314 5212 5182 4919 5165 4647 4846 5068 5298 5117 5215 4990 5089 4993 5352 5075 5109 4853 5163 5367 5522 5282 4664 4935 5238 4847 5282 5068 4949 4819 5291 5423 5333 4859 5028 4988 5199 4838 5004 4732 4981 5058 5216 4686 5499 5211 5050 5477 5446 5335 4884 4844 5000 5129 4764 4939 5044 5353 5258 5116 4569 5283 4904 4736 5151 5021 4502 4959 5277 5184 5012 5083 4643 5001 5135 4804 5176 5312 5271 5488 4916 5175 5218 4969 5087 4946 4724 4649 4834 5467 4792 5014 5231 4794 5080 4741 5021 5176 5448 4952 5225 5071 4873 5003 5132 5293 4917 4954 5040 4444 4721 4937 5028 4707 4958 5387 4776 5143 5179 5034 5004 5113 5057 5013 5180 4737 4962 4977 4720 5097 5241 4838 5017 5376 5104 5152 4853 5201 5141 5294 5091 4960 4980 4953 5362 5142 5065 4856 4874 4684 5027 5130 5017 5422 5128 5227 5139 4721 4910 5277 5321 4920 4929 5105 5115 5026 4992 5001 5312 5613 4554 4985 4954 5459 5056 5314 4925 5213 4632 5147 4968 4966 4877 4910 5049 4883 5295 
5331 5252 5053 5382 5335 4639 5682 5264 5406 5461 5662 5259 5546 4940 5185 5273 5514 5374 5205 5450 4812 5698 5228 5564 5111 5091 5436 5563 5240 5060 5228 5849 5483 5423 5278 5139 5441 5209 5054 5205 5094 5446 5242 5426 5297 5545 5815 5387 5252 5672 5555 5786 5033 5510 5312 5217 5443 5139 5160 5155 5280 5627 5087 5587 5328 5231 5497 5112 5887 5479 5478 5383 5080 5386 5291 5289 5370 5566 5499 5935 5021 5578 5140 5832 5455 5352 5330 5566 5773 5517 5960 5269 5293 5484 5325 5680 5679 5265 5510 5694 5662 5640 5289 5262 5365 5614 5276 5383 5083 5227 5582 5521 5088 5604 5515 5340 5769 5619 5765 5376 5314 5571 5464 5209 5291 5434 5867 5658 5390 5024 5412 5097 5033 5383 5472 4846 5316 5385 5364 5500 5559 5144 5280 5393 5304 5534 5778 5252 5415 5044 5451 5622 5568 5699 5210 5148 4977 4933 5544 5029 5632 5605 5220 5414 5180 5377 5687 5679 5432 5793 5343 5321 5251 5189 5572 5369 4935 5579 4907 5191 5391 5319 5047 5187 5695 4759 5438 5469 5083 5097 5372 5467 5208 5232 5275 5585 5158 4975 5529 5532 5183 5206 5404 5358 5386 5182 5197 5395 5578 5241 5390 5288 5296 5340 5078 5402 5351 5236 5178 5379 5437 5597 5619 5641 5487 5546 5082 5378 5668 5582 5398 5255 5656 5336 5584 5256 5147 5497 5913 5036 5170 5362 5811 5447 5545 5247 5627 5065 5365 5770 5195 5265 5115 5346 5324 5403 
5058 5360 4985 4845 5017 4738 5030 5233 5011 4811 5427 4885 5106 4680 5042 4727 5356 5142 5086 5052 4605 5478 5266 5449 4751 4949 5436 5115 5375 5105 4784 5375 5130 5421 5042 5066 5374 4759 4618 4951 4996 5291 4956 5160 5018 5215 5423 5245 5047 5457 5021 5245 4632 4986 4880 5125 5407 4739 4826 5007 5364 5433 4845 5309 5132 5021 5335 4997 5409 5240 5041 5294 4730 5005 4700 5017 5098 5608 4986 5482 5028 5301 4955 5250 5335 5464 5096 5282 5539 5473 5349 4695 4961 5177 5055 5744 5082 4755 5101 5245 5563 5224 5041 5129 4981 5213 4929 4819 4901 5193 5065 5506 4879 5403 5101 4927 5701 5302 5383 4890 5189 5253 5175 4689 4949 5412 5312 5611 5265 4878 5267 5001 4980 5280 5172 4796 5019 5080 5128 5053 5371 4792 5373 5028 4854 5119 5319 5068 5194 4890 5033 5620 5072 5082 4930 4870 4813 4782 5557 5047 5106 5365 4769 4912 4832 4982 5452 5292 5125 5196 5118 5281 4933 5067 5155 5300 4883 5302 4692 4793 5275 4932 4739 4955 5301 4982 5362 5224 4803 4931 5321 5083 5137 5117 4967 5171 5071 4861 5476 5194 4975 4931 5229 5248 5264 4517 5227 5101 5458 4971 4876 4947 5022 5172 5037 5053 4829 4844 4757 5117 5038 5043 5086 5347 5334 5132 4798 5014 5188 5245 4991 4803 5269 5114 5140 4947 5231 5202 5715 4808 5123 5064 5437 5082 5108 5088 5138 4750 5269 5388 5082 4811 5091 4932 5017 5126 
5088 5046 4965 5054 5159 4670 5117 5358 5217 5220 5496 4784 5239 5306 5140 4999 5425 5223 4949 5386 4640 5420 4817 5268 5008 5107 5242 5100 5331 5094 5151 5398 5428 5038 5063 4868 5320 5275 4946 4994 5225 5577 5018 5259 5418 4943 5414 5484 5123 5410 5119 5536 5009 5463 5301 4896 5368 4953 4862 5140 5324 5229 4942 5372 5358 5084 5309 4791 5486 5407 5546 5085 4864 5266 4848 4766 5049 5324 5116 5261 4973 5207 5068 5377 5131 5343 5251 5439 5391 5513 5601 5129 4931 5370 5269 5502 5122 4965 5086 5238 5422 5620 4960 5386 5307 5498 4919 4979 4943 5004 5348 5088 5100 5513 5541 5113 5749 5487 5459 5268 5004 5398 5366 5144 5018 5260 5565 5516 5191 4770 5592 5251 5060 5058 5176 4852 4932 5477 5497 5201 5464 4956 5285 5366 5201 5270 5317 5210 5588 5184 5322 5108 5226 5236 5126 4980 4608 4816 5692 4927 5128 5530 4841 5071 5037 5356 5347 5288 5167 5394 5253 5196 5121 5124 5439 5185 4938 5318 4628 5026 5403 5275 4837 5143 5292 4856 5307 5141 5269 5119 5231 5206 4971 5334 4846 5399 5047 5033 5289 5264 5006 5199 5594 5370 5276 4977 5156 5105 5439 5169 5172 5028 5126 5499 5259 5427 5032 5190 4924 5280 5205 5151 5436 5535 5196 5277 4837 5003 5568 5354 4958 4954 5326 5085 5137 5276 5340 5190 5528 4710 5179 4955 5605 5269 5263 5241 5254 4899 5290 5193 4845 5137 4899 5290 5128 5397 
5330 5189 4794 5035 5139 4818 5410 5248 5426 4992 5373 4959 5115 4720 5017 5144 5530 5030 4968 5334 4901 5634 5067 5172 5184 4958 4918 5192 5117 5129 4906 5684 5341 5171 4975 5080 5151 4841 4847 5043 5189 5242 5256 5207 5252 5111 5526 5051 4833 5431 5182 5503 4582 5427 4961 5063 5320 5134 5113 5030 5352 5354 5113 5478 5742 5008 5349 5144 5675 5196 5289 5298 5025 5128 4750 4898 5307 5385 4914 5437 4936 5187 4980 5264 4962 5461 4943 5430 5347 5431 5701 5080 5256 5433 5371 5454 5070 4900 5249 5201 5537 5425 5062 4951 5021 5314 5116 5237 4865 5254 5429 5393 4830 5435 5292 4937 5834 5236 5499 5061 4925 5732 5257 5293 5084 5084 5414 5660 5311 5028 5383 4849 4898 4934 5168 4607 5063 5246 5491 4924 5468 4842 5396 5452 4904 5264 5351 4912 5280 5058 5217 5438 4991 5146 5247 4954 4741 4683 5610 5164 5165 5077 5143 5225 5110 5264 5172 5465 5167 5500 5046 4953 5015 5131 5395 5265 4945 5458 4767 4964 4931 5053 5086 5075 5459 4841 5429 5573 4910 5324 5142 5035 4860 5167 5185 5174 5143 4980 5457 5288 4823 5119 5269 5197 5270 4814 5189 4948 5360 5244 5058 5165 4800 5489 5194 5386 5298 4995 5042 5494 5236 5302 5301 5512 5318 5377 4777 4887 5231 5388 4958 4956 5314 5327 5070 4887 5117 5164 5379 4731 5273 5035 5689 5286 4998 4797 5064 5030 5053 5353 5032 4989 5107 5231 5029 5397 
5153 5113 4812 5042 5211 4758 5290 5262 5074 4981 5448 5060 5079 5044 5273 4864 5244 5237 4896 5244 4691 5243 5150 5177 4814 4702 5062 4994 4985 4833 4738 5573 5225 5118 5009 4723 5304 4919 4759 4875 5101 5165 4841 5079 5095 5082 5241 5170 4722 5329 5046 5106 4543 5349 5029 5002 5159 5002 4797 4864 5152 5395 4796 5260 5450 5057 5252 4803 5618 5266 5055 5086 4401 5247 4844 4665 5156 5301 4792 5323 4792 5364 4985 5405 5334 5377 5024 5120 5350 5195 5617 4892 4800 5041 4861 5044 4965 4859 4988 5138 5402 5232 5023 5106 5111 5145 4967 4878 4851 5022 5473 5440 4854 5436 5271 4720 5465 5341 5579 4930 5033 5149 5193 4838 5253 5352 5576 5389 5216 4743 5431 4739 5054 4896 5073 4885 4891 5442 5415 5187 5382 5091 5160 5227 4737 5147 5346 5153 5125 5108 5133 5467 5140 5060 4810 4816 4845 4704 5413 5074 5174 5174 4875 5078 4767 4905 5009 5667 5213 5165 5226 5084 5284 5059 5106 5347 4983 5506 4582 5014 5042 5058 4929 5258 5570 4871 5340 5116 4639 4905 5170 5008 4882 4978 5004 5193 5065 4621 5303 5124 4801 5043 5332 4926 5137 4636 5179 5306 5420 4891 4875 4970 4813 5272 4902 4964 4918 4729 4651 4996 5067 5118 5196 5416 5262 5257 4981 5049 5381 5139 4847 4918 5064 4840 5296 5016 5142 5351 5497 4797 5171 5019 5601 4971 5268 4890 5119 4673 5069 5427 4859 4849 5050 5125 4876 5194 
5318 5280 4837 5230 5432 4773 5288 5356 5048 5109 5484 5207 5007 5059 5281 4990 5616 5476 5024 5538 4789 5431 5250 5469 5163 4941 5238 5025 5444 5082 4881 5689 5294 5122 5147 5135 5404 5191 4995 5151 5074 5364 5049 5497 5452 5202 5297 5443 4763 5129 5306 5065 4872 5574 5051 4977 5545 5104 4956 5289 5311 5671 4994 5333 5372 5284 5405 5131 5688 5274 5312 5144 4993 5167 4777 4905 5220 5486 4966 5224 4990 5336 5065 5177 5365 5425 5161 5384 5505 5353 5947 5299 5199 5379 5269 5391 5252 5141 5381 5452 5532 5358 4961 5064 5319 5459 4924 5015 5017 5191 5216 5298 4861 5483 5499 5054 5854 5514 5518 5174 5384 5443 5290 5252 4925 5347 5556 5582 5421 4846 5446 5036 5237 5321 5096 4528 5113 5559 5381 5497 5686 5146 5457 5482 5103 5455 5576 4908 5058 5281 5297 5411 5164 5323 5247 4942 4779 4737 5677 5065 5492 5353 5036 5170 4729 4945 5608 5793 5249 5398 5012 5228 4989 5023 5216 5303 4858 5490 4724 5198 5310 5168 4862 5133 5465 4845 5674 5389 4951 5092 5372 5238 4967 5199 5012 5401 5436 4874 5490 5397 5218 5187 5461 5358 5263 4960 5223 4981 5449 5235 5187 4997 5106 5461 5031 5519 5107 4920 5033 5263 5244 5540 5570 5615 5694 5472 5006 5122 5372 5496 4697 4937 5451 5260 5499 5116 5148 5401 5418 4588 5198 5154 5533 5436 5451 5254 5158 4660 5313 5496 4844 4900 5044 5077 4709 5383 
5317 5305 4991 5245 5567 4727 5078 5499 5201 5180 5604 5351 5272 5181 5232 5344 5719 5468 5195 5384 4914 5550 5291 5747 5330 5409 5217 5474 5256 5123 5103 5987 5411 5300 5464 5508 5389 5040 5219 5243 5207 5569 5130 5535 5538 5010 5566 5558 5352 5555 5695 5594 5050 5662 5224 5389 5721 5285 5233 5422 5456 5687 4999 5565 5473 5237 5414 5063 5725 5459 5194 5329 4763 5531 4999 5209 5775 5756 5557 5752 5224 5472 5107 5330 5529 5652 5102 5474 5544 5714 5913 5195 5274 5219 5192 5480 5367 5139 5358 5447 5806 5816 5424 5459 5302 5457 5390 5327 5069 5209 5349 5847 4902 5752 5531 5184 6032 5594 5737 5510 5303 5594 5199 5170 5215 5396 5700 5665 5502 5061 5808 5043 5143 5473 5298 5001 5249 5490 5563 5332 5666 5310 5575 5582 5079 5652 5700 5303 5592 5221 5183 5754 5533 5393 5435 5179 5166 4694 5698 5248 5366 5493 5462 5644 4849 5289 5451 5791 5428 5694 5334 5464 5369 5342 5369 5378 4932 5434 4757 5162 5384 5329 5022 5407 5494 5263 5621 5427 5169 5206 5350 5405 5184 5236 5148 5353 5533 5061 5603 5852 5323 5201 5450 5195 5545 5007 5468 5547 5556 5383 5397 5347 5093 5679 5300 5374 5083 5066 5031 5431 5216 5481 5446 5591 5631 5681 5026 5374 5842 5542 5060 5168 5657 5504 5537 5478 5327 5536 5588 4917 5388 5600 5697 5326 5681 5190 5305 5176 5139 5511 5186 5052 5012 5301 5360 5623 
4898 5083 4733 4726 5193 4635 4877 5209 4975 4829 5307 4704 5145 4972 5284 5055 5451 5304 5005 5411 4592 5386 4813 5060 4925 5087 4832 5256 4779 4875 4910 5388 5027 4949 4947 4917 5014 4741 4782 4933 4676 5077 4794 5142 5266 4913 5213 5278 5051 5170 5084 5230 4781 5217 4873 4690 5235 4764 4921 4946 5402 5289 4741 5179 5541 4969 5148 4939 5348 5170 5241 5052 4719 5256 4621 4785 5184 5292 4902 5152 4735 5002 4874 5109 4975 5099 4898 5204 5097 5370 5742 4929 4767 5107 4779 4985 5229 4999 4899 5093 5474 5331 4886 5112 5185 5273 4832 5167 4728 5054 5063 5306 4911 5258 5261 4952 5328 5387 5359 4971 4904 5019 5050 5158 4924 5160 5233 5427 5222 4652 5378 4790 4913 5138 4867 4638 4819 5106 5391 5290 5233 4823 5089 4971 4902 5336 5303 5211 4994 5024 4794 5399 5001 5298 5163 4864 4576 4742 5436 5012 5020 5231 4829 5082 4984 5092 5198 5538 5179 5171 4891 5299 5051 5062 5424 5024 4863 5344 4638 4896 4849 4981 4920 5164 5362 4727 5349 5336 4737 5078 4797 5097 4904 5550 4832 5360 5257 4894 4911 5242 4805 4897 5147 4983 5161 4765 5034 4897 5189 5027 4973 4757 4979 5249 4976 5085 5122 4578 4951 5114 5354 5283 5245 5365 5336 5284 4760 4910 5339 5412 4626 4800 5165 5403 5088 4839 5028 4999 5296 4470 5060 4792 5261 5087 5081 5002 4911 4790 5175 5233 5007 5095 4777 5014 4875 5202 
5171 5185 4786 5441 5480 4880 5344 5313 5378 5526 5582 5276 5268 4941 5344 4971 5770 5544 5158 5742 4832 5803 5300 5468 5404 4927 4974 5362 5355 5044 5151 5639 5481 5605 5500 5193 5573 5387 5070 5368 5307 5383 5188 5532 5479 5348 5454 5643 5346 5593 5227 5528 5132 5623 5131 5127 5253 5052 5204 5077 5479 5555 4976 5586 5409 5212 5516 5123 5861 5632 5428 4961 4850 5583 5040 4918 5834 5662 5114 5477 5172 5506 5008 5418 5341 5292 5203 5547 5512 5619 5841 5049 5242 5429 5187 5481 5362 4936 5333 5333 5755 5681 5154 5299 4962 5700 5179 5286 5108 5194 5273 5436 5150 5589 5714 5097 5650 5564 5764 5339 5194 5545 5350 5473 5153 5334 5520 5693 5478 4866 5633 5264 5225 5331 5370 4814 5152 5552 5635 5390 5548 4973 5447 5525 5167 5549 5710 5339 5343 5128 5310 5534 5311 5538 5347 5093 4961 5258 5789 5539 5516 5494 5168 5472 5290 5258 5395 5472 5327 5534 5577 5275 5310 5346 5572 5309 4927 5411 4887 5065 5480 5442 5204 5198 5711 4785 5515 5702 4821 5162 5279 5289 5156 5467 5214 5480 5114 4837 5525 5460 5494 5532 5228 5305 5602 4983 5231 5240 5830 5246 5204 5008 5129 5733 5470 5557 4964 4978 5171 5244 5425 5448 5626 5767 5424 5530 4847 5165 5617 5806 5322 5190 5377 5477 5422 5165 5233 5421 5715 4696 5426 5373 5569 5337 5443 5176 5459 5042 5191 5732 5265 4983 5058 5335 5302 5272 
5101 4963 4675 5083 4796 4452 5156 5014 4884 5037 5263 5082 4907 4726 4749 4524 5304 5165 4936 5274 4566 5341 5046 5354 4963 5080 5068 4907 5079 5086 4865 5570 5113 4865 5008 5190 5051 4777 4833 4891 4874 5106 4753 5182 5129 5010 5207 5134 5212 5182 5039 5103 4611 4935 4673 4825 5234 4806 4577 4848 5082 5252 4605 5018 5183 4962 5005 4847 5476 5256 4992 5140 4581 5089 4608 4832 5245 5483 4888 5319 5119 4949 4730 5199 5057 5094 4732 5330 5550 5397 5269 4991 4736 4925 4952 5218 5093 4655 5103 5073 5284 5488 4831 5468 4955 5436 4832 5004 4581 5158 4925 5402 4726 5225 5187 4638 5344 5137 5428 4647 5038 5098 5054 4971 4850 5146 5371 5309 5168 4816 5381 5003 4793 4956 5038 4553 4875 5228 5157 5015 5183 4778 5222 5097 4768 5437 5271 4971 5052 4878 5021 5289 5092 5256 5117 4807 4760 4652 5545 4932 4742 5156 4891 5141 4704 5071 5381 5493 5060 5171 4916 5014 5055 5145 4955 5041 4864 5302 4444 4761 4992 4859 4719 5106 5133 4775 5230 4992 5045 4874 5081 5000 4791 5100 4794 5045 4887 4633 5386 5254 4996 4703 5319 4855 5044 4645 4647 4864 5183 5083 4712 4914 4974 5191 4925 4931 4988 4877 4680 4996 5226 5038 5069 5030 5507 5226 4958 4897 5189 5276 4676 4841 5066 5059 4890 4875 5200 5293 5470 4355 5141 4903 5229 5006 5037 4865 4999 4647 4781 5228 4952 4602 4905 5153 4914 5172 
5101 5268 4808 5204 5125 4704 5341 5173 5022 5170 5419 5137 5022 5136 4905 5153 5945 5291 5101 5441 5050 5547 5068 5430 5114 4971 5195 5220 5273 5042 5013 5495 5067 5001 5306 5122 5408 5036 4925 5089 5160 5313 5291 5308 5310 5104 5318 5449 5062 5415 5367 5418 4922 5490 4941 5098 5205 5060 5004 5039 5216 5481 4902 5236 5372 5265 5467 5097 5949 5423 5357 5137 4906 5466 5165 5030 5280 5795 5108 5452 4783 5366 5086 5010 5270 5148 5089 5272 5353 5504 5421 4849 5069 5296 5129 5428 5301 5101 5217 5471 5643 5290 5296 5485 5200 5415 5007 5191 4867 5028 5166 5364 4956 5458 5660 4969 5551 5478 5468 5131 4860 5255 4955 5046 5027 5553 5570 5707 5331 4871 5339 5043 5127 5316 5230 4603 4903 5282 5271 5132 5487 4730 5345 5086 4967 5326 5445 5224 5521 5232 5259 5537 5314 5393 5200 4956 4755 4984 5787 5290 5112 5388 5045 5107 4933 5001 5254 5632 5241 5301 5233 5108 5322 5181 5515 5102 4811 5213 4759 5095 5268 5183 5090 5105 5409 4868 5405 5194 4766 5107 5432 5263 4949 5251 5275 5358 5143 4924 5436 5327 5123 5188 5104 5116 5421 4677 5364 5005 5778 5155 5095 5249 5011 5466 5105 5502 5107 5174 5075 4941 4926 5353 5387 5466 5552 5440 4676 5163 5176 5671 4906 5253 5338 5279 5267 5155 5053 5371 5687 4443 5386 5014 5426 5419 5132 5064 5120 4782 5233 5602 5037 4732 4812 5033 5136 5502 
4694 5047 4598 4719 4675 4353 4889 4811 4810 4529 5023 4497 4728 4487 4603 4453 5050 4908 4563 5034 4459 4899 4721 4918 4731 4456 4664 4679 4576 4515 4270 4939 4574 4779 4728 4501 4967 4429 4488 4757 4739 4995 4670 4708 4762 4890 4921 4866 4765 4752 5007 5106 4145 4863 4522 4424 5030 4547 4373 4674 4960 5058 4509 4838 4877 4712 5006 4403 5057 5027 4838 4685 4396 4991 4399 4452 4663 4834 4551 4943 4689 4820 4603 4616 4849 5016 4587 4610 5114 4840 5210 4559 4477 5046 4431 5061 4550 4326 4619 4777 4959 4836 4644 4609 4811 4798 4599 4406 4260 4624 4792 4881 4410 5007 4693 4341 5348 4871 4949 4708 4647 4890 4793 4455 4696 4853 4885 5030 4889 4434 4953 4536 4340 4623 4706 4266 4401 4893 4824 4690 5141 4407 4944 4897 4738 4878 5068 4596 4646 4454 4660 4822 4565 4763 4729 4542 4531 4625 5146 4707 4792 4736 4620 4745 4209 4499 4797 4885 4811 4816 4842 4683 4627 4798 4825 4831 4599 4817 4101 4504 4675 4486 4491 4722 4974 4249 4945 4782 4452 4743 4881 4619 4828 4555 4466 4490 4539 4500 4703 4725 4734 4620 4755 4844 4895 4423 4707 4611 5064 4533 4709 4667 4600 4977 4661 4660 4569 4459 4564 4650 4592 5086 4716 4951 4729 4856 4256 4558 4848 5078 4584 4679 4975 4700 4800 4858 4836 4773 5032 4431 4428 4537 5066 4893 4884 4623 4560 4660 4827 4720 4420 4564 4688 4678 4567 4859 
5354 5342 5072 5201 5214 4988 5493 5291 5259 5010 5260 5120 5321 4932 5220 5011 5652 5442 5034 5450 4752 5445 5103 5561 5230 5191 5220 5565 5466 5309 5060 5799 5298 5095 5166 4957 5252 5071 5230 5008 4964 5441 5276 5390 5297 5371 5399 5536 5305 5386 5378 5503 4989 5445 5189 5192 5363 4988 5023 5441 5178 5453 5070 5292 5168 5349 5233 5041 5899 5172 5188 5212 4860 5488 4829 5070 5343 5463 4953 5583 5182 5365 5125 5258 5254 5161 4955 5515 5517 5550 5940 5095 5130 5307 5256 5582 5262 4991 5157 5360 5340 5398 5145 5355 5200 5566 4852 5360 4826 5384 5151 5490 4852 5359 5149 4930 5725 5337 5644 5255 5302 5509 5308 5120 5035 5327 5405 5532 5456 4999 5537 4874 5277 5205 5183 4717 5214 5273 5471 5481 5466 4901 5490 5633 5232 5531 5421 5040 5343 5105 5176 5706 5494 5121 5446 4835 4784 4806 5429 5233 5340 5454 5260 5296 4526 5169 5311 5488 5198 5541 5150 5354 5280 5311 5551 5279 5024 5342 4843 4950 5333 4841 4934 5007 5285 4744 5516 5524 4975 4996 5331 5392 5110 5605 5064 5278 5059 4860 5279 5577 5329 5172 5344 5081 5374 4739 5124 5395 5604 5264 5160 5205 5055 5414 5174 5432 5086 5102 5150 5341 5269 5565 5416 5516 5443 5565 4740 4980 5360 5380 5045 4832 5527 5197 5191 5150 5227 5400 5472 4580 5343 5231 5752 5384 5207 5312 5155 5129 5387 5435 4901 4807 4952 5232 5152 5295 
5409 5708 5173 5448 5545 5022 5759 5707 5343 5603 6030 5150 5406 5244 5643 5184 5808 5795 5321 5669 5295 5921 5254 5857 5400 5194 5439 5466 5514 5402 5110 6157 5541 5571 5508 5485 5525 5032 5286 5487 5473 5793 5505 5812 5486 5557 5412 5758 5412 5667 5463 5783 4885 5843 5565 5606 5777 5208 5358 5635 5558 5865 5173 5627 5798 5370 5700 5200 5903 5755 5377 5528 5075 5493 5074 5331 5749 5818 5326 5976 5253 5746 5189 5810 5378 5390 5482 5737 5603 5823 5949 5472 5232 5754 5404 6055 5556 5460 5579 5761 5817 6051 5511 5493 5655 5764 5348 5360 5272 5604 5505 5882 5353 5679 5648 5274 5863 5977 5934 5633 5574 5569 5582 5549 5283 5747 5881 6209 5831 5023 5855 5439 5511 5623 5544 5127 5354 5606 5811 5725 5897 5234 5501 5460 5377 5770 5868 5256 5583 5550 5614 5915 5274 5507 5495 5382 5043 5213 6201 5413 5613 5796 5442 5594 5506 5616 5545 5915 5523 5882 5784 5539 5641 5474 5653 5594 5199 5804 5098 5359 5745 5245 5280 5664 5606 5188 5918 5806 5563 5583 5495 5475 5368 5743 5316 5493 5608 5298 5696 5616 5574 5577 5551 5513 5767 5202 5478 5551 5823 5407 5557 5468 5366 5824 5538 5401 5496 5238 5160 5477 5546 5527 5771 5876 5852 5587 5027 5348 5788 5668 5300 5334 5669 5459 5971 5475 5844 5494 5834 4963 5652 5578 5875 5309 5551 5363 5409 5403 5715 5866 5339 5215 5508 5625 5315 5661 
5327 5251 5074 5360 5431 4924 5481 5242 5320 5235 5797 5338 5302 5239 5464 5358 5788 5544 5256 5523 4883 5700 5601 5606 5326 5065 5411 5522 5347 5227 5202 5954 5403 5233 5447 5260 5613 5121 5049 5250 5159 5522 5175 5397 5250 5373 5626 5623 5092 5466 5320 5684 5022 5703 5140 5320 5268 5143 4950 5477 5527 5571 5101 5504 5412 5285 5488 5148 5631 5718 5537 5626 5050 5459 4810 5209 5479 5742 5121 5607 5275 5625 5346 5435 5522 5376 5307 5520 5487 5655 5962 5181 5152 5640 5306 5690 5631 5169 5356 5580 5752 5486 5252 5346 5163 5641 5255 5386 5101 5391 5439 5447 4902 5548 5547 5193 5918 5774 5633 5195 5229 5606 5631 5301 5298 5594 5542 5767 5585 5173 5579 5100 5226 5471 5538 4958 5295 5605 5447 5374 5691 5006 5475 5540 5192 5283 5780 5142 5341 5300 5452 5533 5182 5513 5414 5110 4837 5069 5703 5269 5366 5549 5302 5395 5094 5392 5656 5762 5483 5381 5380 5341 5333 5258 5697 5530 5087 5442 4879 5059 5473 5210 5290 5287 5464 4980 5643 5466 5066 5362 5211 5416 5157 5474 5049 5404 5514 5108 5444 5551 5238 5197 5553 5465 5067 5066 5632 5428 5651 5095 5114 5537 5110 5577 5408 5472 5262 5163 5200 5432 5361 5604 5473 5649 5577 5549 5197 5177 5439 5411 5088 5225 5789 5467 5380 5428 5375 5498 5492 4915 5608 5433 5730 5522 5306 5192 5501 5056 5528 5711 5062 5268 5270 5312 5274 5128 
5406 5282 4936 5313 5439 4662 5385 5224 5318 5306 5695 5123 5322 5071 5399 4996 5796 5544 5410 5549 4992 5595 5310 5708 5221 4915 5095 5425 5366 5231 5014 5671 5229 5569 5446 5237 5367 4781 5116 5246 5445 5558 5009 5605 5479 5367 5588 5669 5111 5664 5530 5449 5054 5596 5179 5173 5388 5030 5069 5572 5485 5634 4903 5511 5403 5415 5681 5269 5801 5511 5456 5440 5286 5522 5161 5306 5639 5719 5416 5610 5351 5547 4999 5487 5510 5266 5055 5413 5778 5491 5836 5323 5142 5267 5143 5486 5623 5130 5509 5476 5801 5630 5205 5371 5221 5540 5218 5248 5120 5359 5512 5746 5164 5716 5626 5484 5852 5437 5821 5275 5483 5687 5321 5248 5572 5530 5659 5778 5593 5031 5628 5175 5256 5407 5390 4914 5298 5579 5521 5330 5580 5178 5706 5758 5175 5473 5723 5229 5472 5417 5400 5580 5548 5656 5367 5200 4800 5171 5841 5006 5473 5556 5123 5547 5152 5165 5661 5781 5424 5545 5304 5104 5119 5239 5404 5438 5103 5544 4586 5138 5296 5228 5089 5494 5727 5140 5587 5401 5206 5271 5225 5495 5346 5476 5110 5577 5276 5009 5769 5538 5169 4920 5495 5386 5681 4909 5288 5303 5569 5417 5294 5272 5325 5424 5405 5298 5423 5385 5161 5269 5566 5696 5540 5584 5802 5728 4924 5177 5672 5611 5170 5233 5643 5463 5261 5102 5462 5535 5761 4887 5283 5422 5673 5324 5931 5214 5456 4988 5271 5501 5225 4845 5066 5466 5053 5474 
4996 5205 4633 5192 5034 4469 5177 5112 5046 5034 5326 4899 5014 4936 4993 4798 5338 4964 4952 5202 4619 5512 5011 5206 5147 4775 5007 5076 4932 5089 4744 5364 5252 4931 5265 5038 5179 4959 4919 4897 4962 5349 4991 5229 4960 5148 5246 5105 5103 5346 5225 5027 4686 5363 4976 4875 5212 4654 4922 4737 5046 5075 4657 5202 5140 4991 5315 4835 5669 5168 5082 4980 4621 5300 4611 4919 4986 5447 4953 5371 4779 5356 4804 5223 4995 5147 4796 5213 5318 5559 5556 4932 4819 5123 4770 5276 4890 4774 5166 5127 5304 5372 4955 4979 5001 5228 4877 5089 4711 5182 5213 5278 4782 5167 5285 5068 5337 4954 5774 5201 5072 5160 4862 4974 4982 5414 5349 5441 5063 5012 5303 4993 4949 4961 4989 4506 4807 5115 5232 5157 5207 4983 5342 5240 4812 5250 5408 4865 5129 4882 5075 5252 5022 4916 4975 4823 4784 4396 5267 4939 5108 5409 4923 5324 4713 4951 5052 5145 4893 5205 4991 4673 5258 5167 5425 5065 4612 5452 4389 5031 5238 5033 4845 5098 5198 4949 5263 5228 4704 4881 5008 5036 4930 4918 4846 5197 4981 4555 5210 5578 5142 4845 5015 4856 5171 4713 5072 5256 5408 5142 4936 4972 4685 5430 4978 5167 4995 4572 4954 4950 5103 5222 5331 5222 5185 5217 4771 5022 5077 5213 4940 4764 5084 5175 5059 4975 4847 5429 5457 4714 5161 5142 5428 5101 5102 4962 5088 4665 4920 5263 4974 4784 4900 4881 5140 5160 
5304 5214 4957 5075 5197 4855 5335 5129 5302 5196 5522 4863 5197 4848 5291 5253 5815 5576 5130 5219 5181 5573 5453 5648 5147 5231 4999 5255 5062 5236 5018 5612 5077 5468 5016 5370 5363 4835 4909 5297 5263 5445 5133 5250 5214 5023 5191 5486 5026 5398 5492 5507 4834 5311 5213 5261 5243 4939 4985 4969 5265 5452 5155 5277 5602 5061 5679 5061 5578 5326 5442 5114 5029 5715 4982 4834 5691 5444 5126 5743 5066 5155 5081 5384 5362 5219 4972 5502 5644 5516 5830 5096 5033 5441 5004 5422 5465 5011 5298 5499 5645 5305 5120 5281 5184 5494 4943 5373 5015 5211 5476 5460 5187 5677 5624 5000 5611 5624 5508 5218 5083 5328 5292 5085 5010 5596 5382 5963 5402 5104 5669 5139 5280 5400 5129 4745 4941 5297 5377 5308 5416 5111 5271 5401 5112 5443 5369 5123 5211 5348 5298 5686 5194 5384 5318 4814 4937 5249 5430 5168 5304 5390 4922 5350 5154 5075 5753 5532 5360 5433 5434 5205 5063 5103 5582 5318 5104 5576 4665 5030 5579 5144 5233 5022 5369 5048 5638 5656 5121 5083 5399 5025 5162 5257 4937 5347 5192 4899 5296 5401 4973 5232 5436 5382 5508 5200 5200 5273 5673 5209 5194 5209 5107 5369 5111 5393 5235 4979 4952 5320 5094 5250 5639 5456 5497 5451 4736 5159 5585 5713 5013 4792 5214 5345 5291 5200 5318 5449 5420 4896 5079 5274 5513 4971 5460 5044 5159 4956 5176 5373 5081 4808 5098 5181 5230 5723 
4993 4973 4565 4619 5027 4890 5139 5214 5080 4918 5349 4733 5047 4736 5026 4685 5548 5229 5037 5224 4643 5413 4988 5180 4960 4867 4947 5192 4819 4908 4709 5567 5062 5045 5146 5238 5358 4917 4699 4894 5136 5202 4829 5382 5259 4989 5063 5184 4910 5273 5202 5035 4735 5300 4994 4836 5037 4638 4824 4910 5163 5062 4523 5124 5276 5007 5463 5191 5375 5336 5300 5048 4536 5044 4764 4669 5390 5386 4740 5370 4989 5181 4805 5018 5082 5256 5027 4898 5280 5247 5421 5090 4896 5129 4730 5218 4953 4621 5325 5414 5188 5261 4830 5058 5092 5390 4888 4717 5078 4902 5291 5272 4682 5483 5229 4970 5520 5407 5394 4924 4908 5256 5315 5070 5016 5281 5359 5481 5138 4655 5146 4894 4936 5034 4773 4321 4884 5106 5312 5087 5173 4850 5228 5180 4848 5061 5281 4715 4958 5097 4991 5620 4782 5068 4871 4798 4682 4745 5491 4933 5284 5136 5032 4971 4792 5193 5037 5261 5311 5257 5180 5071 4740 4962 5451 5026 4788 5204 4645 4558 5365 5054 4690 5062 5376 4760 5234 5308 4713 5310 5133 5050 5094 5147 4717 5537 5117 4765 5055 5383 4836 5059 4920 4980 5043 4955 5080 4997 5217 4956 5087 4893 5007 5232 4992 5055 5081 4670 5089 4779 5127 5074 5025 5286 5058 5284 4797 4867 5414 5210 4754 4965 5100 5415 5358 5055 5297 5420 5629 4822 5134 5113 5166 5007 5233 5041 4982 4320 5039 5435 4779 4764 5005 5051 4779 4952 
4989 4919 4987 4709 4761 4518 5129 4917 4902 4671 5455 4820 4716 4516 4909 4823 5285 5059 4768 5179 4794 4853 4736 5333 4842 4759 4776 4975 4981 4851 4701 5676 5201 4978 5005 4784 4986 4534 4676 4805 5019 4891 4635 4969 4885 5002 5059 5157 4889 4914 5082 5187 4496 4924 4907 4828 5421 4951 4788 5092 5071 5238 4806 5043 5183 4764 4942 4948 5318 5318 5159 4814 4582 5039 4696 4823 5226 5035 4961 5136 4837 4930 4870 5134 5036 5217 4970 5111 5252 5313 5665 5068 4505 4976 4693 5300 4997 4714 5303 4949 5373 5163 4689 4689 5021 5133 4837 4942 4638 4672 5301 5041 4659 5328 5152 4802 5387 5240 5168 4695 4884 5205 5130 4767 4928 4974 5235 5075 5044 4626 5451 4850 4817 4931 5077 4624 4796 5019 5160 4838 5482 4839 5231 5001 4978 5028 5098 4955 4829 4830 4987 5229 5026 5118 4804 4907 4497 4599 5333 4884 5010 5232 4825 5293 4795 4849 5242 5451 5080 5168 4996 4990 5164 5019 5117 4681 4587 5117 4450 4734 4857 4971 4686 5152 5196 4509 5415 5025 4883 5084 4831 5190 4989 5037 4704 5142 5116 4693 5133 5182 4916 4870 4959 4727 5107 4491 4801 4894 5126 4768 4832 5069 4974 5154 4655 4982 5012 4973 5070 5160 4916 5145 4858 5137 5251 5049 4457 4982 5009 5361 4558 4699 4929 5047 5002 4834 4997 5126 5212 4538 4748 4857 5315 5089 5196 4712 5013 4660 5284 5292 4751 4584 4664 4897 4788 4905 
5156 5364 5007 5019 5191 4693 5413 5264 5275 5381 5599 4910 5289 4692 5161 4930 5633 5229 4972 5305 4649 5393 4983 5351 4868 4940 5188 5234 5210 4940 4716 5760 5192 5145 5164 5248 5278 4823 5010 4999 5087 5236 4881 5412 5259 5141 5393 5324 5003 5410 5109 5295 4741 5289 5084 5227 5755 5050 4994 5092 5180 5435 5000 5636 5451 5035 5532 4972 5789 5476 5214 5212 4578 5347 4970 4898 5463 5413 4906 5257 4970 5432 5030 5433 5516 5173 5282 5368 5446 5477 5609 5202 5092 5479 5082 5469 5177 5056 5394 5407 5413 5267 5133 5226 5299 5341 5008 5264 5093 5263 5371 5400 4913 5443 5381 5077 5940 5473 5664 4969 5077 5372 5250 5043 5156 5554 5480 5365 5147 4831 5489 4935 4939 5157 5323 4717 5219 5123 5440 5485 5458 4978 5406 5193 5159 5239 5245 5439 5175 5297 5061 5472 5379 5170 5209 4958 5039 4536 5671 5206 5236 5298 5035 5393 5011 5173 5337 5439 5335 5015 5322 5114 5119 5302 5561 5207 4949 5373 4500 4966 5338 5092 4986 5126 5175 4824 5526 5305 4878 5105 5347 5218 4979 4980 5123 5042 5185 4763 5395 5349 5147 5113 5323 5233 5337 4746 5356 5252 5396 5135 4994 5040 4982 5459 5136 5272 5135 5156 4980 5217 5200 5267 5332 5505 5203 5222 4888 5227 5342 5473 4830 4903 5059 5014 5197 5140 5155 5132 5477 4871 5174 5030 5739 5327 5484 4905 4895 4941 5270 5466 4922 5038 5085 5275 5149 5236 
5067 5165 4645 4779 4955 4623 5247 5279 4891 4951 5330 4906 4869 4781 5039 4883 5381 5187 4777 5135 4931 5212 5086 5277 5117 4975 4866 5289 5100 4784 4915 5263 5248 4975 5177 4821 5060 4722 4684 4976 4916 5173 4898 5019 5158 4969 5152 5277 4991 5227 5087 5277 4713 5110 4967 4855 5403 4779 4966 4837 5089 5387 4822 5053 5181 4898 5237 4739 5428 5234 4884 4850 4661 5242 4839 4760 5190 5281 4945 5176 4834 5112 4892 5107 5066 5299 4828 5129 5464 5450 5354 5141 5027 5134 4910 5390 5339 4800 5138 5056 5296 5280 4845 4915 5027 5359 4856 5142 4784 5163 5272 5183 4816 5234 5314 4927 5554 5146 5573 5241 5009 5242 4917 4870 4987 5116 5246 5207 5046 4819 5374 4850 5121 5204 4869 4934 4953 5257 5490 5110 5313 4790 5398 5179 5187 5268 5271 4893 5109 5043 5002 5334 5090 5321 4909 4993 4562 4621 5421 5003 5131 5247 4902 5172 5083 5092 5156 5260 5235 5500 5061 5068 5045 4928 5305 5192 4694 5254 4430 4833 5375 4803 4775 5111 5164 4723 5267 5114 4735 4902 5112 5213 5031 5257 4825 5247 5197 4981 5296 5358 4790 5103 4921 4658 5271 4364 4937 5182 5204 4883 4784 5030 4994 5094 4962 5269 4974 4785 5005 4956 5260 5352 5066 5176 5546 5238 4681 4900 5249 5280 4780 4891 5077 5135 5219 4777 5096 5141 5388 4366 5106 5137 5406 5057 5250 4932 5017 4696 5089 5382 4901 4387 4764 5106 5265 5133 
4601 4816 4587 4423 4666 4487 5043 4666 4769 4794 5272 4590 4765 4618 4450 4422 5265 5042 4634 4914 4478 5013 4786 4824 4733 4584 4787 4926 4622 4711 4686 5126 4950 4908 4786 4752 4837 4598 4725 4573 4553 4944 4698 4986 4998 5004 4876 4835 4492 5027 4822 4882 4338 5002 4793 4560 4761 4308 4425 4604 4905 5007 4842 4738 4908 4699 5065 4411 5152 5125 4688 4907 4406 5206 4372 4292 4898 4920 4628 5071 4879 4955 4719 4973 4596 4629 4679 4954 5011 5246 5255 4549 4617 4950 4782 5061 4861 4402 4707 5213 4956 4932 4718 4892 4777 4894 4684 4658 4560 4910 4782 4818 4601 4720 5047 4399 5141 4818 5123 4791 4757 4882 4984 4571 4565 4866 5065 5072 4882 4422 5063 4485 4705 4960 4837 4450 4576 4941 4826 4732 5002 4475 4840 4763 4613 5129 4959 4676 4942 4675 4832 4969 4653 4761 4802 4702 4535 4379 5126 4783 4742 4887 4856 4770 4591 4783 4918 4911 4870 4937 4702 4784 4714 4604 5075 4783 4559 4885 4425 4449 4748 4514 4890 4846 4985 4237 4970 4962 4524 4778 4776 4694 4465 4684 4500 4934 4595 4576 4761 4860 4733 4871 4954 4696 4674 4409 4879 4779 5224 4770 4581 4623 4713 4877 4789 5074 4870 4559 4567 4641 4681 4792 5059 4887 5046 4979 4407 4699 4885 5166 4332 4603 4788 4807 4770 4635 4817 5007 5419 4420 4585 4620 5062 5008 4701 4678 4599 4432 4708 5125 4668 4425 4603 4592 4621 4876 
4866 5080 4830 4772 5139 4609 5174 5089 4943 4800 5280 4652 4922 4768 4951 4909 5417 5258 4667 5286 4661 5211 4703 5167 4766 4589 4876 4946 5171 5267 4810 5054 5148 5002 5102 4955 5022 4752 4851 5003 5106 5165 5089 5235 5102 5033 5071 5111 4718 5180 5211 5058 4569 5302 5008 4993 5164 4712 4856 5025 5179 5208 4763 5211 5004 5092 5202 4589 5509 5277 5108 5075 4597 4898 4515 4612 5168 5362 4650 5067 4707 4965 4885 5294 5123 4900 4887 5251 5312 5445 5633 4843 4744 5286 4976 5363 4870 5163 5103 5124 5253 5037 4853 4886 5001 4971 4623 4836 4710 5084 5017 5234 4678 5254 5065 4714 5230 5279 5367 4729 4833 5344 4909 4920 5011 4921 5395 5156 5288 4660 5416 4716 5023 5117 4924 4550 4689 5122 5114 5333 5184 5009 5311 5245 4901 5191 5274 4714 5104 4930 4920 5143 4709 5168 5295 4963 4572 4680 5329 5007 5061 5307 4884 4995 4679 4847 4933 5243 5197 5125 5023 5042 5117 4710 5339 5261 4982 5073 4352 4792 4964 4747 4716 5152 5302 4701 5287 5094 4782 5051 4885 4986 4779 5253 4835 4778 5217 4489 5096 5238 4734 4933 5315 4814 5179 4578 5110 4894 5424 4974 5020 4893 4969 5177 4653 4954 4941 4698 4909 4880 4872 5076 5255 5376 4980 4952 4680 4891 4908 5315 4814 4651 5221 5051 5060 5002 5013 4960 5379 4574 4983 4830 5356 4835 5054 4817 4999 4781 5187 5278 4749 4746 4812 4988 4853 4939 
4822 4859 4714 4500 5205 4749 5056 5064 4939 4916 5443 4847 5159 4860 4988 4676 5539 5396 4813 5051 4947 5442 4932 5452 5210 4904 4760 5279 5087 4854 4661 5411 5084 5049 5271 4949 5191 5099 4907 4836 4884 5075 5225 5251 5216 4786 5108 5233 5134 5188 5213 5063 4719 5406 5203 4963 5176 4909 4812 5194 5308 5117 4607 5282 5215 5334 5288 5091 5356 5303 4942 5064 4627 5287 4689 4816 5243 5148 5128 5124 4834 5239 4765 5252 5066 5081 5117 5134 5248 5469 5530 5024 4883 4880 4706 5322 5200 4943 5078 5319 5428 5041 5130 5224 5119 5336 4739 4974 4774 5101 4917 5332 4717 5148 5226 5218 5683 5413 5306 5081 4885 5270 5182 5016 5025 5196 5373 5257 4993 4807 5325 4844 4813 5349 5183 4394 4769 5135 5177 5218 5267 4874 5096 4853 4732 5273 5218 4803 5011 5001 4690 5624 5294 5024 4856 4946 4758 4747 5500 4907 5267 5306 4873 5104 5017 5216 5167 5348 5097 5055 4926 5199 5052 4739 5556 5033 4797 5080 4650 4791 5248 4975 4676 5108 5149 4788 5196 5416 4771 4913 4948 5034 5083 5150 4814 5354 5229 4971 5130 5245 4769 4906 4919 4831 5177 4720 4874 5216 5234 5050 5194 5169 5061 5144 4889 4979 5168 4815 4647 4734 5151 5392 5269 5392 5205 5458 4649 4988 5295 5445 4856 5050 5296 4992 5255 5165 4858 5274 5256 4802 5092 4994 5358 5146 5176 5026 4812 4572 5042 5455 4787 4493 4860 4805 4849 5074 
5178 5324 5037 5000 5425 4734 5135 5294 5159 4848 5446 4985 5238 4928 5105 4940 5516 5173 4947 5257 4553 5429 5161 5359 5017 5072 5209 5386 5307 5017 5021 5682 5327 5117 5185 5142 5022 4851 4977 5043 5385 5557 4956 5622 5134 5038 5567 5345 5495 5721 5325 5538 4973 5566 5309 5122 5418 4908 4946 5223 5403 5293 4861 5304 5520 4875 5267 5117 5489 5504 5503 5320 4789 5432 4920 4944 5445 5394 5312 5611 4852 5395 4991 5295 5005 5329 5109 5123 5315 5429 5531 4996 4778 5262 4979 5716 5077 4807 5297 5404 5582 5620 5107 5294 5210 5479 5027 5328 4848 5171 5443 5678 5234 5503 5228 5112 5709 5622 5807 5059 5014 5401 5310 5115 5123 5410 5517 5486 5275 4950 5489 5098 5156 5140 5317 4744 5121 5321 5363 5328 5261 4972 5394 5334 5078 5511 5412 5221 5406 5039 5268 5781 5420 5042 5230 5119 4834 4679 5653 5046 5337 5561 5134 5198 5079 5193 5430 5526 5167 5368 5247 5218 5288 5075 5515 5074 5095 5445 4532 4876 5403 5476 4994 5218 5509 4946 5367 5303 5232 5123 5200 5297 5333 5241 4926 5209 5481 5091 5531 5322 4995 5052 5192 5077 5459 4831 5401 5102 5600 5050 4931 5108 4892 5247 5179 5153 5106 5029 4957 5132 5276 5136 5320 5342 5328 5375 4680 4795 5562 5461 5131 4984 5468 5168 5470 5274 5445 5458 5589 4892 5280 5054 5503 5300 5241 5255 5323 5046 5241 5274 5250 5158 4969 5133 5238 5400 
5429 5315 4842 5336 5625 4734 5473 5304 5215 5178 5710 5020 5245 5177 5275 5154 5541 5358 5315 5572 4580 5625 5030 5519 5025 4896 5123 5314 5305 5018 5000 5926 5348 5207 5187 5240 5394 5170 5004 5010 5062 5082 5183 5557 5543 5079 5503 5548 4966 5511 5231 5575 5040 5378 5269 5070 5387 5092 5157 5149 5340 5478 4894 5227 5395 5044 5218 5366 5738 5587 5301 5176 4816 5360 5066 5032 5423 5407 5279 5466 5183 5326 5128 5467 5300 5080 5198 5254 5355 5536 5527 5170 5087 5303 5316 5590 5502 5043 5258 5532 5485 5696 5229 5250 5003 5448 5050 5301 5063 5108 5577 5701 4916 5495 5259 5104 5984 5641 5754 5132 5198 5487 5314 5245 5149 5214 5955 5454 5356 4900 5457 5051 5257 5107 5075 4639 5131 5347 5377 5245 5494 4892 5601 5547 5253 5426 5615 5253 5601 4987 5438 5569 5138 5289 5183 4876 4908 5014 5792 4958 5118 5313 5119 5355 4980 5386 5518 5620 5303 5292 5318 5177 5169 5346 5473 5144 4859 5412 4497 5043 5201 5429 4749 5117 5574 5075 5511 5325 5170 4927 5330 5092 5234 5491 5298 5276 5198 4691 5734 5235 5146 5118 5228 5405 5367 4804 5424 5128 5373 5517 5095 5127 4938 5521 5222 5212 5259 5159 5040 4923 5241 5434 5454 5533 5334 5537 4910 5226 5343 5692 4775 5359 5537 5350 5240 5190 5315 5395 5473 4640 5353 4973 5776 5464 5429 5287 5453 4758 5018 5492 5021 4805 4985 5113 5183 5225 
5143 5392 5058 5212 5318 4923 5318 5431 5190 5134 5411 5037 5279 4968 5156 5043 5532 5462 5126 5450 4683 5591 5381 5626 5197 5152 5083 5268 5318 5451 5074 5534 5402 5557 5065 5014 5346 5127 5189 5159 5154 5715 5110 5420 5373 5275 5467 5437 5134 5412 5664 5395 4839 5446 5082 5101 5244 5076 4773 5006 5312 5411 5049 5280 5171 5324 5196 5086 5725 5387 5450 5455 4840 5457 4999 5024 5464 5646 5137 5455 5011 5511 5285 5477 5565 5257 5096 5303 5763 5407 5845 4715 5311 5410 5163 5539 5317 5174 5059 5294 5744 5305 5279 5392 5228 5479 4817 4972 4937 5316 5251 5777 5026 5441 5492 4910 5865 5558 5538 5148 5361 5667 5340 5169 4988 5417 5738 5677 5449 4976 5796 4782 5034 5410 5065 4725 5035 5431 5496 5474 5682 5360 5484 5385 5044 5656 5588 5281 5150 5366 5286 5574 5337 5493 5314 4809 4784 4965 5705 5130 5513 5612 5297 5384 4781 5128 5512 5746 5329 5522 5209 5465 5504 5326 5401 5248 5058 5463 4877 4991 5210 5285 5138 5529 5450 5005 5237 5171 5104 5091 5281 5444 5083 5173 5087 5238 5089 4976 5329 5578 5440 5297 5310 5200 5381 5176 5223 5209 5771 5314 5371 5091 5251 5355 5221 5351 5173 4899 5004 5493 5188 5590 5290 5784 5658 5589 5112 5131 5390 5268 5170 5108 5481 5306 5478 5299 5374 5502 5793 4714 5299 5286 5478 5471 5235 5246 4944 5077 5473 5714 5280 4925 5176 5160 4980 5423 
5097 5260 4849 4955 5057 4732 5099 5122 5032 5142 5490 4498 5266 4926 4968 4768 5483 5289 4818 5237 4947 5539 5264 5468 4952 4993 4839 5027 4966 5040 4972 5730 5011 5218 5079 4891 5233 4934 4723 4762 4880 5205 5051 5203 5190 5040 5180 5163 4852 4982 5172 5328 4818 5007 5044 5004 5298 4397 4850 4960 5303 5151 4768 5048 5354 4952 5261 4953 5417 5404 5001 5086 4606 5074 4764 4649 5184 5122 4857 5713 4845 5118 4960 5091 5124 4971 4766 5256 5168 5148 5582 4870 5010 5234 5083 5385 5234 4703 5340 5427 5596 5022 5112 4927 5141 5603 4765 4799 4838 4721 5181 5239 4855 5346 5297 4794 5607 5367 5307 5180 5076 5215 5208 5048 5046 5383 5202 5456 5122 4748 5307 4906 5021 5154 5020 4511 4966 5065 5186 5108 5511 4714 5120 4898 5089 5513 5207 5049 5154 4836 4769 5403 5109 5159 4847 4922 4757 4747 5446 4965 4865 5282 5201 5310 5036 5235 5260 5171 5167 4940 4905 5243 4946 4976 5427 4987 4705 5133 4584 4691 5309 4801 4972 5311 5220 4682 5351 5164 4681 4909 5348 4920 5103 5331 4754 4999 5033 4785 5312 5436 5036 5114 5060 5029 5114 4816 4997 5015 5451 5063 5044 5098 4882 5276 5182 5090 4815 4909 4779 5091 4917 5363 5223 5328 5260 5426 4806 5005 5369 5409 4732 4941 5081 5040 5253 4986 5157 4896 5481 4763 5232 5081 5490 5048 4884 5282 5018 4686 4921 5211 4939 4530 4960 5195 4844 5342 
5064 5399 4882 5150 5339 4975 5244 5465 5506 5257 5811 5250 5307 5148 5146 5260 5747 5671 5338 5547 4998 5549 5424 5625 5237 5196 5103 5680 5461 5672 4856 5863 5512 5457 5489 5224 5556 5352 5175 5295 5439 5380 5154 5462 5557 5212 5691 5633 5247 5536 5486 5771 4967 5657 5497 5570 5377 5511 5308 5582 5275 5555 5041 5812 5282 5238 5580 5278 6020 5505 5260 5505 4976 5710 4905 5319 5451 5773 5309 5613 5278 5539 5225 5372 5274 5304 5276 5713 5666 5934 5918 5077 5090 5355 5467 5624 5348 5283 5437 5306 5720 5723 5180 5386 5409 5568 5109 5365 5090 5417 5390 5306 5095 5873 5601 5068 5923 5542 5550 5253 5151 5764 5639 5461 5512 5383 5792 5723 5789 5134 5883 5197 5282 5362 5607 4926 5228 5641 5661 5248 5887 5166 5590 5598 5154 5276 5768 5254 5252 5321 5403 5673 5241 5229 5543 5105 4864 5019 5911 5389 5368 5692 5510 5493 5079 5190 5589 5722 5310 5443 5648 5443 5431 5299 5565 5406 5160 5672 4873 5291 5382 5248 5391 5436 5619 5298 5612 5686 5327 5375 5327 5455 5392 5390 5066 5426 5470 5179 5688 5705 5324 5097 5448 5410 5553 4962 5395 5362 5680 5304 5287 5459 5306 5874 5359 5629 5383 5146 5016 5442 5322 5399 5601 5628 5589 5198 4945 5157 5690 5377 5034 5297 5750 5572 5413 5468 5488 5323 5566 5172 5378 5333 5774 5571 5517 5006 5594 5185 5688 5757 5039 5086 5323 5255 5287 5441 
5234 5382 4991 5216 5216 4873 5183 5186 5301 5175 5485 5059 5283 5215 5265 5211 5645 5580 5166 5200 5023 5400 5348 5426 5146 5163 5222 5220 5269 5242 5211 5460 5157 5327 5162 4977 5500 5038 5243 5345 5038 5193 5255 5307 5190 5251 5574 5425 5230 5522 5322 5622 4990 5368 5099 5358 5239 4839 4897 5225 5443 5720 4841 5294 5642 4939 5321 5067 5645 5597 5536 5503 4828 5430 5000 5169 5360 5764 5559 5502 5247 5450 5013 5213 5384 5291 5198 5541 5681 5573 5700 5245 4840 5412 5164 5475 5458 5205 5153 5324 5590 5504 5138 5192 5178 5445 5245 5107 5107 5541 5440 5687 5136 5446 5615 4882 5754 5591 5556 4990 5069 5499 5371 5244 5158 5369 5568 5952 5096 5071 5698 5143 4924 5240 5163 4932 5030 5468 5498 5278 5560 5124 5418 5361 5088 5226 5412 5281 5594 4918 5148 5527 5404 5274 5418 5014 4751 4815 5607 4987 5146 5562 5135 5328 4959 5005 5567 5556 5222 5565 5250 5611 5173 5124 5405 5196 5162 5785 4708 5049 5374 5355 5061 5007 5396 5317 5260 5496 5206 4997 5247 5399 5199 5157 5004 5479 5388 5187 5383 5311 4984 5169 5732 5004 5284 4784 5390 5392 5730 5287 5045 5108 5213 5451 5250 5561 5184 5076 5014 5251 5330 5456 5542 5526 5408 5325 4744 5159 5638 5542 5171 5081 5353 5387 5158 5146 5241 5340 5578 4826 5385 5280 5378 5152 5441 5014 5279 4465 5138 5475 4980 4864 5014 5338 5376 5735 
5525 5245 5179 5234 5467 5049 5514 5646 5432 5514 5650 5229 5132 5208 5440 5235 6034 5658 5638 5696 4768 5998 5485 5878 5242 5301 5396 5627 5701 5488 5183 6083 5665 5427 5644 5740 5467 5299 5249 5382 5636 5796 5348 5629 5643 5484 5618 5871 5051 5828 5489 5475 5005 5646 5527 5529 5721 5175 5148 5467 5713 5545 5305 5559 5929 5517 5468 5134 5949 5646 5737 5516 4960 5601 5172 5332 5575 6006 5371 5623 5040 5712 5349 5580 5288 5661 5503 5472 5669 5863 6011 5535 5345 5643 5613 5909 5586 5222 5662 5731 5965 5838 5394 5529 5587 5615 5251 5300 5176 5343 5743 5725 5116 5860 5769 5008 6235 5925 6070 5636 5362 5777 5605 5373 5262 5764 5978 5872 5492 5047 5853 5138 5443 5283 5493 5037 5350 5669 5810 5681 5967 5099 5503 5491 5188 5628 5750 5554 5683 5618 5648 5824 5491 5296 5439 5261 5132 4978 6010 5593 5348 5652 5205 5470 5188 5630 5836 5708 5507 5723 5712 5093 5536 5418 5796 5513 5090 5843 5001 5081 5797 5424 5304 5691 5655 5219 5568 5642 5403 5571 5286 5326 5230 5352 5284 5519 5479 5152 5946 5777 5315 5348 5712 5283 5559 5031 5627 5769 5792 5317 5449 5370 5107 5710 5422 5611 5464 5255 5241 5520 5573 5506 5692 5555 5753 5421 5208 5421 5543 5700 5237 5407 5465 5543 5714 5303 5786 5588 5694 4990 5771 5535 5924 5291 5564 5231 5201 5109 5429 5703 5336 5213 5144 5494 5343 5803 
5026 5200 4750 4986 5265 4674 5037 5296 5013 4818 5259 4938 5181 4605 5301 4704 5407 5530 4899 5344 4854 5263 4991 5227 5065 4933 4856 4976 5397 4964 4992 5535 4977 4959 5027 4819 5132 4906 4971 4754 4945 5132 5180 5114 5301 5270 5284 5439 4958 5573 5384 5357 4844 5209 5005 5200 5153 4858 4802 5061 5449 5481 4620 5213 5152 5110 5184 5075 5559 5380 5152 5142 4664 5359 4706 5055 5369 5256 5204 5405 5043 5102 5016 5208 5077 5225 4780 5349 5393 5758 5633 4720 4968 5373 4812 5271 5228 4996 4994 5506 5325 5035 4883 5155 4891 5380 4594 4917 4815 5191 5053 5560 4787 5350 5172 5035 5406 5589 5562 4969 4961 5399 4993 5245 5109 5014 5342 5419 5500 4874 5451 4764 4814 5006 5057 4606 4925 5463 5320 5002 5447 4919 5219 5397 4940 5256 5442 4935 5099 5089 4997 5551 5126 5194 5009 4993 4644 4614 5340 5252 5114 5528 4748 5208 4873 4973 5302 5524 5069 5302 5053 5197 5197 5354 5597 4992 5141 5315 4711 4816 5233 5040 4991 5138 5300 5029 5306 5273 4809 5062 4967 4987 5052 5236 4671 5233 5278 4961 5170 5331 5044 5225 5281 5020 5342 4816 5385 5091 5391 5211 4850 4900 4833 5368 4934 5308 5096 4771 4821 5091 4987 5227 5182 5420 5194 5367 4828 5077 5164 5459 5066 4846 5293 5279 5142 4917 5213 5235 5683 4648 5121 4770 5199 5260 5395 4751 5213 4965 5376 5356 5083 4638 4805 4970 5026 5063 
5045 5145 5011 5190 4994 4547 5264 5108 5134 4782 5368 5053 5082 4843 5236 4941 5391 5281 5178 5101 4591 5340 5000 5521 4838 4992 5050 5254 5327 4967 5074 5491 5174 5090 5229 4947 5017 4915 4872 4795 4976 5160 4981 5278 5000 5101 5202 5459 4889 5335 5529 5336 5030 5251 5056 5036 5299 4911 4800 5095 5254 5469 4871 5269 5506 5136 5198 5092 5584 5448 5351 5092 4726 5212 4785 4748 5409 5156 4790 5610 4989 5532 4929 5347 5407 5166 5028 5243 5106 5347 5727 4918 4866 4902 4956 5297 5352 4807 4878 5410 5247 5462 5010 5243 5189 5256 4883 5195 4795 4966 5306 5324 4888 5403 5231 4899 5375 5542 5629 4986 4781 5148 5173 4991 5043 5237 5286 5363 5258 4732 5247 4949 5338 5097 4980 4769 5228 5521 5309 5179 5272 4705 5241 5256 5087 5362 5411 5051 5305 5062 5179 5295 5210 5322 4867 4756 4773 4523 5751 4987 4965 5212 5129 5178 4610 5324 5306 5573 5020 4981 5395 5281 5306 5119 5389 5285 4844 5195 4678 4881 5244 5294 4839 5151 5400 4853 5421 5130 5135 5079 5138 5159 5232 5248 4882 4959 5015 4663 5378 5328 4833 4978 5232 5171 5167 4861 5596 5271 5655 5089 5037 4842 4954 5329 5202 5240 5283 4868 4879 5133 4915 5225 5200 5404 5283 5301 4877 5206 5317 5214 4665 5017 5324 5229 5137 5012 5292 5403 5261 4860 5178 4931 5336 5035 5295 5124 5279 4853 5223 5207 4880 4949 4675 5252 5048 5271 
5349 5356 4763 5289 5184 4799 5364 5355 5166 5314 5546 5211 5131 4758 5185 4965 5588 5298 5256 5342 4991 5411 5187 5404 5055 5073 5027 5346 5066 5278 4812 5696 5243 5579 5349 5239 5229 5114 5190 5049 5187 5323 4863 5294 5373 5490 5789 5486 5078 5577 5622 5655 4749 5652 5275 5119 5703 5135 5105 5423 5365 5373 4963 5515 5514 5207 5386 4947 5689 5556 5058 5246 4792 5452 5212 5267 5388 5914 5284 5273 5052 5507 5196 5579 5291 5462 5456 5553 5704 5605 5863 5216 5031 5474 5104 5523 5525 5287 5402 5429 5562 5500 5160 5378 5307 5271 5216 5227 4742 5302 5357 5527 5053 5505 5754 5007 5819 5601 5596 5300 5061 5488 5194 5448 5235 5782 5529 5687 5641 5013 5451 5090 5166 5247 5083 4831 5281 5591 5369 5526 5421 4962 5464 5310 4948 5457 5620 5206 5283 5004 5484 5784 5469 5520 5327 4984 4695 4882 5468 4937 5123 5307 5371 5408 5067 5151 5528 5826 5554 5571 5398 5251 5359 5131 5444 5120 4898 5682 4918 4889 5352 5226 4886 5319 5430 5187 5324 5355 5122 5333 5292 5363 5120 5193 5023 5352 5349 5083 5677 5649 5345 5131 5362 5191 5587 4609 5213 5394 5558 5273 5269 5152 4964 5372 5165 5787 4789 4925 5009 5134 5306 5622 5488 5677 5472 5532 5059 5249 5661 5429 4966 4885 5170 5335 5447 5164 5232 5253 5861 4815 5268 5270 5786 5171 5531 5122 5199 5149 5097 5621 5114 4953 4839 5123 5096 5652 
4937 5025 4814 4881 5120 4932 5130 5077 5042 4962 5014 4658 4778 4819 5072 4643 5383 5102 5002 4987 4744 5232 5039 5257 4878 4707 4753 4852 5075 5012 4624 5242 5014 5185 4685 4927 5070 4920 5053 4823 4992 5216 4865 4983 5080 5082 5151 5453 5027 5077 5068 5084 4642 4999 5005 5049 5278 4817 4759 4884 5113 5129 5015 5249 5216 5179 4970 4925 5508 5357 5225 5023 4556 5197 4834 4931 5241 5115 4775 5567 4948 5195 4828 5208 5067 5328 4951 5160 5574 5165 5765 4916 4799 5090 5115 5209 5121 4952 5243 5236 5329 5209 4965 5018 5106 5121 4918 4867 4819 5003 5321 5428 4927 5111 5059 4793 5475 5351 5234 4981 5018 5232 5038 5139 5065 5167 5399 5432 4872 4809 5528 4743 5159 5155 4925 4515 5063 5086 5470 5045 5438 4917 5178 5135 5030 5240 5217 4898 5080 4926 5255 5527 5141 5205 5077 4810 4712 4534 5241 4869 5287 5345 4911 5140 4707 4994 5338 5177 5130 5064 5102 4984 5016 4912 5567 5006 4603 5009 4503 4839 5280 4910 4753 4970 5241 4932 5208 5260 5104 4965 5061 5199 5086 5139 4799 5060 4933 4537 5474 5237 5052 5130 5136 4805 5141 4617 5000 5161 5413 5125 5164 5047 4687 5164 5023 5130 4937 4788 5058 4879 4997 5392 5209 5561 5338 5116 4677 4903 5136 5202 4777 4923 5108 4971 5170 5013 5244 5138 5413 4479 5118 4992 5398 5032 5153 4894 5055 4760 4917 5324 5092 4614 4732 5007 4781 5155 
5202 5370 4661 5353 4906 4633 5333 5235 5219 5249 5422 5146 5239 4927 5043 4950 5517 5601 5050 5339 4803 5260 5026 5483 5207 5143 5352 5256 5190 5047 5036 5419 5177 5198 5418 5125 5402 4926 4919 5140 4909 5214 4913 5288 5391 5082 5362 5343 5162 5518 5693 5478 4440 5470 5231 5160 5431 4757 4940 5243 5218 5575 5068 5167 5460 5016 5201 4960 5772 5316 5216 5174 4853 5472 4945 5129 5348 5462 5237 5649 5075 5572 4816 5277 5381 5316 4998 5481 5334 5474 5863 5048 4917 5268 4998 5480 5174 4922 5433 5459 5240 5382 5101 5379 5359 5391 4932 5211 4909 5068 5321 5719 5078 5542 5387 4945 5679 5360 5552 5397 5161 5294 5364 5055 5070 5468 5406 5729 5065 4916 5642 5169 5073 5234 5195 4590 4946 5618 5275 5454 5430 4851 5442 5267 5189 5252 5317 5127 5350 4986 5439 5550 5335 5049 5186 4800 4808 4954 5687 5065 5021 5194 5180 5069 5080 4982 5463 5662 5436 5323 5079 5123 5263 5088 5540 5263 4793 5532 4560 5053 5314 5121 4929 5161 5155 5100 5349 5479 5248 5022 5073 5265 4938 5275 4995 5321 5271 4960 5622 5432 4945 5284 5375 5630 5182 5080 5117 5377 5607 4921 5308 5373 4858 5447 4961 5252 4958 4613 4843 5401 4944 5618 5288 5638 5533 5421 5003 5036 5377 5260 4902 5135 5410 5089 5301 5437 5224 5269 5536 4894 5298 5088 5423 5407 5489 5116 5196 5169 5057 5448 5051 4926 5082 5251 5250 5346 
4981 5146 5046 5035 5120 5030 5157 5308 5073 5037 5448 5076 5326 4922 4995 4881 5549 5214 4824 5372 4789 5555 5041 5273 5260 5059 5004 5502 5142 5039 4981 5574 5353 5324 5369 5257 5190 4985 5103 5035 5299 5358 5158 5322 5581 5181 5420 5405 5322 5669 5194 5426 4722 5521 5215 5284 5337 4900 4930 5017 5370 5401 4973 5199 5489 4871 5091 5097 5628 5499 4954 5229 5072 5535 4671 4847 5295 5488 5066 5571 4868 5215 5024 5165 5064 5214 4999 5546 5323 5632 5748 5016 5119 5354 5048 5395 5105 4726 5168 5415 5443 5484 5201 5204 5305 5390 5029 5334 4998 5396 5334 5424 4952 5478 5289 5183 5596 5454 5556 5251 4998 5421 5202 5133 5005 5325 5504 5738 5074 4918 5413 5050 4896 5183 5154 4574 5120 5314 5798 5148 5223 4771 5458 5318 4976 5223 5490 5232 5199 5154 5264 5946 5204 5094 5406 4800 4814 4945 5469 5112 5221 5158 4986 5027 4784 5108 5190 5421 5160 5444 5055 5271 5161 5067 5634 5242 4873 5422 4754 4708 5232 4973 5132 5141 5176 4915 5226 5550 4952 5296 5236 5088 4949 5487 4883 5282 5292 5015 5449 5320 5047 5034 5123 5237 5374 4788 5029 5447 5435 5183 5146 5095 4891 5366 5385 5300 5008 5116 5052 5296 5068 5294 5295 5360 5455 5664 4918 4727 5407 5446 5004 5188 5370 5252 5482 4998 5382 5442 5340 4895 4927 5182 5594 5306 5105 5185 5319 4903 5255 5206 5187 5060 4807 5206 5230 5324 
5016 5136 4765 4846 4905 4476 5095 4974 4791 4812 5210 4920 5105 4619 4840 4593 5047 4968 4736 5140 4540 5137 4921 5117 4672 4678 4973 4878 4961 4796 4875 5324 4914 4955 4940 4859 5115 4620 4961 4811 4778 5177 4893 5078 4991 5064 5299 4935 5123 5205 4991 4827 4626 5129 5007 4754 5153 4693 4318 4760 4933 5315 4776 5045 4950 5107 4983 4902 5336 5085 5000 4982 4698 5163 4507 4882 4933 5264 4902 5075 4748 5084 4885 4902 4886 5057 4795 5091 5327 5255 5442 4587 4609 4909 4905 5243 4862 4833 4874 5192 5255 5200 4887 5122 4967 5292 4684 4975 4600 4854 4877 5387 4614 5029 5063 4771 5183 5174 5160 4647 4725 5141 4952 4845 4973 4967 5378 5286 5023 4634 5145 4750 4514 4967 4840 4526 4912 5092 5304 4926 5200 4905 5094 5234 4831 5225 5322 5010 4915 4746 4996 5352 5163 5058 5162 4782 4525 4430 5356 4903 5016 5197 4747 4922 4545 4857 4881 5266 4743 5051 4810 4900 4810 4980 5025 5159 4679 4993 4420 4671 5041 4989 4544 4986 5170 4588 5073 5128 4891 4906 4969 5090 4897 5159 4720 4817 4909 4657 5021 5051 4954 4971 5155 4678 5096 4653 4731 5027 5270 4904 4761 4877 4732 4976 4985 4822 4702 4632 4859 5066 5023 5393 5091 5277 5347 5175 4471 5012 5156 5228 4891 4656 5401 4970 4933 4942 4858 5309 5250 4429 4993 4614 5080 5060 4967 4673 5116 4739 5118 5219 4912 4667 4732 5137 4941 4896 
4920 4916 4739 4722 5006 4684 4859 5012 5190 4801 5318 4840 4949 4543 5094 4613 5366 5171 4939 5019 4494 5426 4819 5273 4694 4923 5045 5044 5186 4900 4688 5347 4985 4943 4768 5099 4835 4586 4712 4990 4884 5330 4952 4980 4858 4920 4884 5279 4843 5172 4997 5162 4405 4997 4616 4649 5072 4597 4741 4581 4807 5079 4896 5143 5200 4815 5039 4691 5480 4997 5006 4976 4527 5109 4643 4591 5014 5323 4593 5160 4808 5127 4631 5378 5092 4934 5032 5065 5250 5097 5313 4607 5217 5137 4880 5131 5006 4535 4960 5294 5476 5125 4823 4765 5194 5105 4639 4788 4753 4870 5087 5219 4731 5190 5211 4641 5390 5382 4989 4841 4769 5060 5068 4849 4905 5375 5411 5530 4979 4723 5318 4682 4894 4918 4886 4621 4855 5031 5281 4932 5131 4727 5195 5089 4955 5247 5252 4500 4992 4961 4996 5326 5079 5117 5084 4461 4739 4807 5299 5032 4740 5349 4799 4775 4826 5052 5055 5454 5000 4768 4819 5069 4777 4967 5150 5041 4871 5172 4559 4739 4838 4708 4860 4916 5136 4785 5139 4999 4776 5088 5079 5029 4679 5108 4645 4900 4981 4379 5018 4971 4911 4690 5215 4982 5082 4458 4936 4960 5155 4938 4847 5060 5102 4945 4887 4962 4700 4617 4846 4915 4846 5102 4896 5098 5260 5367 4928 4746 5125 5099 4872 4842 5167 5152 4844 4956 4800 5297 5379 4526 4768 5065 5318 4965 4898 4435 4903 4672 5147 5196 4738 4818 4794 4905 5009 5049 
5075 5281 4693 5214 5048 4482 5546 5035 5130 5111 5310 4988 5174 4910 4811 4976 5497 5360 4955 5414 4842 5582 4978 5367 4924 5195 5076 5177 5196 4983 4889 5510 5214 5172 5150 5054 4991 5005 4812 5490 4918 5255 4846 5270 5287 5290 5393 5365 5125 5343 5303 5315 4679 5398 5012 5043 5282 4876 4895 5035 5313 5308 4817 5136 5363 5132 5194 4856 5569 5678 4951 5316 4548 5336 4719 4850 5474 5426 4877 5452 5089 5183 4900 5266 4886 5310 4993 5288 5554 5580 5558 5101 4691 5338 4869 5345 5274 5049 5260 5230 5627 5155 5228 5144 5211 5334 5020 5141 4893 5016 5198 5497 4719 5639 5362 5029 5646 5301 5275 5060 5072 5282 5266 5108 5208 5284 5310 5531 5359 4802 5307 4752 4924 5134 5120 4433 5128 5418 5198 5066 5318 4703 5152 5271 4855 5147 5297 5096 5245 5048 5122 5417 5155 5407 5242 4744 4851 4596 5370 4894 5028 5283 4563 5389 5126 5122 5032 5459 4944 5357 5138 5062 5270 5141 5190 5081 4768 5303 4745 4718 5000 4926 4670 5202 5270 4621 5329 5348 4945 5149 5178 5304 4996 5238 4670 5313 5227 4839 5359 5430 5104 5274 5185 5106 5180 4880 4931 5231 5324 5094 5111 4992 4850 5371 4748 5069 4922 4773 4982 5115 5157 5335 5195 5248 5223 5087 4852 5149 5218 5188 5069 4825 5213 5189 5298 4930 5172 5196 5378 4568 5251 5077 5505 5048 5366 5022 5142 4925 5180 5335 4962 4843 5133 5105 5098 5065 
5346 5236 4800 5169 5423 4848 5125 5381 5312 5208 5562 5133 4932 4824 5185 4919 5521 5450 5180 5546 4923 5686 5277 5394 5003 5143 5197 5381 5006 5078 4931 5861 5296 5139 5244 5129 5202 4802 4994 4968 5272 5478 5068 5364 5211 5534 5373 5409 5037 5499 5502 5799 5038 5338 5328 5143 5499 5014 4895 5383 5283 5633 5012 5489 5235 5194 5179 5078 5528 5432 5289 5127 4771 5620 4827 5039 4993 5626 5234 5361 5081 5473 4996 5330 5181 5092 5130 5587 5267 5465 5797 5208 4871 5621 5208 5235 5430 4995 5243 5477 5631 5509 5169 5312 5115 5564 5230 5149 4883 5344 5287 5586 5056 5386 5432 5347 5878 5407 5562 5242 5258 5497 5383 5062 5107 5544 5622 5432 5522 4917 5426 4852 5029 5070 5077 4538 5202 5342 5239 5406 5658 5035 5282 5276 5164 5446 5692 5241 5296 5126 5004 5494 5162 5437 5286 5268 5133 4836 5632 5040 5506 5401 5105 5662 4893 5389 5571 5594 5219 5487 5407 5614 5230 5163 5461 5361 5059 5463 4536 4887 5357 5166 5090 5233 5588 4908 5393 5614 5108 5061 5252 5133 5152 5241 5021 5558 5236 4796 5241 5376 4890 5081 5454 5040 5282 4982 5171 5302 5323 5185 4959 5146 4978 5610 5203 5364 5434 4900 4936 5096 5422 5854 5646 5549 5581 5561 5004 5026 5598 5520 4930 5238 5502 5427 5180 5294 5177 5145 5570 4673 5520 4950 5861 5195 5407 5127 5521 4685 5142 5224 4972 4841 4904 5425 5066 5315 
4536 4677 4554 4572 4368 4198 4869 4726 4808 4564 5005 4675 4590 4575 4400 4563 4909 4887 4379 4679 4290 4898 4567 4924 4386 4813 4286 4402 4832 4906 4588 4934 4679 4781 4632 4717 4626 4494 4350 4665 4682 4967 4376 4591 4662 4682 4959 5094 4545 4855 5082 4612 4495 4890 4551 4697 4920 4435 4280 4653 5154 4720 4409 4864 4946 4642 4825 4440 5177 5066 4967 4668 4436 4890 4497 4546 4949 4837 4346 5068 4563 4940 4585 4751 4847 4736 4766 4926 5178 4749 4962 4570 4343 4744 4497 4776 4788 4606 4498 5127 4995 4880 4870 4709 4584 4819 4478 4770 4234 4805 4741 4808 4397 4820 5134 4481 4923 4836 4823 4636 4471 4774 4588 4749 4533 4722 4904 5112 4954 4407 4889 4487 4740 4721 4670 4210 4610 4937 4771 4853 4822 4498 4887 4749 4475 4700 4996 4516 4564 4544 4807 4985 4723 4701 4644 4505 4278 4436 5020 4432 4586 5019 4380 4749 4351 4672 4648 5194 4727 4864 4904 4833 4810 4429 4815 4657 4457 4956 4256 4399 4810 4378 4408 4664 4950 4488 4857 4508 4678 4698 4703 4631 4634 4746 4694 4804 4621 4425 4879 4891 4653 4383 4941 4718 4790 4410 4567 4554 5267 4592 4632 4379 4603 4810 4655 4652 4602 4378 4584 4798 4602 4694 5045 5257 5075 4859 4368 4634 4788 4707 4316 4470 4613 4628 4848 4621 4595 4975 5026 4341 4779 4638 4974 4335 4841 4697 4778 4275 4708 4760 4406 4365 4481 4668 4633 4831 
5343 5608 5078 5118 5587 5183 5468 5539 5411 5372 5664 5063 5687 5354 5715 5363 5623 5621 5312 5755 4969 6045 5457 5791 5340 5011 5486 5594 5567 5496 5111 5892 5456 5526 5578 5157 5683 5269 5575 5395 5448 5756 5591 5725 5557 5822 5697 5926 5319 5761 5491 5776 5098 5655 5288 5486 5680 5268 4949 5290 5580 5619 5311 5520 5583 5484 5686 5045 5977 5822 5628 5974 5106 5537 4662 5364 5345 5639 5206 5688 5455 5585 5520 5550 5400 5387 5361 5639 5635 5643 5940 5300 5206 6025 5316 5963 5720 5231 5122 5763 5867 5662 5536 5487 5450 5557 5210 5148 5377 5446 5392 5710 4990 5635 5531 5315 5810 5858 5833 5357 5372 5991 5620 5414 5333 5448 5900 5957 5604 4904 5768 4996 5329 5466 5482 4709 5333 5860 5765 5467 5862 5132 5425 5698 5334 5613 5931 5428 5544 5434 5427 5818 5169 5503 5415 5334 5109 5056 5875 5211 5628 5608 5278 5684 4806 5523 5409 5932 5292 5389 5457 5660 5535 5306 5803 5475 5092 5388 4818 5130 5462 5323 5273 5555 5759 5308 5723 5599 5011 5354 5603 5559 5487 5478 5160 5601 5424 5111 5521 5690 5506 5505 5592 5272 5667 5173 5487 5538 5835 5290 5600 5458 5321 5678 5587 5503 5245 5150 5334 5619 5392 5800 5584 5937 5593 5759 5131 5583 5716 5497 5379 5525 5936 5787 5417 5550 5638 5706 5924 4873 5574 5489 5872 5605 5709 5533 5492 5149 5680 5797 5056 5381 5297 5566 5380 5346 
5195 5211 4964 5068 5350 4891 5297 5189 5148 5138 5490 5085 4757 4926 5307 5037 5562 5441 5105 5303 4628 5480 4896 5588 5080 4893 5207 5294 5200 4962 4974 5564 5011 5143 5182 5029 5334 4659 4945 5010 5036 5021 5074 5064 5172 5232 5281 5646 5121 5468 5336 5349 4710 5172 5281 5083 5338 4895 5006 4887 5243 5127 4956 5202 5094 5136 5203 5127 5684 5421 5324 5319 4711 5538 4857 4957 5524 5572 5006 5701 5152 5375 4872 5221 5178 5333 4943 5385 5528 5384 5895 4946 4907 5301 5082 5467 5324 4698 4904 5539 5387 5446 4881 5255 5063 5306 4792 5204 4776 4928 5044 5560 4945 5273 5403 5115 5628 5497 5295 5042 5018 5553 5162 4979 5112 5223 5446 5512 5235 4892 5549 4735 4804 4968 5335 4702 4825 5310 5261 5099 5410 5162 5202 5312 5106 5431 5402 5307 5418 5051 5318 5553 4974 5334 4942 4806 4834 4760 5636 5011 5258 5314 4911 5332 4641 5043 5442 5478 5136 5451 5055 5104 5358 4990 5387 4933 4827 5273 4613 4883 5237 4992 4594 5159 5419 4700 5364 5175 4924 5015 5030 4961 4961 5136 5053 5245 4843 4495 5332 5374 5426 5285 5210 4986 5528 4792 5094 5173 5372 5233 5041 4988 4899 5487 5129 5191 5194 5047 5213 5205 5083 5180 5191 5644 5404 5605 4866 5208 5033 5511 5070 5072 5347 5182 5002 5122 5234 5355 5639 4711 5112 5039 5461 5149 5313 4991 5076 4733 5216 5483 4920 4843 4850 5152 5173 5258 
5196 5310 4984 5133 5375 4707 5235 5285 5451 5124 5450 5047 5168 4947 5134 5023 5603 5475 4908 5477 4888 5505 5061 5622 4912 5266 5248 5258 5046 5082 4892 5632 5310 5205 5253 5163 5302 5091 4837 5129 5308 5369 4890 5349 5517 5226 5392 5395 5123 5294 5358 5335 4735 5281 5024 5091 5224 5006 4908 4975 5142 5180 5034 5298 5276 5254 5419 5007 5803 5435 5418 5417 4656 5401 4927 4966 5106 5638 4742 5642 5000 5424 5185 5210 5131 5304 5179 5402 5321 5456 5666 4974 4897 5506 5298 5387 5135 4782 5111 5236 5535 5305 5138 5184 4944 5508 5006 5253 4875 4896 5138 5456 4803 5475 5235 5068 5627 5501 5486 4838 5264 5421 5461 4956 4919 5479 5703 5648 5477 4858 5554 4908 5114 4907 5124 4713 5179 5274 5516 5209 5445 4955 5375 5340 5182 5486 5445 4935 5074 5082 5272 5508 5142 5476 5180 4976 4612 4733 5660 5084 5327 5190 4889 5016 4846 5136 5356 5770 5291 5130 5551 5247 5481 5065 5160 5238 4905 5143 4677 4884 5103 5125 4650 5146 5583 4955 5411 5154 4999 4917 5217 4943 5142 5199 4973 5199 5135 4591 5228 5342 5125 5262 5311 5128 5383 5011 5237 5129 5445 5175 5097 5073 5014 5451 5089 5245 5247 4903 5006 5318 4994 5258 5214 5653 5320 5426 5059 4993 5199 5319 4924 5307 5275 5254 5396 5190 5263 5374 5318 4904 5020 5071 5428 5135 5083 4999 5108 4818 5411 5452 4942 4913 5060 5005 4984 5303 
5091 4917 4877 4880 5065 4740 5028 5170 5254 4872 5355 4726 5223 4880 5184 5046 5532 5201 5070 5389 4699 5195 4952 5194 4953 4913 4915 5098 5287 4873 4839 5470 5196 5154 5139 4997 5346 4983 4844 5050 5036 5355 4990 5389 5544 4831 5249 5230 4938 5120 5188 5044 4817 5515 5160 5122 5311 4997 4879 5049 5256 5326 4768 5247 5189 5044 4961 4940 5547 5239 5271 5093 4508 5309 4782 4684 5242 5178 4897 5232 4757 5239 4984 5172 5188 5418 4976 5161 5531 5136 5727 5023 4892 5175 4993 5456 5113 4961 5010 5342 5467 5242 4992 5056 5173 5337 4634 5090 4950 5072 5391 5410 4778 5556 5428 4981 5604 5290 5485 5098 4979 5597 5044 5261 4924 5211 5310 5391 4876 4869 5504 4862 4968 5101 4972 4533 4807 5284 5371 5438 5594 5070 5201 5431 4932 5159 5259 5205 5168 5074 5105 5553 5260 5061 5139 4769 4508 4661 5664 4935 5220 5284 4939 5119 4810 5053 5189 5260 5271 4987 4967 4985 4986 5021 5459 5183 4608 5288 4557 4920 5375 5422 4519 5246 5410 4760 5222 5274 4972 5070 5194 5125 4922 5046 4799 5128 5095 4707 5376 5298 4918 5109 5235 5001 5177 4801 4975 5023 5474 4999 5124 5026 4909 5302 4965 5272 5153 4721 5177 5198 5279 5309 5282 5387 5327 5076 4787 4817 5318 5268 4796 4820 5391 5168 5132 4937 4919 5163 5373 4657 5065 5076 5292 5335 5131 5092 5041 4740 5105 5345 4692 4947 4945 5084 5076 5338 
4582 4947 4402 4798 4670 4438 4947 4718 4845 4491 5149 4672 4754 4411 4716 4535 5038 4928 4699 4913 4328 5238 4635 5042 4434 4639 4770 4918 4981 4499 4599 5260 4835 4840 4792 4954 4798 4481 4847 4642 4513 5068 4723 5032 4829 4925 4937 4974 4828 5193 4887 4788 4292 5005 4614 4743 4925 4462 4386 4966 4948 4698 4612 5057 5087 4762 4886 4876 4973 4908 5178 5147 4601 4948 4699 4613 5055 5058 4791 5159 4739 4943 4388 5092 4846 4847 4982 4849 4937 5171 5211 4475 4719 4901 4709 5153 4712 4643 4906 5003 5220 5095 4904 4930 4518 4929 4728 4790 4485 4691 4961 5095 4740 5046 4904 4537 5139 5119 5256 4680 4590 4811 4947 4938 4562 4823 5231 5399 4943 4445 4859 4609 4705 4831 4788 4118 4758 5112 4832 4920 4923 4656 5077 4824 4605 5005 4975 4796 5078 4649 4900 4800 4948 4756 4936 4658 4400 4504 5322 4820 4483 5054 4832 4773 4836 4673 4943 5339 4616 4898 4812 4639 4913 4786 4837 4768 4608 5017 4330 4594 4580 4993 4570 4993 4961 4785 5010 4740 4486 4761 4898 4760 4668 4919 4341 4907 4905 4542 4989 5050 4575 4565 4982 5129 4958 4378 4898 4824 5143 4869 4762 4835 4802 4989 4726 4544 5057 4456 4550 4890 4589 4867 4735 4714 5094 5105 4543 4603 5087 4940 4631 4618 4978 4869 4715 4874 5045 4901 5068 4445 4787 4822 5068 4812 4810 4491 4906 4661 4662 4969 4696 4749 4941 4732 4946 5021 
5224 5398 5010 5181 5372 4761 5570 5456 5301 5519 5513 5201 5600 5143 5363 5243 5805 5503 5267 5582 4904 5816 5397 5543 5098 4896 5651 5493 5503 5530 5100 5835 5376 5504 5245 5216 5582 5181 5425 5268 5108 5441 5369 5539 5402 5487 5644 5542 5403 5611 5545 5702 4991 5716 5239 5384 5618 5203 5081 5367 5293 5591 5313 5654 5449 5395 5323 5021 6005 5707 5347 5477 5099 5439 4899 5125 5540 5518 5337 5804 5340 5641 5183 5485 5399 5402 5264 5466 5618 5463 5655 5231 5171 5475 5367 5876 5608 5041 5456 5688 5560 5664 5169 5525 5477 5659 4911 5130 5127 5260 5371 5485 5115 5654 5304 5264 5761 5595 5687 5578 5411 5449 5479 5241 5034 5628 5487 5759 5158 5144 5612 5056 5102 5271 5372 4724 5361 5477 5659 5398 5680 5241 5286 5492 5419 5586 5589 5363 5510 5155 5451 5791 5415 5602 5235 5075 5178 4808 5576 5148 5370 5527 5193 5474 5149 5448 5678 5539 5599 5555 5250 5219 5466 5260 5606 5378 5103 5635 4945 5074 5631 5280 5171 5244 5578 5163 5608 5564 5017 5259 5584 5519 5326 5371 5152 5311 5110 4871 5572 5829 5408 5594 5622 5264 5556 4905 5429 5364 5717 5390 5374 5292 5149 5590 5238 5546 5339 5326 5121 5257 5428 5516 5211 5633 5474 5613 4945 5397 5604 5469 5134 5418 5509 5223 5222 5197 5405 5529 5786 4710 5404 5255 5755 5501 5552 5397 5540 5099 5340 5750 5151 4977 5172 5628 5129 5557 
4863 5260 5097 5131 5433 4790 5257 5393 5205 5114 5489 5070 5255 4961 5210 5002 5624 5469 5103 5361 4394 5623 5081 5585 4968 5229 5291 5453 5257 5236 5059 5717 5334 5288 5468 5110 5441 4930 4985 5150 5100 5453 5133 5484 5207 5140 5597 5518 5280 5518 5422 5639 5194 5405 5323 5153 5253 4913 4998 5218 5367 5552 5003 5384 5027 5140 5214 5139 5574 5523 5359 5344 4989 5249 4869 4910 5385 5580 5389 5717 5131 5147 5269 5143 5085 5210 5350 5444 5311 5537 5713 5077 5233 5214 5090 5674 5553 4883 5211 5487 5518 5540 5095 5229 5266 5519 4751 5291 4942 5400 5279 5315 4940 5532 5434 5061 5699 5491 5723 5194 5317 5599 5498 5156 5096 5233 5734 5641 5539 4894 5578 4917 5070 5151 5277 5039 5110 5592 5339 5476 5539 5006 5563 5408 5110 5531 5474 5385 5416 5220 5181 5465 5156 5321 5172 5055 4681 4840 5567 5323 5184 5610 5138 5388 4987 5436 5440 5506 5177 5526 5215 5159 5335 5387 5429 5124 5064 5501 4633 5004 5396 5040 4728 5088 5353 5007 5444 5435 5174 5104 5239 5279 5258 5449 5145 5210 5318 4878 5371 5429 5262 5173 5433 4930 5467 4909 5085 5338 5430 5284 5044 5016 4927 5210 5202 5328 5155 5066 4989 5324 5188 5170 5408 5519 5132 5516 4754 5196 5579 5452 4947 5005 5413 5204 5420 5249 5323 5494 5639 4498 5359 5223 5497 5428 5319 4997 5243 5008 5265 5698 4889 4990 5326 5362 5442 5557 
4968 5258 5033 4739 5021 4796 5237 5064 4936 5045 5377 4880 5009 4866 5127 4958 5632 5216 4892 5083 4638 5429 5043 5346 4753 5137 5113 5170 5109 5156 5038 5766 5037 5317 5124 4980 5198 4863 4966 5131 5157 5440 5092 5155 5329 5417 5503 5492 5159 5445 5091 5072 4678 5417 5125 5047 5576 4943 4769 5220 5205 5446 5015 5471 5456 4922 5088 4679 5785 5586 5399 5130 4682 5380 4700 4970 5275 5660 4944 5336 5139 5286 5282 5309 5283 5303 5464 5303 5572 5508 5598 4885 4917 5359 5057 5356 5167 5080 5263 5474 5374 5427 5266 5013 5136 5439 5163 4982 4783 5194 5302 5402 4792 5246 5411 4964 5545 5738 5410 5120 5301 5168 5217 5079 4963 5206 5326 5569 5104 4957 5407 4900 4970 5256 5210 4466 5289 5421 5250 5172 5269 4992 4996 5209 5079 5271 5376 5193 5132 5098 5193 5469 5422 5485 5110 5112 4794 4831 5513 4859 5260 5472 5107 4985 4894 5088 5497 5831 5176 5170 5323 5133 4942 4935 5451 5242 4997 5141 4714 4961 5202 4900 4996 4862 5296 4907 5449 5372 5239 5307 5128 5120 5219 5214 4838 5174 5225 4671 5163 5232 4973 5330 5481 5004 5412 4794 5150 5323 5563 4841 5121 5140 5164 5162 5002 5041 4924 5027 5388 5138 4996 5447 5448 5782 5233 5215 4827 5085 5512 5225 5121 4888 5316 5175 5395 5224 5196 5413 5700 4650 5055 5080 5478 5365 5395 5286 5340 4801 5240 5460 4977 4940 4764 5116 4789 5094 
4839 4826 4490 4674 4627 4467 4941 4909 4927 4583 5385 4663 4632 4600 4797 4490 5461 5036 4745 4864 4517 5040 4745 4948 4779 4664 4785 4969 4892 4852 4785 5376 5048 4863 4611 4863 4965 4694 4699 4678 4660 4674 4724 5069 5249 4587 5146 4907 4822 5007 4935 4867 4495 4906 4794 4794 4691 4483 4665 4792 4834 5121 4715 4889 4984 4871 4936 4804 5368 4971 5041 4869 4380 5260 4707 4649 5179 4977 4844 5259 4980 5165 4500 4884 4838 4875 4564 5004 5001 5019 5225 4539 4572 4872 4782 4942 4843 4695 5070 4839 5142 4995 4721 4823 4714 5275 4758 4782 4480 4874 4840 5008 4687 4982 5066 4668 5341 5016 4994 4816 4753 4977 4935 4928 4734 4968 5185 5276 4849 4441 5205 4736 4744 4851 4664 4304 4835 5008 5053 4883 4971 4486 4883 5071 4730 4906 5130 4833 5080 4846 4835 4951 4726 4690 5043 4945 4514 4429 5070 4896 5103 5113 4755 4890 4647 4856 5251 4960 4844 4977 4860 4796 4823 4739 4981 4979 4583 5084 4368 4612 5128 4854 4606 4750 4982 4613 5222 5095 4740 4695 4876 4955 4796 4981 4643 4922 4770 4375 5191 5044 4787 4790 5064 4726 5186 4544 4759 4908 5146 4786 4666 4903 4691 4917 4825 5078 4901 4582 4625 4639 4888 4985 4968 5052 4951 4869 4341 4886 5091 4988 4473 4538 4983 4905 4835 4946 4614 4735 5152 4308 4843 5020 5058 4805 5078 4657 4946 4470 4625 4984 4698 4455 4415 4723 4571 5008 
5015 4936 4610 4942 4970 4393 5142 5392 5036 4921 5210 4853 5087 4718 5188 5001 5582 5417 5004 5081 4550 5413 4984 5060 4874 5031 5059 4971 5270 5219 4883 5402 5296 5165 5074 4857 5212 4889 4694 4898 5019 5144 4922 5308 5215 5085 5136 5331 4928 5286 5068 5193 4648 5141 4883 4932 5127 4997 4803 4989 5051 5258 4789 5134 5135 5122 5237 4726 5490 5322 5187 5381 4730 5130 4642 4911 5211 5536 5352 5280 4990 5472 4724 5199 5051 5266 4808 5203 5508 5323 5512 4975 4977 5148 5093 5455 5052 4896 4930 5282 5480 5333 4938 5349 5088 5161 4849 5222 5051 4892 5093 5328 4921 5346 5147 5048 5649 5471 5548 4956 5075 5324 5137 4709 4909 5173 5335 5618 5123 4746 5168 5097 5000 4974 4993 4532 4802 5314 5001 5040 5548 4801 5401 5086 4955 5136 5172 5318 5247 4930 4980 5358 5152 5317 5246 4820 4712 4889 5556 4967 5196 5387 4864 5139 4802 4975 5304 5245 5148 5096 5058 5025 4913 5315 5170 5247 4966 5271 4479 4999 5185 4900 4821 5244 5157 4977 5354 5234 4845 4936 5040 4997 5085 5084 4951 5093 5119 4683 5272 5473 4982 4879 5214 5009 5052 4657 5120 4983 5407 5203 4716 5144 5014 5342 5267 5142 5206 4969 4617 5064 5191 5191 5199 5483 5427 5092 4675 5127 5223 5240 4882 5012 5323 5101 5076 5150 4905 4957 5489 4664 5010 5056 5176 5299 5194 5222 5046 4821 5039 5197 4987 4732 4640 5075 5059 5489 
