5264 5242 5325 5774 5704 5207 5459 5413 5557 5379 5059 5611 5446 5781 5076 5057 5056 5125 5656 5106 4950 4902 5106 5299 5462 5362 5038 5336 5458 5465 5173 5477 5539 5390 5315 5836 4926 6103 5222 5369 5041 5057 5247 5440 5520 5412 5495 5542 5402 5296 4903 4779 5430 5471 5676 5759 5793 5429 5176 5445 5475 5499 5081 5351 5068 5527 5205 4882 5813 5407 4893 5384 5260 5441 5195 5452 5416 5084 5292 5285 5193 5358 5537 5122 5420 4895 5215 5250 5182 5271 5569 5314 5431 5019 4875 5711 5554 5503 5254 4935 5246 5889 5370 5208 5138 4726 5364 4868 5410 5134 5251 4924 5188 5768 5500 5975 5370 5241 5173 5378 5272 5552 6085 5065 5294 5251 4850 5099 5288 5630 5355 5002 5952 5419 5409 5582 5034 6032 5410 5335 5514 5189 5501 5570 5431 5361 5162 5511 5340 5437 5663 5571 5055 5270 5262 5207 5078 5260 5305 5288 5384 5390 5658 5682 5022 5435 5706 5325 5427 5123 5482 5759 5299 5745 5239 5570 5362 4930 6093 5677 5287 5247 5444 5484 5377 5128 5757 5235 5441 5815 5606 5442 5473 5337 5305 5270 5707 5312 5350 5414 5742 5653 5459 5185 4853 5528 5382 5146 5205 5338 5407 5215 5332 5664 4834 5604 4991 5628 5978 4933 5431 5434 5304 5157 5293 5335 5334 5128 4830 5200 5226 5253 4729 5524 5469 5717 5349 4952 5303 5588 5576 5489 5389 5886 5292 5512 5331 5338 5025 5236 5386 5551 5138 5217 5436 5091 
5469 5265 5378 5760 5755 5549 5439 5397 5652 5651 5048 5757 5544 5675 5335 5320 4771 5220 5616 5463 4854 5155 5483 5446 5299 5274 5094 5357 5221 5523 5194 5553 5457 5690 5800 5673 5083 6192 5405 5128 4997 4964 5296 5656 5532 5402 5545 5433 5402 5195 5429 4875 5839 5454 5772 5658 5477 5360 5302 5358 5658 5574 5283 5524 5399 5615 5201 5271 5796 5611 5007 5515 5469 5302 5432 5612 5378 5417 5501 5170 5631 5690 5719 5264 5361 5002 5405 5537 5560 5391 5784 5165 5230 5417 5180 5602 5726 5624 5477 4964 5504 5682 5310 5326 5363 4987 5660 4974 5352 5609 5478 5432 5452 5532 5701 6104 5752 5441 5304 5464 5584 5829 6017 5088 5470 5470 5165 5133 5247 5616 5317 5231 5701 5254 5747 5386 5235 5977 5283 5248 5455 5348 5677 5790 5462 5347 5404 5649 5332 5488 5710 5418 5519 5267 5432 5458 5248 5542 5342 5715 5519 5567 5748 5846 5309 5657 5380 5465 5881 5233 5525 5518 5405 5267 5406 5816 5528 5298 5854 5567 5443 5198 5488 5702 5693 5234 5850 5648 5261 5771 5466 5456 5327 5538 5446 5317 5688 5695 5512 5790 5525 5646 5726 5284 5133 5657 5503 5293 5238 5358 5576 5268 5349 5743 4947 5454 5077 5735 5962 5465 5475 5517 5482 5355 5418 5347 5825 5553 5001 5487 5331 5432 5103 5759 5314 5879 5313 5203 5135 5784 5392 5306 5430 5904 5440 5432 5499 5436 5163 5131 5581 5816 5549 5421 5364 5360 
5182 5282 5002 5623 5766 5116 4960 5396 5351 5439 4916 5487 5516 5387 5132 5089 4930 5075 5393 5245 4807 4902 5083 4814 4944 4923 4600 5283 5510 5501 5070 5072 5428 5242 5428 5384 4939 5849 5353 5191 4559 4968 4921 5233 4973 5255 5151 4972 5131 5054 5360 4683 5152 5440 5269 5719 5557 5432 4986 5257 5426 4954 5041 5106 5081 5677 5232 4926 5755 5297 4821 5334 5119 5227 5073 5476 5360 4957 5237 5341 5231 5243 5725 5004 5123 4659 5138 5156 5302 5303 5573 5308 5053 5272 4949 5508 5524 5367 5014 4819 4940 5435 5380 5160 4908 4628 5398 5069 5299 4977 5155 5048 5345 5409 5348 5797 5444 4946 5210 5055 5226 5506 5897 4805 5071 5354 4832 4805 5349 5479 5099 5034 5040 4921 5149 5109 5131 5466 5271 5132 5012 5287 5440 5362 5312 5125 4990 5422 5219 5159 5374 5268 4854 5136 5163 5319 5100 4915 5151 5206 5406 5242 5495 5626 4955 5491 5324 5245 5305 4897 5213 4964 5113 5396 5217 5667 4989 5093 5977 5509 5068 4894 5207 5518 5231 4782 5544 5485 5279 5591 5347 4989 5030 5142 5379 5009 5486 5416 5266 5520 5512 5608 5299 5008 5072 5470 5211 4979 4738 5187 5358 5460 5063 5477 4841 5321 4774 5321 5648 5090 5440 5570 5343 5220 5210 5195 5472 5028 4775 5406 5157 5241 4754 5269 5034 5481 5123 4988 5024 5415 5343 5259 5263 5768 5238 5496 5116 5421 5008 4850 5162 5481 5020 4998 5486 4895 
4841 4872 4666 5363 5321 4866 4849 4724 4987 5225 4876 4949 4855 5009 4886 4967 4329 5087 5276 5067 4506 4726 4589 4793 4803 4824 4645 4916 5135 5079 4679 5012 4977 4812 4985 5326 4665 5419 4880 4611 4478 4426 4524 5196 4961 5000 4925 5054 5023 5091 4939 4808 5106 5210 5323 5446 5047 4969 4962 5132 5218 4859 4969 5036 5140 5074 5135 4561 5325 5060 4820 5157 4860 4998 5054 5159 5240 5017 5124 4663 4966 5158 5171 4896 4945 4416 4801 5255 4928 4757 5215 5105 4870 4819 4663 5160 5117 5157 4923 4567 4754 5266 4716 4565 4800 4408 4966 4343 5107 4763 5111 5196 4985 5188 5210 5170 5180 4912 5003 5008 5000 5267 5516 5060 4712 5168 4841 4878 5234 5166 5019 5232 4969 5077 5070 4880 4774 5208 4808 4924 4935 4840 5110 5177 4949 4880 4733 5285 4915 5057 5251 4974 4859 4777 4686 4921 4849 5147 5209 4959 5046 5054 5551 5327 4834 5157 4921 4935 5361 4748 4976 4912 4697 4951 4674 5317 4876 4846 5482 5197 4992 4527 5020 4957 4946 4654 5377 5232 4894 5187 5130 4937 4874 5042 4802 4970 5333 5217 4787 5198 5213 5059 5225 5068 4669 5128 4881 4848 4458 5097 5246 4990 4887 5101 4783 5042 4770 5214 5827 4847 5043 4980 5040 4957 4747 4822 5351 4926 4508 5300 4663 4886 4560 5138 4979 5416 4742 4797 4936 5354 5129 4893 4977 5290 5142 5037 5151 5155 4669 4690 5118 5123 4857 4715 4895 4878 
4946 4939 4437 5110 5196 4828 4884 4991 4927 4994 4613 5069 5004 4930 4595 4803 4193 4683 5044 4878 4344 4722 4894 4919 4717 4923 4442 4907 4797 5072 4758 5007 5036 5003 5180 5168 4571 5243 5003 4496 4431 4673 4582 5126 4819 4632 4835 4839 4942 4940 4979 4428 5051 4776 4897 5102 5047 4759 4764 4682 5145 4849 4851 4743 4828 4993 4881 4462 5317 4681 4534 5248 4710 4805 4850 5312 4718 4565 4720 4812 5175 5003 5003 4546 4718 4327 4726 4705 5125 4832 5187 4833 4779 4980 4732 5148 4959 4947 4799 4498 4855 5002 4872 4706 4721 4709 5059 4487 4862 4868 4755 4496 4918 4924 5039 5518 5005 4897 4883 4463 4859 4996 5322 4639 4803 4905 4868 4490 4801 5087 4695 4754 4893 4783 4987 5032 4547 5109 4569 4575 4698 4716 5183 5105 4628 4844 4660 5164 4872 4917 5073 5156 4555 4889 4924 4643 4490 4780 5022 4985 5133 4997 5273 5481 4447 4870 5277 4910 5217 4562 4768 4992 4722 4836 4679 5164 4763 4889 5187 4964 4936 4493 4897 5372 4840 4541 5229 4986 4534 5296 5071 4669 4900 4903 4939 4843 5126 5235 4975 5149 4925 5159 4940 4804 4643 4958 4920 4591 4534 4710 4926 5001 4661 4996 4534 4709 4879 5284 5377 4880 5031 4912 4548 4953 4705 4675 5403 4656 4501 5135 4891 4595 4479 4853 4833 5012 4767 4499 4962 4787 4911 4804 4992 5148 4784 4756 4697 4991 4733 4494 4611 5131 4621 4934 4751 4554 
5226 5303 5260 5814 5779 5368 5287 5271 5504 5821 5235 5764 5602 5584 5167 5540 4737 5264 5740 5363 4921 5063 5197 5402 5224 5463 5105 5261 5754 5777 5108 5759 5513 5549 5798 5849 4765 6023 5490 5497 5005 4901 5248 5668 5498 5266 5819 5513 5319 5004 5192 5192 5859 5272 5331 6025 5568 5450 5456 5335 5755 5676 5417 5475 5278 5751 5393 5287 5910 5500 4936 5528 5368 5267 5438 5702 5591 5689 5471 5466 5482 5647 5705 5344 5082 4922 5461 5448 5491 5355 5800 5619 5462 5816 5195 5618 5738 5777 5265 5135 5572 6048 5380 5514 5388 4869 5498 4918 5733 5384 5541 5150 5316 5635 5664 5981 5677 5482 5435 5585 5415 5827 6033 5229 5411 5184 5262 5131 5579 5741 5243 5292 5320 5222 5344 5533 5295 5669 5454 5396 5248 5456 5621 5757 5576 5136 5198 5687 5352 5609 5420 5717 5282 5510 5436 5404 5185 5492 5364 5523 5658 5224 5871 5930 4920 5615 5500 5509 5568 5264 5351 5480 5257 5325 5293 5669 5515 5245 5988 5552 5398 5085 5732 5723 5745 5276 5858 5481 5545 5896 5611 5151 5138 5291 5445 5648 5795 5830 5307 5507 5754 5557 5539 5553 5217 5560 5605 5282 4954 5522 5694 5184 5305 5546 5090 5364 5198 5756 6256 5321 5271 5801 5287 5255 5040 5263 5854 5270 4890 5469 5264 5154 4995 5442 5398 5591 5446 5222 5614 5718 5386 5327 5409 5746 5718 5444 5555 5664 4969 5174 5480 5710 5500 5368 5549 5435 
5048 5099 5326 5543 5656 5155 5150 5475 5325 5607 5074 5455 5325 5565 5028 5388 4588 4992 5516 5074 5100 4984 4969 5136 5020 5306 4779 5226 5442 5690 5027 5598 5494 5499 5746 5250 4828 5857 5362 5075 4727 5065 4928 5583 5094 5398 5685 5251 5303 5004 5210 4976 5631 5429 5549 5495 5361 5257 4990 5027 5453 5120 5182 5252 5047 5740 5418 5054 5812 5334 4728 5268 5377 5188 5257 5627 5213 5160 5217 5098 5348 5306 5761 5169 5132 4873 4895 5263 5501 5349 5775 5371 5168 5367 5163 5568 5356 5599 5245 4933 4915 5731 5258 5402 5291 4863 5412 4952 5408 5268 4912 5011 5532 5450 5657 5783 5725 5402 5250 4979 5477 5506 6077 4896 4990 4973 5117 5254 5432 5398 4996 5052 5206 5235 5234 5213 5282 5659 5310 5375 5056 5218 5499 5503 5294 5157 5174 5560 5397 5287 5489 5393 5154 5219 5253 5274 5146 5272 5133 5196 5468 5232 5452 5814 4951 5623 5316 5261 5381 5138 5526 5131 5208 5370 5260 5455 5077 5236 5783 5406 5066 4793 5450 5713 5258 5095 5546 5570 5206 5646 5712 5318 5206 5427 5389 5147 5529 5494 5209 5601 5596 5389 5476 5175 5025 5462 5269 5079 5060 5323 5420 5241 5208 5397 4970 5543 5163 5530 5563 5077 5546 5415 5138 5342 5044 5136 5654 5186 4665 5518 5118 5287 4885 5329 5385 5559 5402 5049 5307 5497 5131 5253 5247 5829 5211 5223 5170 5346 5040 5016 5393 5194 5183 5400 5302 5226 
5112 5016 4867 5604 5543 4990 4983 5092 5068 5208 4724 5528 5312 5377 5145 4730 4657 4989 5270 4947 4617 4682 4882 5194 5019 5130 4793 4692 5094 5493 5002 5120 5414 5215 5207 5372 4531 5716 5215 5077 4841 4613 4908 5414 4841 5194 5245 5159 5131 5151 5141 4883 5473 5105 5153 5550 5213 4985 4854 4947 5242 5287 5137 5015 5123 5269 5192 4906 5548 5296 4957 5164 4979 5055 4972 5203 5360 5021 4950 4681 5342 4986 5186 5072 5100 4548 4804 5238 5208 4971 5463 4987 5063 5063 4936 5645 5346 5016 5021 4529 5096 5468 5030 4958 4937 4427 5266 4647 5047 5247 5097 4719 5089 5436 5503 5771 5192 5467 5056 5054 5093 5155 5625 4748 5043 5199 5138 4709 5199 5136 4979 4849 5052 4820 5332 4781 4879 5427 5279 5221 5084 4985 5534 5397 5250 5074 4738 5594 5153 5060 5363 5172 4658 5184 5178 5154 5336 4979 5271 5262 5284 5265 5582 5451 4797 5327 5065 5103 5321 4789 5361 5225 4906 5192 4756 5353 5075 5053 5541 5064 5080 4771 5118 5335 5428 4908 5717 5464 4902 5518 5297 5144 5091 5353 5084 4936 5410 5298 4990 5315 5165 5364 5209 4949 5106 5322 5149 5210 4784 4796 5227 4845 5000 5237 5018 5219 5034 5473 5921 5054 5126 5288 4961 4902 5134 4821 5467 4912 4484 5322 4872 4864 4465 5204 5101 5308 4890 4777 5163 5167 5296 5215 5064 5642 5113 5093 5058 5315 5039 4867 4812 5277 5163 5223 5088 4942 
4908 5156 4962 5206 5411 4635 5257 5086 4998 5180 4625 5458 5278 5019 4854 4884 4555 4971 5364 4994 4720 4616 5043 5075 5092 4953 4780 5055 5021 5383 5005 5252 5214 5225 5434 5291 4976 5518 5020 4875 4773 4776 4629 5097 4920 5184 4987 5033 5054 5136 5039 4628 5374 5101 5293 5407 5265 5076 4906 5053 5450 5082 4733 4814 4991 5355 4984 4804 5452 5163 4805 5258 4898 5091 4770 5343 5203 5066 5121 5198 4865 5357 5364 4981 4713 4713 4855 5091 5094 5232 5255 5139 4819 5276 4734 5474 5035 5264 5058 4534 5054 5462 5029 4968 4584 4562 5202 4623 5165 4807 5009 4911 4994 5141 5412 5581 5159 4898 5048 4726 5133 5349 5607 4730 5008 4978 4793 4662 5128 4938 4810 4950 5317 4765 5136 4811 5108 5516 4847 4957 4775 4674 5111 5270 5249 4757 4805 5252 4798 4947 5357 5280 4927 4810 4994 4953 4758 4934 5127 4927 5319 4897 5301 5797 4776 5138 5222 4890 4974 4811 5080 5166 4864 5201 5063 5332 5062 4957 5463 5234 4948 4841 5089 5110 5006 4844 5484 5254 5084 5331 5116 5032 5025 5017 5413 5163 5261 5216 4981 5006 5273 5224 5109 5081 4777 5394 5157 4913 4989 5102 5126 5170 4912 5109 4658 5056 4657 5124 5569 4946 5059 5384 5008 5037 5001 5011 5105 4594 4446 5154 4703 5072 4656 5072 5128 5129 5002 4595 5358 5119 5127 5055 4887 5431 4888 5062 5119 5231 4912 5154 5055 5008 4909 4915 5081 4936 
4857 5066 4961 5688 5545 5064 5181 5189 4988 5532 4972 5591 5378 5437 4870 5105 4865 5213 5604 4971 5037 4656 5075 5332 5452 4925 4949 5106 5356 5418 4991 5239 5384 5383 5150 5365 4942 6002 5572 5134 4779 5229 4876 5378 5074 5296 5395 5281 5354 5035 5348 4834 5432 5706 5518 5725 5564 5013 5087 5461 5590 5099 5288 5068 4975 5631 5283 5033 5637 5378 4855 5159 4957 5090 4926 5388 5192 5282 4957 5198 5166 5426 5702 5213 5070 4889 5038 5361 5030 5254 5436 5227 5333 5117 5035 5828 5213 5463 5130 4904 5388 5816 5484 5231 5029 4704 5227 4659 5253 5064 5192 4930 5407 5441 5254 5777 5568 5178 5217 5228 5158 5192 5772 4919 4949 5302 4920 4693 5362 5310 5073 5324 5503 5127 5374 5193 5261 5912 5130 5483 4960 4950 5399 5216 5555 5061 5047 5520 5142 5327 5389 5513 4964 5059 5208 5044 5415 5071 5244 5246 5351 5397 5669 5618 4816 5468 5238 5234 5304 4942 5285 5476 5161 5644 5378 5800 5108 4931 5791 5391 4962 4855 5312 5641 5177 4906 5450 5475 5417 5559 5514 5230 5350 5247 5098 5111 5716 5460 5164 5308 5278 5460 5319 5065 5093 5473 5197 5189 4931 5350 5359 5305 5006 5515 4976 5539 4995 5488 5820 5083 4967 5510 5292 5389 5270 5041 5603 5312 4944 5410 5229 4938 4603 5392 5166 5727 5006 4971 5079 5602 5317 5284 5211 5680 5327 5243 5171 5551 4931 5079 5209 5336 5014 5116 5197 5084 
5299 5428 5000 5638 5620 5106 5235 5164 5374 5443 5405 5192 5408 5401 5050 5220 4872 4973 5527 5442 4994 4860 5126 5103 5065 5283 5008 5230 5540 5485 5191 5392 5874 5408 5352 5405 4990 5733 5254 5466 4805 4833 5234 5532 5146 5472 5538 5413 5348 5109 5293 4809 5541 5566 5384 5478 5558 5311 5279 5298 5415 5479 5303 5251 5198 5535 5024 5158 5965 5539 5028 5469 5247 5188 5067 5725 5208 5067 5180 5066 5264 5327 5373 4980 5428 4730 4967 5530 5228 5286 5542 5165 5047 5300 5246 5455 5703 5380 5178 5067 5277 5520 5434 5306 5106 4855 5410 4869 5348 5459 5435 5124 5504 5375 5301 5905 5265 5492 5288 5232 5355 5493 5883 5063 5125 5372 5375 4788 5183 5449 5085 4987 5447 4989 5593 5221 5199 5828 5231 5311 5124 5302 5552 5456 5597 5138 5391 5273 5009 5557 5711 5289 5133 5179 5214 5324 5155 5146 5515 5441 5323 5076 5598 5781 4884 5500 5465 5370 5436 5083 5468 5024 5180 5585 4903 6080 5057 5150 5776 5459 5168 4913 5290 5514 5255 5053 5632 5651 5155 5839 5496 5260 5383 5531 5305 4883 5649 5534 5302 5499 5589 5617 5555 4911 5191 5609 5295 5162 4874 5168 5222 5089 5078 5496 4866 5457 4986 5531 6040 4997 5359 5685 5374 5047 5172 5100 5673 5025 5062 5497 5266 5533 4785 5506 5426 5650 5143 4958 5451 5601 5138 5226 5465 5629 5578 5221 5294 5290 5069 5021 5392 5310 5009 5048 4972 5120 
5333 5485 5348 5998 5706 5689 5320 5456 5538 5694 5415 5742 5848 5471 4971 5310 5065 5079 6038 5616 5049 5053 5434 5400 5340 5694 5080 5404 5786 5759 5391 5672 5565 5624 5835 5891 5201 6146 5559 5270 5267 5278 5223 5821 5512 5601 5793 5325 5700 5548 5229 4938 5903 5710 5859 6130 5643 5362 5262 5505 5611 5360 5497 5391 5426 5798 5373 5531 5948 5636 5206 5744 5305 5457 5457 5671 5725 5436 5280 5414 5690 5660 5788 5301 5408 5042 5300 5356 5567 5145 5856 5671 5326 5739 5241 5759 5617 5795 5662 5394 5638 5670 5423 5325 5340 5278 5470 5255 5830 5449 5517 5220 5519 5762 5626 6120 5613 5398 5356 5581 5582 5928 6259 4984 5257 5671 5282 4907 5343 5568 5219 5121 5432 5455 5596 5197 5308 5925 5396 5429 5633 5258 5589 5694 5596 5359 5268 5798 5485 5856 5508 5750 5182 5246 5397 5852 5295 5571 5678 5529 5684 5365 6023 5571 4854 5854 5645 5314 5472 5174 5764 5773 5378 5661 5543 5664 5374 5561 6118 5649 5161 5234 5691 5855 5772 5284 6022 5918 5231 6111 5736 5311 5475 5560 5459 5438 5825 5776 5534 5859 5548 5712 5821 5140 5056 5574 5676 5421 5241 5438 5548 5502 5173 5649 4991 5589 5258 5826 6198 5337 5541 5686 5300 5658 5551 5468 5985 5484 4872 5444 5505 5588 5091 5483 5505 5781 5313 5313 5465 5461 5680 5710 5224 5927 5529 5502 5444 5753 5221 5115 5650 5829 5403 5702 5445 5368 
5061 5157 5028 5715 5491 5219 5125 5035 5180 5368 5139 5471 5575 5392 4983 5294 4901 5267 5272 5111 5043 4796 5212 5132 5112 5096 5051 4860 5390 5611 5064 5255 5278 5451 5630 5572 4961 5893 5245 5014 4954 4951 4964 5435 5201 5196 5116 4869 5206 5157 5253 4906 5486 5409 5445 5615 5664 5228 5266 5194 5164 4842 5183 5372 5065 5442 5256 5046 5744 5594 4900 5608 5463 5321 5103 5450 5130 5373 4781 5094 5223 5095 5656 4942 4961 4739 5068 5028 5110 5130 5671 5235 5099 5271 4843 5379 5292 5367 5327 5187 5309 5446 5055 4962 5320 4741 5138 5149 5526 5246 5303 4893 5321 5466 5352 5902 5503 5298 5148 5170 5274 5385 5698 4973 5186 5190 4882 4540 5336 5385 5100 4994 5158 5062 5223 4853 4785 5673 5227 4963 5263 4886 5173 5466 5318 5314 5043 5337 5227 5484 5356 5345 4919 5318 5156 5338 4997 5166 5464 5370 5293 5476 5924 5576 4603 5336 5323 5210 5146 4859 5408 5291 5081 5248 5271 5580 5098 5121 5965 5472 4810 4976 5394 5527 5148 4932 5589 5443 5214 5305 5298 4969 5148 5204 5267 4869 5708 5478 5137 5186 5526 5250 5062 5014 4926 5281 5225 5177 5058 4957 5227 4937 4896 5364 4984 5365 4687 5361 5703 4930 5123 5379 5148 5221 5250 5186 5284 5119 4630 5391 5276 5022 4794 5488 5083 5338 5320 4920 5071 5496 5239 5186 5367 6023 5124 5280 5120 5784 4941 4937 5287 5495 5190 5113 5042 4926 
5064 5194 5316 5531 5433 5191 5318 5179 5208 5611 4946 5278 5382 5159 4729 5005 4996 4970 5464 5238 4693 4802 5090 5283 5303 5216 4940 5081 5432 5125 5072 5563 5365 5226 5308 5665 5020 5749 5268 4999 4799 4864 5035 5604 5236 5230 5098 5131 5126 5194 5176 4826 5517 5573 5431 5587 5611 5285 5039 5221 5565 5201 4904 5343 5070 5656 5291 4883 5628 5566 5212 5561 5091 5218 5175 5330 5226 5415 5033 5145 5599 5284 5591 4951 4988 4860 5250 5182 5084 5331 5571 5224 5034 5409 4933 5560 5330 5471 5304 4885 5124 5630 5168 4870 4777 4656 5187 4771 5473 5177 5197 4945 5158 5594 5632 5789 5234 5341 4936 5256 5252 5404 5844 4791 4820 5285 4994 4857 5258 5520 4967 5300 5192 4951 5377 5152 5053 5612 5057 5141 4853 5033 5439 5310 5047 4944 4937 5585 5212 5389 5217 5328 4890 5191 5259 5345 4988 5171 5227 5292 5208 5249 5523 5703 4851 5497 5255 5355 5300 4823 5337 5426 4777 5237 5166 5573 5235 5164 5654 5176 5084 4794 5184 5326 5404 4831 5733 5422 4999 5524 5583 5241 5165 5266 5023 5044 5457 5419 5266 5143 5423 5283 5415 5087 5095 5172 5102 5090 5032 5353 5396 5105 4847 5529 4684 5372 4944 5412 5761 5040 5063 5586 5198 5366 5275 5118 5553 5306 4648 5397 5150 5294 4837 5292 5338 5303 5183 4900 5315 5363 5099 5211 5315 5635 5106 5168 5420 5301 4889 4848 5085 5395 4913 5170 5332 4969 
5138 5116 5311 5721 5659 5159 5348 4994 5150 5524 5103 5336 5584 5293 5101 5249 4608 5150 5589 5261 4776 4834 5017 5428 5040 5285 4981 5044 5660 5442 5178 5360 5371 5459 5560 5695 4974 5580 5473 5251 4927 4763 4900 5559 5153 5369 5423 5272 5475 5001 5407 5048 5429 5540 5168 5627 5708 5153 5198 5246 5610 5148 5305 4869 5247 5568 5235 5194 5745 5116 4969 5630 5129 5248 5133 5526 5094 5184 4823 5207 5332 5328 5638 4938 5178 4871 5199 4972 5260 5195 5617 5284 5234 5405 5202 5841 5296 5302 5383 4971 5152 5554 5364 5214 5182 4807 5456 5220 5386 5278 5205 5061 5718 5392 5232 5701 5397 5284 5354 5105 5509 5337 5723 5145 5055 5292 5099 4892 5312 5344 4975 5089 5437 5100 5427 5404 5245 5469 5034 5358 5327 5407 5565 5240 5451 5015 5254 5525 5105 5555 5550 5524 4924 5112 5060 5175 4944 5542 5142 5124 5426 5113 5769 5705 4762 5446 5704 5168 5538 4793 5424 5174 5299 5220 5472 5674 5086 5466 5677 5388 5096 5118 5348 5606 4971 4909 5656 5529 5024 5837 5394 5236 5217 5597 5365 5229 5696 5554 5249 5394 5120 5741 5395 4980 5218 5567 5369 5265 4992 5251 5425 5097 4855 5458 5056 5362 4998 5637 5972 5074 5519 5490 5114 5452 5148 5335 5526 5278 4749 5434 5199 5384 4824 5378 5261 5422 5414 4913 5449 5192 5251 5114 5420 5849 5183 5254 5213 5548 5139 5116 4934 5586 5187 5228 5082 5136 
4752 5254 4828 5622 5520 5047 4986 5054 4943 5199 5083 5284 5211 5306 4889 5167 4458 4978 5552 4895 4767 4967 4741 5154 5017 4841 4932 4805 5365 5417 4805 5140 5098 5116 5361 5596 4692 5684 4965 4931 5016 4602 4748 5451 5119 5177 5205 4905 5181 4942 5003 4851 5368 5271 5117 5286 5406 4930 4856 4809 5329 5078 5232 5317 4920 5196 5176 5072 5543 5426 4795 5287 5188 4965 5059 5274 5252 5518 5004 5082 5114 5263 5306 4942 4930 4811 5082 5138 5194 4945 5172 5081 5015 5362 4870 5307 5237 5294 4931 4855 5344 5387 5300 4914 4774 4590 5148 4839 5143 5104 5135 4819 5042 5356 5431 5587 5109 5041 4990 5233 5225 5234 5531 5027 5226 5288 5096 4795 5142 5117 4835 4897 5024 4927 5465 4921 5019 5464 5087 5000 5115 4946 5458 5167 5212 5084 4763 5407 5072 5268 5339 5266 4759 5002 4999 5234 4997 5088 5209 5000 5208 5451 5460 5757 4745 5166 5124 5142 5147 4929 5233 5141 4850 5071 5193 5496 4862 4968 5700 5287 4841 4747 5280 5429 5054 4906 5507 5224 4913 5392 5231 4977 5136 5214 5302 4990 5320 5339 4957 5276 5448 5367 5362 4837 5015 5275 4893 4973 4909 5114 5372 5109 4900 5408 4703 5245 4917 5526 5607 4859 5019 5212 5060 5024 4846 4941 5249 4919 4558 5172 5099 4915 4622 5104 5116 5140 5251 4808 5287 5298 5115 5189 5295 5555 4878 5182 4940 5280 5101 5085 4826 5458 5091 4902 5010 5036 
5135 5167 5169 5470 5494 5041 5203 5239 5232 5454 5278 5477 5319 5318 4843 5143 4778 4895 5528 5116 4669 4766 5136 5255 5146 5224 4929 5075 5211 5700 5100 5285 5202 5420 5346 5644 4675 5856 5234 5062 4924 4828 5022 5627 5199 4974 5304 5337 5061 4970 5078 5006 5478 5521 5324 5662 5511 5150 5029 4865 5465 5425 5035 5384 4969 5437 5183 5220 5659 5408 4733 5558 5091 5186 5369 5424 5219 5183 5091 5019 5412 5128 5598 5081 5067 4705 5316 5204 5137 5077 5430 5203 5312 5216 4851 5468 5421 5515 5184 5006 5153 5358 5195 5292 5262 4857 5414 4797 5237 5398 5127 4975 5228 5553 5552 5906 4969 5136 5246 4931 5112 5474 5696 4886 5057 5426 5063 4798 5412 5336 4908 5079 5325 4924 5205 5128 5182 5521 5396 4942 5232 5207 5387 5505 5307 5120 4820 5521 5204 5352 5332 5499 5265 4919 5244 5260 5182 5169 5196 5291 5189 5311 5600 5478 4475 5174 5405 5293 5217 5021 5283 5344 5034 5264 5103 5364 5293 4951 5653 5253 4898 5086 5272 5915 5373 4886 5399 5431 4760 5604 5469 5370 5262 5224 5142 5224 5712 5344 5153 5401 5497 5441 5409 5020 4969 5393 5109 5072 5161 5237 5282 4985 5166 5516 4773 5379 5104 5606 6013 5077 5134 5193 5006 5400 5067 5046 5685 4955 4919 5446 4973 5024 4961 5393 5444 5372 5431 4911 5212 5359 5255 5534 5285 5593 5074 5220 5025 5342 5139 5021 4952 5714 5367 5168 5292 4973 
5163 4965 4981 5488 5495 4870 5165 5276 5299 5428 5158 5326 5350 5480 4846 4946 4748 5153 5454 4787 4987 4702 4700 5127 5007 5238 4605 5085 5527 5327 5316 5383 5258 5227 5346 5729 4676 5979 5078 5102 4680 4878 4846 5664 4985 4983 5466 5126 5163 5023 5242 4722 5574 5205 5230 5611 5459 5188 5273 5333 5439 5096 5177 5289 4908 5461 5054 5174 5611 5034 4935 5458 5100 5349 5018 5369 5285 5226 5103 5038 5164 5163 5617 5285 5198 4881 5141 5340 5039 4922 5585 5335 5299 5330 4995 5685 5393 5278 5065 5035 5280 5348 5260 5010 5051 4736 5478 5004 5210 4889 5400 4879 5336 5424 5347 5782 5453 5392 5144 5227 5244 5157 5746 4805 5202 5141 4880 4772 5328 5400 4990 4974 5145 4992 5255 5219 5277 5500 5400 5322 5133 5130 5154 5230 5118 4860 4908 5629 5262 5532 5536 5617 4966 4893 5384 5421 5034 5092 4945 4997 5265 5081 5571 5599 4832 5581 5263 5278 5379 5101 5255 5557 5080 5369 5129 5506 5136 4984 5778 5467 5141 4841 5388 5431 5240 5015 5294 5623 5234 5356 5241 5280 5235 5375 4996 5002 5540 5556 5256 5452 5290 5236 4987 5179 4778 5312 5276 4978 4962 5259 5178 4943 5253 5379 4883 5392 5153 5529 5680 4968 4890 5647 5122 5251 5247 4938 5585 5092 4847 5180 5284 5133 4853 5536 5286 5372 5131 4858 5244 5384 5265 5148 5085 5894 5253 5034 5175 5433 4881 5012 5054 5513 4980 5100 5183 5116 
5081 5205 5142 5728 5422 5260 5640 5351 5271 5794 5210 5555 5503 5810 4996 5442 4976 5251 5691 5441 4913 4855 5121 5432 5244 5486 4952 5412 5796 5627 5567 5411 5586 5649 5870 5655 5035 6209 5298 5316 5079 5053 5093 5691 5395 5553 5606 5205 5460 5362 5163 4915 5516 5860 5693 6069 5534 5247 5168 5423 5512 5260 5098 5231 4988 5780 5403 5138 5928 5402 5310 5482 5133 5482 5419 5704 5442 5483 5136 5363 5538 5218 5832 5206 5404 4933 5353 5469 5543 5192 5625 5363 5423 5436 5034 5933 5685 5340 5306 5130 5181 5622 5349 5389 5257 4846 5543 5159 5534 5422 5102 5122 5794 5640 5607 6334 5942 5425 5287 5145 5218 5736 5912 5173 5480 5380 4958 5058 5451 5640 5249 5352 5668 5064 5481 5465 5459 5904 5383 5355 5445 5293 5635 5623 5520 5457 5241 5672 5490 5657 5527 5660 5109 5147 5391 5459 5130 5625 5349 5382 5316 5686 5821 5953 4971 5495 5414 5358 5538 5172 5375 5388 5105 5532 5637 5694 5433 5153 5822 5461 5430 5325 5369 5684 5349 5231 5547 5729 4887 5723 5654 5715 5350 5434 5257 5264 6036 5913 5445 5569 5548 5733 5562 5205 4902 5449 5549 5175 5191 5367 5598 5266 5254 5733 4915 5500 5137 5456 5867 5397 5535 5678 5274 5658 5321 5461 5654 5144 5117 5643 5171 5414 5234 5740 5429 5717 5523 5146 5520 5703 5363 5262 5152 5804 5650 5414 5432 5363 5193 5453 5352 5535 5597 5420 5545 5377 
5329 5301 5266 5808 5992 5160 5362 5295 5433 5722 5029 5731 5605 5653 5169 5138 4931 5410 5691 5022 5086 4844 5251 5488 4997 5223 5061 5467 5423 5856 5355 5817 5411 5620 5735 5817 5160 5971 5383 5006 5018 4901 4989 5870 5362 5333 5617 5268 5413 5420 5289 5109 5747 5440 5491 5722 5617 5622 5033 4950 5559 5542 5291 5365 5327 5668 5347 5386 6269 5686 5178 5588 5055 5211 5374 5682 5581 5257 5475 5017 5445 5547 5758 5411 5466 4816 5057 5435 5473 5352 5902 5495 5592 5397 5032 5586 5458 5258 5409 5159 5245 5735 5167 5499 5389 5025 5510 5209 5179 5249 5451 5295 5344 5650 5660 6113 5210 5473 5353 5177 5501 5504 6067 5114 5081 5434 5182 5210 5409 5420 5334 5111 5518 5276 5274 5361 5142 5671 5456 5298 5585 5357 5536 5555 5349 5377 5354 5948 5394 5442 5752 5484 4950 5277 5284 5413 5464 5690 5504 5486 5459 5321 5932 5880 4932 5685 5645 5551 5724 5245 5259 5393 5257 5637 5158 5608 5300 5323 6049 5569 5368 4971 5526 5728 5628 5172 5893 5633 5105 5635 5864 5371 5391 5519 5459 5509 5887 5658 5565 5396 5417 5695 5463 5378 5180 5458 5416 5391 5014 5329 5720 5207 5207 5517 5125 5261 5274 5602 5995 5072 5479 5788 5503 5490 5324 5348 5598 5246 4762 5652 5355 5275 4836 5684 5716 5601 5196 4965 5404 5681 5398 5732 5488 5756 5316 5495 5199 5528 5446 5135 5335 5676 5217 5379 5611 5193 
5015 5089 5032 5801 5117 5194 5039 5273 5237 5444 5225 5355 5576 5340 4866 5248 4773 4924 5420 5230 4801 4859 4971 5212 5120 5313 4723 5055 5331 5564 5194 4916 5122 5575 5335 5489 4851 5927 5192 5259 5016 4864 4850 5522 5103 5340 5097 5117 5458 5064 5087 4678 5567 5262 5516 5863 5493 5206 4962 5175 5402 5147 5051 5014 5019 5501 5208 4932 5598 5395 4977 5491 5009 5362 5145 5391 5343 5120 4937 4896 5535 5379 5305 4908 5194 4527 5138 5181 5234 5227 5569 5168 5089 5132 4795 5658 5172 5230 5317 4992 4949 5604 4983 4991 5144 4731 5335 4827 5370 5406 5070 5124 5550 5481 5412 5956 5375 5281 5168 5011 5070 5377 5657 4642 5029 5114 5135 5037 5190 5452 5213 4937 5295 4938 5564 4808 5166 5703 5037 5338 5091 5015 5606 5452 5639 5174 5032 5533 5245 5229 5367 5386 4914 5039 5263 5137 4992 5294 5410 5281 5272 5210 5576 5468 4782 5315 5337 5187 5432 4893 5185 5232 5132 5166 5008 5651 5054 5143 5699 5159 5072 4993 5269 5411 5518 4853 5868 5555 5037 5599 5337 5384 5192 5233 5281 5001 5736 5469 5341 5409 5531 5535 5264 4991 5185 5499 5152 4989 4871 4992 5185 5234 4943 5523 5018 5218 4875 5539 5816 5267 5358 5190 4870 5155 5227 5040 5585 5204 4812 5468 4928 5190 4816 5494 5224 5574 5160 4618 5433 5403 5283 5037 5072 5824 5248 5296 5070 5373 5166 5140 4995 5049 5039 5069 4861 5132 
4840 4756 4775 5271 4996 4781 5210 4848 4955 5021 4856 5265 5123 5058 4736 5045 4294 4838 5181 4727 4420 4761 4780 4932 4859 4794 4806 4780 5110 5248 4732 5324 4933 4831 5087 4915 4652 5396 5164 4872 4447 4414 4641 5313 4769 5027 5285 4784 4955 4777 4899 4614 5078 5322 5250 5155 5220 4994 4754 4786 4934 4856 5095 4623 4714 5131 5047 4780 5346 5034 4844 5293 4684 5008 4954 5181 5069 4831 4876 5003 4918 4632 5309 4946 4713 4712 4934 5168 4837 4998 5136 5078 4847 4864 4539 5291 5132 4898 4785 4539 4718 5352 5254 4843 4936 4684 5213 4899 5217 4791 4948 4904 5105 5065 5045 5566 4961 4969 4981 4742 4833 5197 5522 4732 4723 4700 4730 4515 4905 5039 4557 4793 5122 4650 5046 5067 5115 5341 5185 4897 4823 4960 5067 5149 5017 4903 4700 5214 4871 5015 5019 5012 4629 4684 4818 4772 4687 4623 4812 4674 4874 5126 5278 5580 4434 4987 5082 4753 4853 4722 4977 4744 4843 5125 4908 5368 4700 4689 5164 5049 4690 4563 5205 5036 4963 4718 5291 5018 4482 5175 5322 5056 4995 5004 5060 5003 5154 5102 4921 5021 5144 5132 5176 4642 4735 5163 4950 4862 4583 5149 5151 5039 4737 5072 4846 5068 4786 5332 5299 5051 5163 5180 4879 5172 4879 4863 5303 4849 4555 5176 4872 5058 4608 4932 5048 4947 5018 4743 4993 5066 4913 4820 4901 5429 4821 5208 5005 5313 4478 4880 4614 5085 4629 4731 4840 4789 
5092 5138 5042 5772 5539 5044 5436 5377 5379 5345 5221 5539 5580 5231 5182 5072 4711 5115 5736 5310 4695 5088 5138 5303 5314 5283 4881 5175 5441 5325 5092 5476 5135 5426 5629 5427 5034 5869 5568 4970 4949 4725 5154 5526 5077 5109 5382 5292 5220 5127 5062 4946 5550 5384 5605 5599 5317 5254 5316 5218 5582 5255 5105 5011 5096 5399 4933 5152 5912 5173 4828 5316 5172 5296 5144 5453 5616 5429 5061 4848 5286 5194 5509 5065 5138 4805 5059 5219 5245 5282 5590 5195 5131 5110 4984 5592 5454 5385 5177 4932 5383 5349 5321 5061 5025 4804 5608 4876 5297 5262 5193 5071 5476 5243 5341 5928 5466 5330 5296 5266 5327 5352 5790 4958 5159 5290 5267 4920 5303 5297 5025 5073 5391 5042 5412 5335 5139 5551 5099 5110 5479 5124 5475 5584 5421 5488 5243 5494 5117 5239 5581 5414 5268 5151 5070 5301 5237 5398 5189 5124 5393 5241 5470 5707 4824 5432 5371 5391 5542 4967 5415 5512 5296 5329 5326 5652 5213 5142 5896 5305 5592 5101 5148 5423 5248 4911 5690 5442 5253 5472 5489 5302 5389 5355 5443 5160 5511 5353 5064 5397 5341 5346 5652 5186 5056 5303 5187 5182 4727 5114 5446 5097 5116 5316 5021 5165 4994 5514 5794 4985 5359 5631 5280 5014 5125 5218 5582 5014 4762 5444 4978 5342 4822 5676 5294 5386 5111 5079 5172 5375 5247 5085 5103 5627 5100 5372 5282 5309 5000 4910 5251 5455 5187 5273 5033 4953 
4985 5122 5179 5680 5558 5598 5522 5198 5416 5518 5203 5676 5534 5519 4955 5193 4834 5151 5840 5277 5199 4924 5247 5226 5210 5388 5094 5046 5639 5816 5182 5711 5447 5650 5572 5597 4769 6052 5406 5039 5174 5036 5072 5868 5227 5384 5358 5306 5458 5289 5104 5100 5674 5464 5579 5971 5814 5275 5258 5197 5716 5341 5423 5189 5411 5617 5262 5374 5685 5488 4847 5592 5244 5450 5058 5424 5385 5555 5260 5211 5408 5462 5543 5240 5358 4888 5171 5387 5362 5338 5672 5322 5224 5520 5211 5612 5376 5473 5392 4859 5321 5599 5298 5176 5306 4907 5668 4898 5502 5458 5214 5140 5351 5713 5613 5768 5563 5359 5240 5203 5199 5704 5773 5476 5268 5362 5353 4833 5497 5441 5350 5200 5358 5084 5458 5110 5437 5622 5359 5338 5231 5287 5427 5433 5567 5334 5164 5520 5208 5527 5658 5277 5136 5256 5555 5313 5239 5435 5564 5479 5707 5433 6009 5543 4782 5543 5422 5063 5612 5238 5591 5407 5290 5363 5406 5790 5220 5050 5994 5514 5493 4907 5542 5419 5231 5246 5809 5459 5306 5749 5628 5360 5315 5656 5324 5319 5832 5730 5126 5400 5613 5467 5521 5347 5066 5507 5328 5396 5118 5210 5696 5377 5209 5532 4957 5321 5112 5651 6091 5300 5186 5368 5298 5150 5254 5134 5390 5050 4512 5472 4940 5393 4940 5142 5082 5433 5550 5079 5606 5676 5446 5442 5250 5812 5377 5554 5341 5488 5246 5100 5246 5407 5265 5509 5278 5293 
4944 5050 4977 5251 5325 5031 5119 5036 5068 5229 4782 5317 5264 5392 4933 5247 4791 4902 5469 5053 4717 4868 5111 5339 4918 5130 4829 5339 5196 5451 5006 5298 4972 5126 5430 5396 4806 5517 5288 4686 4724 4843 4823 5490 4962 4964 5249 4904 5271 4963 4983 4934 5590 5199 5617 5457 5376 4967 5063 4950 5322 5184 5329 5145 4962 5022 4993 5107 5504 5293 4730 5113 5033 5001 4807 5199 5084 5049 5102 4816 5035 5310 5396 5049 4759 4656 5067 5047 5018 5078 5617 5086 5144 4898 4743 5379 5334 5265 5266 5012 5350 5481 4882 4983 5082 4693 5069 4944 5253 4961 5083 4937 5430 5091 5034 5669 5431 5211 5033 5121 5322 5247 5580 4998 5037 5260 5002 4556 5264 5291 5225 4786 5271 4922 5093 5035 5159 5389 5274 4847 5225 5106 4978 5404 5314 5123 4730 5346 5061 5457 5294 5312 5012 4942 5133 5154 4757 5299 5052 5175 5369 5200 5650 5318 4654 5092 5381 5145 5382 4990 5258 5386 5315 5216 5102 5371 4975 4978 5495 5542 5059 4775 5227 5435 5330 5090 5488 5525 5109 5472 5608 4860 5308 5104 5146 4909 5833 5327 5006 5129 5211 5175 5530 5042 4842 5355 5263 5216 4866 4987 5337 4941 5089 5333 4849 5412 4530 5570 5579 4817 5100 5212 5149 5192 4972 5004 5401 5023 4857 5220 5005 5095 4467 5605 4901 5430 5130 5013 5162 5167 5235 5011 5021 5712 4908 5077 5081 5277 5090 4931 5322 5420 5129 5037 5230 4891 
4905 5276 5147 5753 5237 4851 5209 5108 5027 5401 4668 5237 5399 5175 4980 5096 4687 4672 5330 5090 4701 4683 4904 4920 5006 5152 4790 5169 5150 5374 4882 5079 5170 5182 5286 5138 5009 5588 5442 5084 4555 4979 4900 5416 5166 4913 5174 5093 5287 5242 4805 4950 5408 5301 5436 5497 5365 5149 4896 5011 5363 4924 4909 4986 5122 5341 5449 5069 5590 5039 4959 5309 5003 5204 5006 5291 5314 5196 5022 5084 5094 5011 5372 5044 5079 4958 5093 5144 5217 4858 5587 5209 5049 5154 4945 5153 5103 5281 5130 4990 5078 5557 5122 5030 4973 4840 5331 4593 5412 5062 4943 4939 5211 5268 5511 5562 5309 4931 4967 4884 5207 5333 5734 4705 4825 4952 4857 4759 5269 5484 4996 4954 5365 5133 5088 5152 4937 5261 4956 4944 5054 5035 5425 5386 5279 5036 4969 5236 5022 5400 5034 5209 4999 5020 4835 5227 4616 5064 5308 5244 5072 5177 5383 5645 4604 5339 5299 4793 5572 4755 5156 5064 4874 4966 4911 5259 4946 4781 5719 5196 4949 4573 5081 5331 5077 4769 5483 5173 4975 5305 5365 5174 5063 5024 4986 4841 5627 5401 4827 5283 5274 5134 5369 4749 4954 5184 5083 4920 5002 5093 5317 5124 4932 5252 4635 5045 5002 5351 5645 4874 5356 5204 4824 5250 5168 5055 5493 4776 4777 5528 5023 5193 4564 5064 5205 5398 5430 4902 4880 4978 4813 5298 5037 5309 5015 5249 5348 5125 4764 5007 4980 5161 4905 4938 5118 4672 
5263 5174 5090 5441 5569 4922 5312 5264 5049 5334 4927 5308 5408 5647 5083 5019 4868 4981 5721 4912 4856 5022 4880 5222 5198 5288 4873 5025 5170 5293 5190 5333 5536 5192 5455 5509 4703 5692 5055 5084 4891 4685 4880 5563 5148 5059 5345 5188 5041 5155 5062 4761 5554 5293 5129 5606 5401 5159 5369 5171 5418 5188 5256 5101 5000 5626 5086 4894 5974 5289 4729 5381 5138 5401 4925 5464 5463 5186 5181 5232 5182 5290 5319 4920 5035 4780 4740 5222 5172 4994 5250 5177 5204 5107 5064 5632 5209 5432 5146 4861 5249 5346 5040 5078 4850 4550 5409 4863 5434 5258 5047 4912 5383 5569 5457 5795 5303 5403 5199 5455 5168 5419 5759 5106 5079 5394 5164 4806 5400 5641 5123 5014 5200 4742 5470 5133 5298 5302 5130 5216 5290 5105 5461 5243 5324 5134 5081 5473 5269 5338 5512 5391 4943 5232 5117 5361 4952 5159 5203 5307 5299 5253 5742 5683 4738 5538 5399 5167 5395 4918 5159 5245 4981 5096 5323 5947 5044 4906 5894 5563 5229 4975 5348 5544 5223 5083 5566 5035 5048 5604 5308 5080 5359 5245 5198 4987 5785 5533 5001 5584 5269 5489 5164 5064 4770 5296 5182 4969 5037 5211 5297 5145 5159 5479 4817 5450 5068 5320 5843 4857 5105 5257 5099 5156 5213 4782 5339 4998 4679 5253 5144 4974 4771 5383 5188 5474 5270 4985 5150 5347 5269 5142 5093 5755 5162 5062 4971 5297 4958 4855 4997 5543 5195 5413 5016 5029 
5051 4921 4860 5594 5287 5220 5056 5368 5153 5303 5216 5120 5320 5048 4784 5034 4700 4829 5303 5063 4626 4711 4775 4711 4873 5042 4687 4963 5197 5317 4769 5159 5226 5124 5240 5296 4955 5462 5229 5116 4689 4667 4716 5096 4913 5199 5181 5136 4876 5063 4946 4979 5242 5429 5315 5492 5229 5228 5044 5066 5429 5161 4947 4958 4771 5054 5081 4918 5633 5209 4864 5545 4938 5146 5218 5588 5178 5015 4853 4650 4853 5128 5520 5039 4988 4865 4932 5069 4999 4972 5405 5370 4978 5133 4785 5530 5354 5046 4995 4941 5086 5515 5093 5011 4967 4704 5263 4855 5169 5279 5055 4890 5144 5142 5397 5699 5242 5036 5146 4995 5200 5212 5652 4806 4679 5178 4998 4709 5315 5199 4922 4973 5047 4756 5043 5018 5174 5525 5121 5098 5109 5063 4996 5448 5291 4943 4726 5281 5001 4979 5025 4907 4943 5025 4899 5157 5055 4955 5172 5149 5121 5045 5578 5460 4628 5179 5312 5024 5412 4664 5083 5173 4976 5045 5146 5617 5056 5094 5675 5245 4989 4886 5191 5468 5007 5003 5571 5301 4712 5322 5032 4994 5169 4983 5090 5061 5446 5391 5048 5460 5269 5311 5232 4824 4915 5061 5013 4983 4652 5077 5342 5106 5096 5341 4869 5140 4954 5315 5869 4964 5089 5086 4956 5061 5060 4978 5497 4906 4626 5227 4896 4980 4796 5114 5179 5243 5142 4789 5222 5253 5050 5106 5015 5810 5314 5263 4875 5211 4846 5067 5014 5185 5038 5285 4977 5055 
5363 4994 5001 5786 5394 5178 5255 4916 5405 5415 5040 5443 5292 5243 5163 5236 4710 5295 5730 5159 4870 5073 5090 5223 5032 4995 4956 5188 5385 5296 5004 5218 5557 5384 5444 5542 4826 5887 5326 5100 4807 4975 4724 5568 5161 5457 5312 5118 5183 5305 5244 4834 5604 5205 5751 5417 5238 5285 5236 5238 5392 5236 5028 5146 5418 5305 5345 5000 5754 5337 4923 5256 5256 5174 5065 5366 5402 4959 5263 4941 5432 5269 5466 5082 5310 4569 5057 5080 5341 5112 5689 5071 5489 5177 4902 5372 5087 5563 5136 5128 5097 5396 5284 5065 5005 4640 5587 4889 5495 5346 5160 4830 5328 5503 5338 5827 5440 5122 5151 5092 5272 5629 5782 4928 5114 5211 5265 4756 5268 5613 4945 5083 5346 5019 5314 5032 4935 5699 5179 5217 5476 4931 5165 5275 5386 5285 5195 5582 5332 5119 5741 5144 5138 5179 5202 4987 5315 5458 5203 5270 5213 5296 5600 5557 4617 5350 5265 5134 5496 4734 5272 5232 5128 5322 5003 5648 5103 5306 5735 5271 5127 4979 5168 5517 5249 5042 5522 5347 5204 5607 5456 5170 5247 5446 5063 5023 5696 5379 5124 5480 5288 5646 5318 4904 5100 5503 5366 5179 5100 5288 5426 5256 5119 5319 4972 5599 5240 5751 5849 5049 5053 5257 5370 5187 5279 5275 5357 5187 4589 5447 5245 5189 4495 5043 5229 5304 5162 4962 5147 5409 5208 5490 5092 5706 5187 5353 5110 5453 5061 4942 5201 5436 5115 5178 5147 4996 
4902 5048 5200 5787 5502 4989 5204 5102 5318 5293 5051 5467 5258 5100 4726 4986 4665 4982 5343 5095 4718 4812 4863 5010 4908 5137 4850 4967 5191 5666 5001 5362 5171 5508 5477 5372 4726 5748 5357 5048 4959 4719 4901 5413 5320 5215 5082 5095 5082 4816 5117 5007 5312 5586 5305 5771 5632 5256 5020 5199 5399 5067 4964 5106 4973 5357 5146 5009 5757 5340 4762 5212 4971 4976 5013 5314 5280 4981 4898 5025 5175 5143 5375 4824 5060 4851 5060 5208 5185 5018 5355 4909 5274 5300 5155 5381 5240 5334 5085 4926 5138 5333 5225 4932 5003 4621 5395 4844 4987 5169 5008 4989 5043 5394 5434 5524 5304 5139 5258 4995 5040 5372 5673 4885 5066 5325 5061 4823 5113 5297 4983 5135 5341 4929 5386 5073 5010 5462 5291 5006 5345 5149 5605 5234 5365 5171 5149 5284 5012 5363 5450 5171 5000 4981 5186 5234 4763 5120 5461 5418 5090 5214 5578 5668 4819 5425 5223 5163 5410 5056 5224 5350 5166 5044 5276 5434 4941 5039 5745 5247 5305 4996 5092 5435 5062 4549 5506 5351 5125 5560 5324 5370 5070 5028 4999 5049 5655 5282 5021 5250 5313 5509 5211 4804 5072 5355 5155 5057 5107 5132 5217 5195 5260 5251 4788 5418 4890 5639 5589 5103 5038 5255 5298 5142 5110 5045 5419 4830 4595 5328 5007 5172 4782 5263 5000 5471 5331 5116 5194 5416 5152 5261 5110 5490 5240 5208 5072 5338 4932 4952 4954 5492 5254 4991 5209 5215 
5124 5446 5098 5847 5716 5282 5312 5434 5402 5671 5066 5659 5487 5647 5156 5229 4740 4847 5836 4987 4817 5077 5255 5445 4975 5392 4901 5060 5568 5859 5331 5321 5482 5672 5490 5796 5181 6176 5309 5225 4939 4905 5307 5593 5431 5206 5409 5243 5399 5455 5355 4974 5677 5617 5743 5618 5453 5163 5360 5129 5579 5444 5293 5049 5373 5639 5208 4935 5863 5485 4889 5659 5360 5244 5230 5591 5435 5487 5340 5193 5550 5444 5496 5298 5306 4792 5399 5338 5532 5350 5516 5273 5452 5355 5318 5600 5352 5692 5134 5096 5491 5608 5073 5327 5082 4690 5457 4917 5458 5455 5256 5059 5410 5757 5681 6230 5400 5295 5304 5255 5234 5460 5808 5009 5346 5390 5348 4734 5575 5590 4894 5217 5549 5015 5392 5069 5219 5752 5301 5269 5315 5281 5354 5489 5429 5314 5201 5573 5419 5379 5812 5707 5187 5320 5228 5369 5269 5441 5506 5407 5550 5161 5840 5865 5154 5438 5682 5287 5541 5108 5311 5108 4983 5315 5420 5910 5282 5218 5748 5416 5123 5282 5551 5889 5335 5108 5475 5670 5281 5649 5486 5420 5258 5571 5641 5149 5535 5655 5157 5439 5509 5607 5548 5133 4976 5402 5345 5040 5245 5182 5517 5328 5136 5403 4884 5222 5377 5594 5897 5072 5403 5588 5169 5417 5229 5270 5591 4991 4865 5497 5254 5399 4895 5246 5655 5573 5519 4748 5510 5471 5339 5347 5242 5749 5359 5550 5121 5941 5312 5088 5113 5339 5217 5154 5240 5132 
5165 5462 5267 5972 5767 5540 5156 5280 5283 5288 5126 5568 5545 5665 4979 5564 4895 5562 5617 5179 5050 5170 5195 5337 5399 5317 5139 5507 5537 5694 4978 5490 5428 5469 5675 5716 5142 5764 5139 5377 4857 5067 5288 5643 5413 5294 5568 5429 5473 5224 5228 5106 5740 5523 5472 5679 5516 5339 5412 5077 5651 5330 5244 5598 5366 5434 5494 5085 5605 5606 5177 5769 5157 5426 5404 5496 5410 5577 5450 5128 5401 5562 5798 5316 5414 4962 5255 5384 5425 5339 5438 5111 5140 5538 5236 5914 5631 5584 5570 5200 5818 5782 5421 5233 5273 5131 5637 4923 5451 5438 5337 5240 5310 5787 5719 6080 5705 5659 5198 5565 5656 5509 5934 5113 5157 5502 5188 5219 5559 5565 5253 5318 5299 5164 5542 5399 5248 5790 5525 5636 5441 5124 5583 5676 5607 5404 5072 5886 5432 5426 5483 5305 5187 5282 5132 5401 5381 5423 5684 5439 5384 5630 5958 5885 5002 5382 5430 5281 5666 5128 5620 5395 5102 5418 5105 5746 5250 5342 6008 5444 5248 5011 5328 5601 5299 5384 5703 5750 5164 5577 5728 5381 5104 5582 5200 5242 5569 5336 5416 5499 5537 5624 5551 5296 5054 5808 5196 5272 5150 5158 5673 5232 5612 5744 5015 5422 5215 5655 5839 5304 5537 5644 5345 5566 5626 5465 5801 4998 5215 5592 5629 5290 5022 5749 5470 5682 5375 5201 5445 5656 5397 5510 5420 5622 5140 5352 5312 5884 5249 5293 5148 5807 5190 5215 5219 5034 
5051 4821 4949 5622 5458 5067 4994 5052 4927 5595 4939 5250 5252 4939 4984 4833 4770 5055 5321 5024 4690 4694 5114 5145 5134 5141 4654 4962 5175 5380 5031 5275 5417 5283 5470 5395 4954 5858 5038 5200 4562 4793 4917 5353 4925 5103 5174 5155 5208 5050 4952 4735 5439 5399 5151 5649 5312 5096 5032 4961 5263 5253 4951 5123 4923 5475 5236 4867 5947 5140 4967 5502 4892 5115 5111 5300 5060 4992 4837 4944 5217 5155 5454 5100 5091 4892 5150 5112 4900 5169 5720 4951 5301 5243 4792 5556 5053 5106 5187 4796 5014 5539 5206 5296 5348 4866 5169 4982 5264 5049 5195 4866 5185 5315 5232 5527 5459 5104 4975 4828 5200 5204 5863 5049 4762 5024 4821 4770 5314 5499 5152 5222 5013 4977 4858 5195 4912 5436 4956 5344 5198 4900 5195 5462 5222 4949 4994 5235 5089 5427 5171 5167 4900 5253 5144 4865 4868 5243 5395 5220 5427 4880 5628 5531 4465 5538 5279 5100 5362 4718 5062 5327 5025 5145 4962 5612 5003 5032 5846 5344 5147 4850 5103 5374 5228 4936 5524 5173 5166 5293 5286 4933 5173 5012 5049 5047 5704 5734 5195 5537 5306 5634 5146 5009 4793 5240 5058 5003 4969 5140 5286 5172 5014 5572 4802 5075 4864 5608 5798 4875 5073 5365 4986 5284 5148 5032 5487 5197 4591 5375 5230 4918 4758 5096 5106 5383 5235 4774 5318 5470 4995 5188 5036 5612 5304 5255 5013 5315 4931 4734 5019 5403 4965 5270 5046 4824 
5610 5424 5477 6213 5882 5436 5310 5345 5578 5726 5454 5533 5882 5646 5132 5577 5098 5534 5824 5632 5043 5255 5103 5319 5386 5338 5404 5346 5636 5606 5314 5460 5614 5784 5863 5824 4987 6027 5582 5310 4937 4998 5081 5812 5415 5355 5500 5274 5590 5320 5229 5301 5817 5490 5667 5873 5995 5226 5376 5165 6029 5385 5358 5420 5422 5790 5379 5413 6095 5614 5282 5494 5449 5275 5318 5520 5463 5408 5333 5181 5536 5303 5753 5057 5317 5011 5357 5362 5493 5296 6160 5622 5616 5812 5204 5820 5807 5540 5584 5227 5629 5984 5683 5292 5102 5109 5432 5250 5675 5441 5284 5223 6062 5667 5498 6376 5678 5586 5673 5143 5526 5762 6143 5180 5325 5427 5407 4802 5468 5525 5365 5260 5563 5517 5641 5308 5297 5879 5267 5539 5506 5380 5610 5646 5749 5544 5290 5720 5586 5593 5650 5566 5405 5256 5431 5419 5335 5567 5602 5453 5386 5429 5998 5855 4994 5752 5625 5432 5650 5359 5584 5375 5480 5641 5522 5781 5439 5175 5703 5477 5452 5185 5615 5815 5519 5099 5777 5531 5307 5733 5614 5366 5350 5500 5759 5335 5777 5525 5334 5586 5517 5674 5413 5380 5163 5579 5291 5143 5344 5639 5674 5382 5284 5980 5157 5530 5355 5737 6056 5425 5312 5673 5381 5730 5356 5174 5627 5540 4900 5812 5328 5500 4969 5511 5580 5509 5317 5197 5464 5756 5486 5528 5362 5970 5768 5478 5334 5724 5113 5392 5548 5647 5596 5266 5258 5273 
5005 5436 4806 5831 5642 4948 4981 5377 5185 5322 4939 5441 5521 5383 4764 5142 4516 4952 5328 5000 4791 4580 4904 5060 4875 5122 4915 5058 4991 5583 5068 5154 5294 5450 5516 5373 5049 5892 5213 5159 4729 4806 5043 5269 5254 5318 5221 5205 5242 5163 5024 4834 5432 5244 5273 5662 5444 4886 5246 5003 5314 4970 5096 5147 5115 5355 5094 4937 5772 5189 4875 5264 5202 5060 4921 5349 4884 5197 5039 5103 5381 5053 5436 5110 5243 4471 5152 5225 5204 4966 5541 4976 5216 5356 4973 5515 5385 5470 5179 4700 5156 5533 5348 5205 5119 4717 5313 4743 5089 5277 5187 4918 5149 5371 5615 5831 5499 4874 4989 5192 5469 5284 5797 4703 5165 5268 5055 4813 5089 5518 5132 5080 5109 4943 5363 5017 4959 5571 5028 5149 5290 5169 5189 5503 5297 5250 4907 5488 5383 5193 5525 5367 5022 5035 4846 4996 4983 4851 5175 5438 5138 5131 5596 5618 4748 5394 5367 5108 5322 5090 5081 5349 4949 5391 5265 5552 5089 4912 5798 5311 5334 5050 5263 5459 5270 4808 5530 5323 4808 5399 5341 5411 5083 5147 5503 4995 5606 5375 5439 5451 5321 5286 5122 5093 4908 5363 5296 4964 5069 4988 5344 5017 4912 5417 4630 5380 4980 5544 5792 4902 5045 5400 5140 5191 4918 4938 5505 4885 4651 5041 4950 5050 4581 5221 5060 5268 5199 4782 5274 5452 5222 5362 5163 5472 5216 5337 5317 5160 4957 4953 5099 5590 5378 5013 5037 4815 
4234 4454 4293 4356 4729 4365 4533 4072 4454 4576 4307 4562 4480 4098 4194 4368 4081 4374 4659 4225 4025 3983 4368 4391 4435 4319 4125 4503 4658 4598 4330 4591 4609 4647 4635 4634 4343 4900 4493 4284 3932 4149 4409 4741 4341 4552 4378 4392 4259 4281 4553 4063 4418 4799 4697 4941 4719 3998 4210 4418 4452 4375 4111 4232 4350 4735 4264 4411 4942 4719 4149 4424 4359 4375 4096 4639 4391 4318 4360 4396 4506 4719 4724 4450 4203 4016 4386 4672 4365 4253 4675 4486 4277 4470 4224 4761 4833 4687 4451 4152 4367 4590 4651 4199 4207 4220 4401 4132 4571 4539 4507 4324 4350 4626 4517 4755 4570 4247 4285 4258 4355 4606 4870 4239 4280 4440 4427 4002 4582 4489 4474 4440 4443 4254 4533 4341 4500 4537 4285 4284 4134 4481 4516 4534 4484 4286 4310 4698 4252 4719 4508 4521 4260 4375 4615 4574 4326 4284 4414 4358 4714 4396 4637 4814 4015 4659 4381 4478 4806 4119 4694 4584 4221 4406 4558 4680 4271 4311 4804 4300 4371 4219 4634 4697 4246 4461 4588 4849 4179 4779 4369 4406 4456 4478 4455 4373 4694 4499 4418 4463 4792 4497 4423 4210 4319 4455 4206 4559 4055 4348 4519 4295 4125 4670 4049 4406 4213 4509 4693 4351 4496 4667 4503 4550 4344 4506 4741 4365 4080 4644 4263 4622 4063 4633 4614 4448 4379 4388 4284 4501 4470 4619 4231 4849 4474 4468 4321 4307 4207 4082 4510 4541 4091 4413 4277 4103 
4533 4569 4427 5089 5122 4512 4624 4676 4836 4830 4554 4883 4863 4888 4653 4633 4318 4812 4947 4652 4447 4281 4633 4728 4506 4626 4757 4810 4938 5163 4689 4853 4915 4679 4740 5095 4358 5219 4779 4813 4389 4402 4468 5016 4811 4888 4812 4607 4719 4583 4815 4424 5016 5108 4912 5147 5045 4808 4688 4412 4898 4627 4533 4688 4648 4950 4686 4755 5433 4871 4433 4926 4665 4453 4618 4990 4847 4500 4537 4496 4879 4889 5094 4704 4822 4240 4693 4676 4540 4724 5241 4902 4697 4627 4480 4891 4800 4885 4674 4496 4865 5142 4902 4930 4808 4265 4907 4703 4773 4558 4897 4587 4951 4960 4906 5383 4834 4656 4639 4731 4841 5040 5124 4732 4690 4726 4469 4179 4861 5084 4576 4545 4741 4429 4695 4743 4584 5064 4822 4596 4634 4749 5160 4862 5025 4675 4820 5023 4773 4881 5050 4755 4392 4778 4843 4788 4578 4990 4612 4666 4810 4901 5358 5096 4225 4923 4917 4869 4956 4487 4578 4861 4453 4942 4555 5102 4447 4657 5252 4794 4678 4432 5040 5076 4927 4720 4865 4975 4593 5011 4766 4564 4742 4725 4716 4693 5323 5156 4787 5083 4933 4887 4743 4332 4421 4895 4813 4519 4610 4826 4925 4536 4425 4897 4474 4880 4483 4997 5141 4491 4982 5073 4853 4796 4849 4759 5118 4745 4475 4985 4798 4658 4207 4930 4841 4886 4921 4608 4543 5014 4705 4625 4755 5371 4777 4841 4695 4668 4495 4336 4597 4998 4441 4590 4648 4363 
5129 4896 4963 5628 5529 4992 5278 5096 5143 5401 5046 5133 5088 5197 4885 5011 4738 5078 5380 5013 4847 4793 5129 4970 5177 5169 4915 4993 5128 5215 4887 5347 5045 5341 5493 5525 4851 5867 5124 5056 4798 4919 5009 5325 4967 5139 5347 4937 5129 5247 5077 4688 5519 5279 5621 5478 5252 4982 5159 4909 5245 5047 4812 4916 5044 5407 5305 4776 5568 5312 4727 5346 4856 5081 5009 5389 5073 4860 5118 4928 5328 5302 5230 4887 4883 4743 5046 5254 5131 5043 5576 5129 5331 5171 4744 5318 5428 5376 5182 4859 4917 5675 5025 5024 4830 4503 4973 4645 5034 5186 5024 4974 5272 5234 5613 5791 5603 5008 5159 4952 5158 5418 5891 4927 5119 5063 4774 4777 5127 5198 4912 4952 5575 5079 4844 5000 4966 5487 5122 4724 5178 5207 5245 5364 5266 5154 4737 5267 5120 5049 5213 5326 4876 5034 5194 5023 5054 5038 5401 5146 5165 5303 5654 5784 4781 5165 5243 5022 5277 5033 5225 5265 5025 5305 5194 5382 5092 4878 5623 5061 5030 4761 5317 5574 5101 4966 5507 5138 4885 5376 5276 5097 5381 5236 4842 5208 5697 5421 5126 5205 5261 5270 5313 4929 4648 5093 5217 5146 5056 5379 5381 4974 4821 5255 4639 5008 4955 5503 5665 4860 5073 4992 4982 5013 4979 5003 5199 5127 4652 5203 5175 4937 4519 5269 5261 5174 5134 5034 5116 5461 5147 4973 5283 5587 5126 5161 5044 5262 5034 4984 5381 5368 4979 5019 5101 4879 
4763 5168 4778 5367 5501 4785 4828 4962 4870 4941 5170 5062 5231 5219 5098 5025 4238 5136 5286 4978 4600 4752 4692 4804 4795 5063 5049 4655 4922 5391 4814 5351 5167 5053 5532 5481 4849 5570 5118 4782 4464 4600 4800 5026 5282 5023 4989 4852 4895 5178 4812 4600 5128 5059 5036 5108 5437 4873 4913 4757 5335 4958 5171 4836 5129 5283 5122 5074 5575 5230 4582 5259 4905 4986 4851 5297 4858 5070 4927 4604 4919 5136 5111 4829 5031 4597 4798 5159 5116 4881 5312 5055 5203 5263 4778 5345 5200 5096 5133 4438 5336 5339 4770 4642 4807 4516 5067 4862 5188 5026 5019 4769 4983 5189 5365 5554 5080 4985 4924 4983 5071 4962 5583 4821 4912 4752 4911 4513 5110 5026 4623 4839 5118 4905 5116 4988 4968 5286 5073 5073 5135 4957 5058 5151 5098 5202 4740 5419 4920 5159 5256 5079 4667 4915 4806 4880 4709 4743 5031 5072 5100 4998 5503 5557 4734 5024 4985 5073 5017 4722 4965 4931 4861 5096 4952 5283 4967 4785 5496 4986 4957 4734 5269 5070 4926 4795 5567 5028 4735 5108 5228 5167 4931 5074 5097 4861 5239 5159 4827 5080 5224 5109 5078 4636 4920 5340 4813 5019 4681 4910 5361 5075 4892 5192 4551 4935 4859 5252 5599 4987 4679 5349 5044 4928 4968 4781 5132 4649 4345 5030 4848 4812 4500 5130 5203 5275 4881 4828 5098 5335 4981 4857 4876 5425 5141 5098 5066 5214 4704 4837 5015 5530 4992 4920 5054 4645 
5181 4874 5019 5637 5235 5115 5071 5165 5107 5237 4634 5334 5356 5326 4942 5020 4563 4788 5512 4977 4655 4696 5106 4988 5166 5139 4967 5262 5367 5540 4916 5330 5340 5303 5312 5201 4713 5738 5237 4894 4687 4899 5089 5512 5026 5049 5341 4847 5187 4950 5204 4977 5392 5420 5373 5748 5372 5108 5056 5007 5151 5294 5130 5069 4773 5337 5350 5130 5436 5322 4705 5452 5073 5102 5327 5139 5360 5089 5015 4979 5036 5109 5357 5262 5065 4602 5077 5196 5090 5058 5496 4996 5130 5263 4811 5436 5102 5231 5323 4909 4905 5469 5197 4976 4911 4750 5314 4777 5127 5113 4957 5003 5335 5481 5286 5609 5373 5001 5165 5011 5105 5407 5812 4750 5063 4915 4944 4665 5264 5569 4861 5017 5213 5034 5258 5161 5124 5456 5266 5253 5069 5151 5185 5329 5321 5045 4869 5320 5216 5439 5275 5097 4918 5127 5234 5165 5027 4897 5307 5170 5105 5292 5653 5456 4651 5490 5351 5043 4947 4840 5397 5161 5059 5012 5009 5161 4872 4836 5573 5168 5011 4867 5026 5548 4951 4792 5474 5344 4948 5310 5234 5064 5005 5163 5130 4787 5655 5377 5184 5509 5157 5246 5292 4818 4704 5325 5224 5213 5255 4965 5289 5120 4813 5276 4611 5221 4897 5635 5528 4934 5313 5227 5288 5032 5128 5259 5442 5027 4493 5184 5320 5088 4553 5330 4972 5506 5143 5153 5037 5389 5204 5178 5088 5694 5140 5133 5223 5294 5095 5200 4927 5328 5077 5063 5055 4752 
5002 5471 5332 5923 5685 5242 5447 5346 5581 5586 5421 5663 5707 5905 5314 5384 4921 5344 5867 5405 5095 5139 5373 5344 5409 5855 4898 5464 5727 5560 5225 5595 5717 5613 5828 5844 5159 6172 5476 5423 4884 5299 5231 5431 5632 5506 5528 5415 5266 5309 5240 4949 5818 5713 5816 5883 5715 5355 5501 5431 5945 5313 5502 5433 5479 5665 5427 5348 6323 5709 4885 5527 5405 5383 5446 5581 5238 5541 5316 5204 5921 5477 5846 5139 5274 5100 5275 5576 5427 5696 5625 5430 5652 5629 5520 5886 5644 5662 5375 5069 5527 5831 5406 5419 5370 5002 5473 4996 5709 5610 5584 5248 5612 5615 5560 6190 5792 5636 5491 5465 5281 5688 6174 5161 5500 5471 5084 5225 5710 5244 5443 5510 5572 5160 5618 5589 5313 6027 5497 5348 5567 5449 5814 5865 5623 5521 5004 5591 5251 5626 5412 5656 5059 5370 5437 5500 4931 5614 5521 5821 5577 5434 5913 6275 5144 5521 5560 5249 5609 5147 5506 5483 5354 5659 5456 5788 5545 5228 5933 5663 5567 5330 5625 5550 5712 5201 6215 5581 5480 6136 5735 5489 5629 5249 5442 5234 5965 5777 5331 5767 5760 5728 5897 5251 5361 5722 5485 5265 5231 5555 5585 5462 5267 5603 4805 5616 5158 5702 6002 5111 5553 5516 5206 5543 5430 5345 5807 5186 5099 5542 5249 5416 4813 5874 5395 5791 5577 5257 5700 5876 5259 5477 5212 5584 5529 5651 5569 5471 5009 4922 5893 5729 5413 5516 5400 5135 
5222 5130 4991 5594 5549 4902 5172 5131 5143 5268 5047 5510 5580 5159 5044 5115 4585 5245 5537 5143 4785 4926 4996 4972 5106 5230 4721 4794 5206 5410 5137 5122 5395 5312 5762 5609 4943 5972 4986 4794 5004 4669 4829 5313 5316 5061 5229 4977 5038 5178 5038 4885 5334 5358 5419 5523 5319 5181 4879 5086 5356 5281 5122 5134 5020 5401 5087 5039 5668 5477 4835 5417 4989 4962 5080 5348 5077 5149 5140 5130 4983 5229 5401 5217 5005 4665 4950 5207 5223 4896 5430 5060 4987 5227 4696 5466 5303 5366 5140 4989 5094 5260 5134 5016 4839 4569 5197 4885 5352 5219 5122 5034 5264 5485 5539 5906 5372 5352 5099 4886 5253 5344 5920 4952 4905 5248 4966 4712 5286 5431 4872 4860 5162 5181 5125 4821 4945 5640 4990 4952 5049 5185 5188 5395 5415 5261 5114 5360 5118 4976 5374 5284 5052 4925 5074 5106 5174 5030 5413 5341 4972 5105 5461 5693 4610 5219 5148 5155 5281 4821 5186 5128 4909 5360 4970 5695 5201 5088 5672 5303 5057 4628 5192 5508 5163 5007 5595 5512 5022 5409 5275 5042 5153 5095 5121 5071 5403 5695 5154 5264 5294 5344 5340 4927 4877 5254 5189 4897 5093 5046 5240 5027 4980 5447 4649 5073 4829 5523 5722 4752 5060 5372 4937 5347 5095 4918 5558 5140 4598 5664 5079 5151 4665 5280 5302 5364 5404 4543 5145 5501 5178 5206 5156 5613 5305 5263 5018 5377 4936 4868 5237 5409 5270 5056 5076 5127 
5250 4995 5291 5881 5653 5478 5238 5351 5430 5586 5147 5674 5569 5549 5444 5227 4979 5393 5820 5236 5067 4968 5259 5508 5138 5254 5070 5232 5745 5944 5186 5487 5548 5615 5751 5640 5035 5890 5457 5313 4707 4895 5278 5565 5515 5496 5283 5326 5450 5280 5241 5072 5830 5385 5627 5831 5611 5440 5507 5111 5759 5352 5123 5365 5375 5509 5516 5387 5826 5311 5049 5639 5173 5309 5320 5502 5718 5331 5446 5344 5503 5527 5735 5251 5445 4979 5171 5289 5331 5425 5715 5392 5219 5497 5160 5497 5591 5791 5386 5074 5368 5886 5249 5223 5281 4777 5446 5097 5577 5503 5390 5246 5669 5565 5705 6077 5787 5426 5408 5370 5422 5528 5893 5113 5218 5262 5275 4854 5639 5684 5086 5355 5359 5066 5399 5293 5175 5653 5443 5358 5393 5459 5511 5672 5412 5166 5230 5471 5616 5463 5485 5434 5251 5456 5268 5301 5146 5571 5433 5419 5627 5499 5820 5750 5021 5529 5584 5243 5719 5039 5284 5414 5167 5292 5353 5835 5200 5114 6179 5406 5591 5076 5746 5814 5386 5198 5594 5455 5147 5582 5384 5339 5353 5281 5582 5096 5956 5509 5240 5581 5581 5520 5546 5161 4887 5334 5305 5342 5046 5532 5616 5303 5295 5770 4912 5611 5138 5685 5917 5267 5333 5497 5239 5310 5451 5362 5757 5291 5083 5653 5223 5320 4845 5724 5185 5648 5448 5193 5302 5644 5277 5419 5428 5947 5404 5413 5459 5721 5162 5050 5428 5706 5216 5173 5296 5235 
4887 4709 4858 5503 5467 5184 5018 4923 5267 5251 5143 5287 5235 5068 4946 4923 4578 4845 5306 5082 4572 4759 4982 5084 4871 4819 4851 4876 5114 5219 4854 5079 5210 5226 5457 5144 4789 5921 4909 4902 4659 4620 4881 5536 4910 4975 5274 4885 5077 5065 4947 4736 5430 5257 5099 5234 5325 5088 4916 5013 5427 5178 5175 5047 4868 5728 4927 4969 5698 5188 5077 5236 4955 5186 4844 5446 5205 5113 4719 4881 5256 4985 5619 5108 4947 4723 5224 5273 5081 5429 5564 5200 4907 5252 4711 5472 5118 5205 4834 4632 5256 5416 5103 5357 5057 4498 5145 4753 5129 5002 4969 4982 5326 5386 5490 5482 5330 5045 4840 5090 5195 5322 5841 4911 5067 5120 4801 4503 5048 5069 4845 4901 5214 4849 4959 4994 5032 5668 5062 4883 5122 5048 5258 5371 5125 5134 5127 5400 5031 5366 5472 5121 4798 4982 5112 5109 5079 4759 4967 4859 5348 5094 5342 5546 4719 5394 5137 5185 5316 4764 5209 5087 4992 5167 4934 5359 4883 4893 5482 5068 4978 4923 5004 5297 5046 4856 5414 5333 5113 5407 5447 5200 5127 5188 5072 5134 5289 5505 5064 5385 5167 5449 5193 4917 4981 5109 4977 5047 4691 4898 5361 4995 4693 5187 4771 5240 4906 5232 5537 4945 5060 5601 5312 5064 5047 4989 5284 4945 4443 5191 5199 5105 4361 5226 5072 5247 4915 4850 5026 5111 5021 5038 4942 5564 5286 5074 5201 5160 4691 4631 5042 5524 4964 5096 5307 5032 
4659 4590 4680 5344 5261 4883 4974 4962 4968 5125 4520 5316 5181 4900 4858 4802 4364 5029 5347 4946 4579 4540 4992 4652 4593 4774 4351 5060 5226 5263 4614 5081 5143 5232 5220 5206 4656 5423 4846 4854 4491 4414 4827 4923 4985 4814 5124 4890 4990 4926 4787 4360 5095 5137 4995 5131 4714 4965 4740 4831 5149 4884 4849 4769 4747 4993 4698 4797 5349 4913 4680 4986 4675 4879 4771 4906 5042 4678 4969 4694 4813 4762 5198 4987 4874 4565 4749 4647 5017 4873 5219 4862 4770 4829 4716 5341 4818 5075 5021 4472 4970 5315 4821 4905 4732 4406 5041 4749 5042 4918 4758 4724 5109 4983 5084 5685 5046 4794 4720 4679 4998 5180 5652 4685 4839 4909 4714 4618 4968 5356 4639 4725 5042 4926 4789 4854 4779 5520 4908 4773 4925 4756 5200 5061 5113 4758 4757 4964 5011 4972 5285 5070 4493 4777 4863 4591 4648 4910 4938 4982 5127 4970 5106 5196 4825 5080 4961 4947 5159 4454 4998 5137 4992 5300 4742 5036 4965 4979 5547 5014 4782 4639 4763 5069 4898 4991 5320 5221 4844 5070 5137 4878 4676 4861 4963 4677 5206 4957 4845 4994 5100 5075 5303 4686 4574 5020 4763 4791 4591 4775 4732 4987 4606 5172 4625 4937 4743 4719 5444 4694 5095 5432 4840 4797 4844 5056 5168 4896 4305 4926 4879 4823 4621 5107 4961 5112 4855 4715 4849 4960 4801 5102 4878 5016 4902 5029 4934 4880 4690 4610 4965 4966 4577 4902 4983 4441 
4728 4662 4835 5583 5269 4775 4812 4910 4748 4937 4531 5219 5147 4794 4750 4732 4301 4826 5223 4980 4358 4359 4876 4828 4619 4778 4443 4479 4958 5123 4760 5050 4976 5155 5186 5042 4698 5465 5060 4550 4680 4395 4503 4955 4890 4993 4955 4778 4863 4639 4881 4646 5233 5072 4943 5367 4938 4756 4662 4911 5077 4687 4728 4576 4810 4940 4705 4617 5430 4854 4661 4834 4653 4711 4961 4899 4980 4686 4397 4643 4784 4834 4980 4990 4735 4482 4458 5029 4851 4455 5372 4989 4852 4748 4594 5353 4948 4987 4793 4741 5059 5144 4868 4370 4745 4539 4939 4581 4764 4633 4897 4679 5024 4727 4894 5288 5061 4863 4791 4678 4888 4827 5530 4509 4625 4701 4646 4401 5201 4845 4658 4835 4738 4750 5070 4747 4784 5172 4814 4743 4720 4759 5088 5133 4810 4776 4783 5046 4846 4865 4942 4882 4393 4730 4468 4845 4653 4949 4967 4975 4944 4992 5081 5215 4837 5178 5076 4770 4897 4391 4735 4964 4723 4682 4623 4885 4775 4853 5498 5026 4768 4439 5043 5220 4851 4459 5310 5033 4636 4923 4747 4682 4691 5050 4695 4722 5193 5247 4687 4964 4961 5035 4867 4660 4527 4961 4829 4510 4477 4703 4910 4840 4564 4839 4598 5028 4604 5165 5144 4530 5240 5033 4800 4630 4925 4877 5424 4625 4322 4920 4708 4874 4301 5069 4651 4994 4657 4503 4673 4750 4653 4746 4577 5243 4969 4938 4687 4859 4756 4475 4666 4962 4705 5087 4607 4514 
4994 4838 5028 5731 5291 4901 5390 5169 4991 5182 4987 5493 5494 5393 5076 5108 4469 5178 5550 5038 4826 5083 5115 4917 4995 5320 4823 4980 5366 5431 5023 5465 5322 5091 5399 5614 5020 5816 5141 4950 4905 4750 4922 5435 5075 4989 5109 5163 5508 5253 5042 4825 5521 5262 5376 6005 5565 5083 5248 5110 5439 5080 5127 5219 5200 5465 5043 4867 5728 5401 4989 5321 5056 5201 5324 5452 5386 5310 4970 4939 5131 5308 5535 5181 5033 4846 4990 5302 5018 4931 5748 5345 5005 5111 4922 5598 5280 5451 5230 4992 5197 5521 5015 5186 5031 4868 5392 4926 5274 5172 5066 5039 5498 5346 5458 5802 5710 5190 5254 5225 5028 5216 5563 5048 4994 5184 5019 4809 5241 5204 5167 5223 5309 4973 5309 5149 5356 5335 5059 5081 5334 5251 5387 5446 5336 5110 5349 5493 5102 5195 5413 5457 5104 5271 5211 5316 4884 5132 5205 5242 5226 5458 5697 5553 5046 5305 5296 5040 5600 4834 5426 5253 5016 5128 4929 5525 4939 5277 5737 5207 5202 5001 5454 5313 5212 5079 5479 5389 4845 5609 5422 4984 5165 5245 5084 5069 5626 5616 5081 5426 5381 5323 5332 4956 5054 5236 5249 5129 4836 4957 5205 5110 5155 5393 4584 5349 4978 5422 5744 5079 5419 5689 5069 5040 5233 4976 5612 4997 4679 5515 4984 5065 4764 5479 5271 5649 5435 4875 5245 5456 4979 5105 5460 5581 5194 5371 5041 5386 4961 5033 5074 5375 5049 5203 5199 5030 
4431 4324 4338 4886 4615 4876 4795 4636 4889 4780 4717 4879 4617 4777 4405 4363 4101 4577 4959 4493 4359 4219 4310 4360 4726 4632 4284 4272 4862 5073 4378 4745 4836 4845 4820 5021 4322 5098 4540 4736 4268 4010 4399 4646 4878 4731 4827 4818 4608 4163 4488 4350 4870 4595 4537 5112 4710 4676 4695 4435 4765 4804 4664 4346 4660 4826 4468 4418 4896 4625 4331 4625 4642 4684 4226 4830 4480 4380 4417 4303 4811 4730 4839 4460 4474 4108 4492 4544 4813 4412 4776 4805 4492 4809 4475 4734 4951 4775 4676 4326 4400 4941 4645 4576 4350 4271 4689 4347 4559 4693 4493 4521 4480 4653 4733 5154 4653 4810 4485 4570 4536 4933 5236 4597 4445 4629 4669 4244 4649 4854 4525 4549 4737 4576 4863 4262 4567 4968 4765 4451 4598 4411 4904 4662 4827 4841 4173 4765 4475 4792 5087 4788 4377 4500 4825 4423 4349 4743 4806 4957 4767 4698 5018 4992 4348 4727 4604 4447 4717 4320 4533 4768 4567 4882 4443 4842 4616 4531 5053 4700 4653 4465 4498 4782 4674 4493 5049 4868 4612 5101 4887 4680 4663 4766 4365 4313 4844 4563 4520 4695 4929 4809 4674 4435 4400 4817 4620 4469 4373 4871 4580 4582 4605 4689 4415 4748 4337 5088 4970 4718 4524 4784 4635 4620 4438 4636 4861 4742 4329 4707 4443 4600 4077 4684 4340 4626 4544 4269 4820 4717 4923 4602 4660 4890 4467 4738 4611 4812 4467 4371 4291 4739 4424 4493 4534 4558 
5016 4983 5009 5753 5563 5133 5258 5093 5293 5325 4817 5165 5435 5160 4967 5018 4757 4904 5582 4992 4962 4784 5110 4902 5065 5110 4810 5166 5222 5402 4803 5164 5400 5245 5396 5218 4619 5644 5279 5215 4876 4988 4836 5301 5068 5169 5507 5288 5448 5159 4813 4842 5489 5205 5297 5653 5085 5664 5187 5155 5123 5007 5209 5192 5021 5443 4988 4982 5703 5408 4739 5340 4923 5049 5184 5303 5388 5088 5010 5074 5230 5300 5330 5242 4961 4668 5143 5026 5246 5128 5608 5170 4962 5044 4779 5500 5208 5523 4934 5106 5006 5537 5248 4965 4971 4818 5257 4906 5359 5292 4927 4914 5394 5368 5353 5593 5360 5131 5397 5263 5360 5455 5835 4892 4999 5039 5073 4893 5203 5433 4933 4821 5441 5040 5422 5212 4779 5575 5227 5037 5240 5037 5164 5417 5495 5010 5084 5291 5416 5257 5191 5362 5008 5241 5042 5154 5038 5226 5371 5358 5373 5058 5550 5298 4731 5355 5379 5001 5204 4883 5190 5355 4918 5518 5021 5396 5011 5158 5703 5341 5260 5131 5184 5370 5373 4670 5516 5387 5014 5441 5242 5324 5311 5103 5149 4895 5455 5358 5163 5264 5532 5536 5312 4968 4849 5288 5512 5140 5031 5258 5389 5154 4868 5510 4720 5336 4924 5616 5867 4812 5118 5390 4957 5051 5078 5235 5351 5052 4660 5269 4773 5108 4754 5226 4986 5593 5383 4976 5187 5408 4933 5271 5241 5611 5045 5164 5023 5306 4942 4978 5001 5437 5127 5378 5201 4966 
5206 5094 5073 5436 5591 4989 5072 5193 5137 5182 5004 5455 5250 5365 5121 4975 4745 4939 5588 4933 4988 5190 5067 5270 4943 5235 5018 5102 5502 5663 4881 5291 5272 5296 5486 5563 4741 5724 5231 5180 4820 4776 5219 5503 5238 5064 5378 5030 5131 5135 5077 5057 5509 5396 5583 5761 5760 5095 5261 4995 5463 5400 5301 5312 5107 5461 5260 5048 5823 5542 4950 5532 5234 5214 5191 5419 5066 5178 5029 4865 5498 5089 5543 5137 5315 4668 5094 5243 4966 5206 5623 5193 5104 5329 5048 5373 5342 5507 5173 4924 5241 5583 5023 5345 5152 4900 5250 4837 5358 4965 5147 5058 5256 5600 5593 6055 5773 5249 5049 5295 5369 5511 5656 5015 5157 5351 4938 4822 5418 5200 5034 5023 5283 5070 5394 5197 4812 5695 5507 4882 5364 5290 5435 5486 5146 5109 5127 5464 5120 5281 5335 5364 5103 5334 5240 5238 5147 5182 5486 5238 5143 5177 5720 5631 4879 5372 5177 4958 5356 5032 5257 5206 5061 5249 5194 5395 5222 5140 5821 5239 5143 4708 5209 5459 5195 5145 5610 5398 5049 5620 5482 5151 5136 5209 5195 4885 5738 5507 5308 5458 5431 5004 5573 5120 4974 5357 5165 5289 5029 5142 5274 5059 5247 5391 4647 5177 4941 5550 5827 5210 5358 5404 5104 4978 5030 5121 5667 4942 4835 5263 5257 5118 4852 5478 4993 5497 5423 5029 5256 5513 5157 5313 5317 5399 5405 5014 5101 5538 5157 4846 5383 5733 5443 5320 5302 5113 
5034 4969 5133 5658 5595 5073 5310 5062 5266 5404 5274 5681 5768 5324 5027 5324 4798 5028 5501 5107 4903 4873 4998 5428 5225 5143 4819 5309 5280 5427 5257 5395 5108 5679 5560 5691 5107 5867 5214 5058 4892 4680 4823 5382 5245 5290 5008 5136 5625 5048 5159 4903 5733 5357 5573 5486 5517 5014 4969 5260 5430 5300 5213 5339 5301 5342 5218 5093 5744 5335 4867 5221 5125 5245 5319 5437 5309 4958 5068 5047 5590 5417 5597 5320 5093 4667 5265 5133 5193 5325 5700 5463 5081 5204 4981 5486 5131 5473 5262 4984 5262 5569 5145 4897 5117 4891 5222 5038 5388 5357 5232 5012 5323 5441 5383 5794 5305 5010 5181 5122 5198 5586 5909 4840 4994 5316 5161 4885 5256 5482 4906 5037 5536 4982 5557 4909 5265 5585 5152 5176 5379 5138 5417 5576 5398 5345 5033 5526 5418 5328 5597 5286 5140 5175 5302 5318 5045 5060 5263 5158 5518 5232 5462 5830 4996 5226 5114 5270 5664 4901 5282 5459 5165 5422 5408 5470 5215 4996 5985 5425 5139 4974 5330 5532 5381 5076 5481 5460 5112 5615 5517 5021 5277 5460 5438 5114 5725 5513 5447 5240 5315 5635 5079 5068 5153 5365 5237 4989 4988 5168 5500 5355 5071 5597 5067 5562 4862 5469 5614 5329 5389 5421 5167 5288 5212 5146 5533 4943 4725 5516 5108 5357 4885 5497 5201 5492 5375 5026 4992 5402 5255 5245 5328 5726 5273 5411 5293 5486 5081 4994 5081 5172 5037 5082 5119 5202 
4762 5046 4710 5414 5471 4997 5043 4892 4792 5041 4727 5302 5345 5274 4867 4987 4565 4923 5517 4906 4782 4712 5029 5038 5063 5058 4581 5009 4988 5335 5190 5061 4942 5193 5302 4910 4780 5529 5013 4919 4699 4567 4672 5375 4953 5109 5349 4922 5115 4992 4789 4596 5577 5131 5198 5363 5322 5092 5087 4950 5462 5187 4936 4922 4919 5481 4667 5089 5508 5172 4815 5127 4918 5290 4997 5529 5113 4929 5012 4930 5100 5020 5449 5002 4602 4689 4939 4991 5207 5034 5490 5227 4947 5180 4831 5353 5206 5171 4887 4854 4995 5391 4964 4927 5039 4722 5141 4943 5089 4932 5160 4917 5192 5387 5105 5533 5127 4745 4722 4903 5034 5307 5500 4868 4928 4827 4955 4391 5331 5182 4695 4691 5040 4809 5129 4848 4986 5445 5085 5009 5098 5117 5084 5302 5141 5164 4813 5286 4987 5092 5550 5104 4735 4912 5244 4935 4935 4856 5302 4790 5229 4876 5244 5627 4468 5074 4840 4830 5267 4646 5242 5185 4953 5142 4970 5282 4927 4937 5605 5237 4731 4800 5025 5130 5102 4976 5394 5262 4893 5197 5262 5066 4945 5271 4893 4970 5203 5304 5018 4885 5278 5066 4886 4886 4987 5178 4858 4986 4846 4944 5166 5140 5192 5374 4765 5235 4580 5257 5663 5026 5023 5341 4910 5075 4977 5036 5212 4467 4723 5154 5002 4960 4614 5409 5017 5247 5299 4645 4950 5178 4990 4608 5071 5475 5026 4954 4711 5204 4858 4910 5025 4953 5013 5038 4756 4912 
5016 5050 4863 5436 5314 5248 5230 5417 5084 5179 4893 5503 5508 5662 5132 5070 4584 5114 5636 4854 4673 4831 4889 5047 5088 5270 4900 4753 5553 5556 4997 5242 5175 5420 5541 5800 4901 6141 5288 4861 4755 4912 4982 5291 5345 5113 5260 4942 5326 4967 5175 5101 5406 5540 5473 5641 5415 5049 5182 4719 5430 4788 5151 4820 4897 5502 5329 4928 5588 5349 4810 5448 5018 5104 4950 5532 5321 5042 5181 5151 5067 5437 5553 5268 5075 4781 4937 5136 5268 5068 5880 5409 5227 5034 4951 5383 5254 5460 5099 4946 5215 5809 4751 4869 4870 4687 5247 4881 5359 5075 5003 5064 5589 5448 5395 5901 5528 5149 5215 5163 5078 5268 5841 5049 5122 5120 5067 4741 5405 5460 5265 5028 5142 5009 5157 4975 5209 5593 5222 5083 5098 5197 5305 5316 5181 4898 4947 5579 5101 5219 5373 5422 5034 5187 5054 5232 5166 5050 5249 5161 5507 5342 5674 5529 4946 5285 5356 5116 5507 4839 5118 5071 4856 5247 5077 5729 5236 4901 5837 5388 5206 5100 5308 5651 5242 5079 5452 5257 5041 5512 5503 4954 5087 5345 5421 4695 5415 5608 5096 5482 5321 5537 5365 4978 5216 5157 5358 4977 4899 5171 5188 5169 5002 5209 4808 5145 5128 5592 5635 4922 5135 5408 5109 5257 5179 5153 5738 5225 4688 5346 4995 4932 4843 5510 5095 5362 5117 4874 5243 5239 5189 5124 5000 5715 5056 5172 5069 5375 4919 4875 5085 5184 5256 5263 5033 4821 
5144 4767 4806 5265 5112 5005 5071 4953 5112 5276 4679 5180 5113 5145 4943 4862 4443 4821 5229 4952 4424 4809 4856 4845 4877 5022 4640 4810 4945 4972 4769 5010 5183 4899 5141 5445 4569 5476 4997 4775 4651 4636 4869 5204 4802 4702 5339 5053 4773 4751 4557 4765 5369 4968 5235 5509 4975 4677 4880 4734 5166 5014 5090 4991 4707 5255 4665 4678 5675 5007 4532 5120 4888 4867 4909 5223 5088 5171 4866 4591 5202 4944 5222 4751 4851 4642 4864 4866 4977 4777 5068 5120 4965 5088 4536 5314 5238 4911 4613 4653 4864 5198 4892 4943 4690 4373 5016 4328 5036 4988 4896 4606 4846 5129 5145 5655 5084 4953 5013 5045 5007 4952 5744 4776 4756 4870 4829 4357 4933 5001 4889 4700 5022 4667 5135 4862 4754 5112 4752 4941 5030 4955 5319 5227 5266 4995 4857 5318 4934 4955 5119 5126 4850 4728 5008 4909 4893 4913 4994 5068 4796 4860 5066 5282 4763 5200 4846 4872 5262 4723 5215 4765 4711 4933 4811 5310 4974 4617 5221 5214 4749 4891 4879 5198 5157 4776 5412 5018 4836 5272 4929 4864 4912 5092 4830 4685 5174 4929 4771 5196 5117 5122 5200 4764 4782 4942 4982 4806 4518 4810 4927 4761 5005 5283 4134 5055 4813 4955 5473 4784 4902 5179 4971 5047 4969 4708 5082 4737 4473 5282 5204 4813 4422 5279 5227 5107 4871 4536 4823 5042 4760 5015 4758 5168 5076 4864 4885 5046 4481 4764 4911 5257 5143 5103 4994 4640 
4913 5243 4873 5480 5419 5137 5022 5320 4924 5312 4794 5096 5223 5237 4883 5166 4446 4932 5390 5038 4835 4773 4865 4920 4912 5027 4860 5017 5010 5491 4771 5417 5037 5163 5465 5068 5007 5712 5169 4878 4532 4545 4835 5412 5012 5039 5337 4997 5350 4960 5037 4959 5175 5256 5363 5474 5241 4880 5043 4828 5195 5090 4773 4928 4881 5376 5179 4683 5477 5224 5003 5153 4993 5316 4964 5423 5242 4857 5234 4932 5081 5116 5202 5069 5074 4362 4954 5191 5354 5060 5680 5284 5039 5206 4721 4929 5522 5412 5039 4588 5129 5347 4884 4968 4874 4558 5306 4871 5198 4957 5134 4878 5137 5329 5178 5659 5165 4882 4945 5111 5144 5576 5681 4763 4710 4989 4977 4608 5096 5468 5002 5046 5115 4977 5065 5021 5112 5307 5182 5128 4962 5106 5113 5082 5326 5062 4851 5477 5270 5061 5415 4985 4967 4915 5160 5039 5019 5010 5056 5025 5265 5414 5628 5355 4720 5254 5092 5259 5206 4881 5320 5260 4834 5391 4993 5072 4648 5067 5964 5037 5068 5096 5029 5299 5267 4874 5282 5522 4645 5344 5488 4983 4921 5198 5033 5335 5573 5254 5340 5301 5440 5235 5191 4842 4971 5471 5115 4937 4782 5016 5369 4934 5148 5219 4848 5196 5193 5225 5721 4968 5401 5385 5161 5157 4821 4807 5517 4806 4639 5206 4932 5250 4678 5253 5071 5209 4952 4782 5040 5101 4935 5005 5113 5637 4963 5015 4952 5097 4988 4977 4878 5141 4992 5089 4927 4967 
5196 4993 5048 5260 5250 4922 5258 5087 5160 5227 5020 5258 5474 5015 5046 4999 4907 5014 5146 5124 4551 4752 4904 5122 5190 5184 4746 4965 5259 5383 4859 5185 5100 5131 5221 5468 4696 5649 5147 4723 4782 4517 4790 5381 5121 5054 5378 5070 5213 4841 5079 4952 5263 5116 5295 5677 5212 5136 4792 5235 5326 5112 4961 4981 5273 5232 4887 4927 5500 5291 4717 5156 4971 5113 4954 5214 5109 5059 4914 5216 5234 5227 5573 4922 4503 4685 4967 5085 4995 4987 5301 5218 4595 5219 4849 5415 5385 5290 4936 4621 5205 5288 5069 4975 5208 4591 5399 4738 5106 5096 5037 4731 4897 5265 5212 5593 5304 5229 4923 5193 5360 5325 5762 4981 4872 5314 4978 4710 5161 5221 4990 5030 5171 4897 5298 5063 4825 5587 5184 4883 4845 5047 5185 5221 5140 5099 4962 5087 4921 5251 5409 5370 4999 4956 4997 5224 4938 4998 5222 5246 5194 5161 5526 5516 4659 5020 5251 5251 5101 5015 5106 5134 4960 5199 4918 5381 5176 5097 5698 4978 5180 4790 5063 5279 4965 5045 5595 5335 5150 5473 5250 5183 5099 5308 4923 5091 5462 5242 5008 5064 5099 5223 5316 5081 4834 5463 5053 4983 4637 5057 5205 4939 4802 5289 4916 4970 4667 5426 5628 4970 5268 5245 4950 5061 4868 4975 5460 4862 4694 5184 4837 5211 4609 5272 4937 5273 5220 4856 5078 5272 5478 5058 5277 5677 5042 5030 5189 5178 4636 4982 5042 5368 5131 4987 5068 4915 
5017 4648 4832 5352 5069 4827 4950 4951 4919 5317 4871 4993 5203 5218 4768 4786 4431 4810 5407 4611 4480 4420 4748 4796 4901 5090 4390 5054 5306 5201 4751 5279 5138 5008 5207 5337 4841 5501 4944 4858 4447 4803 4595 5117 4892 4968 5206 4857 5061 5006 4958 4826 5011 5137 5217 5260 5131 4887 5057 5047 5006 5175 4768 4793 4863 5273 5239 4726 5729 4960 4601 5146 4877 4952 4764 5214 5046 5012 4917 4755 4899 4860 5149 4837 4891 4651 4775 5165 5006 4806 5287 5042 5068 4937 4704 5351 5010 5049 4981 4888 4729 5019 4947 4965 5024 4614 4996 4637 5084 5067 4870 4790 5099 5422 5073 5532 5339 4795 4887 4913 5008 4996 5560 4605 4876 4837 4786 4510 5048 5442 4622 4828 5178 4913 5101 4989 4971 5173 4937 4949 4882 4912 4943 4763 4993 4738 4717 5069 5067 5185 5208 5058 4652 4800 4876 4844 4873 5030 4963 4782 4793 4972 5251 5589 4472 5079 4918 4956 4993 4638 4974 4917 4831 5034 4974 5310 4994 5017 5598 5167 4704 4583 4751 4935 4892 4914 5301 5026 4787 5277 5354 4940 4977 4886 4738 4538 5441 5344 5006 5082 5150 5223 4969 4841 4790 4824 5072 4876 4852 4875 5099 4997 4715 5103 4548 5025 5007 5297 5577 4610 4940 5275 4891 5103 4810 5038 5127 4793 4535 5114 4945 4911 4371 4921 4971 5062 4879 4629 4899 4986 4897 5014 5040 5218 4842 4906 4844 4818 4682 4825 4919 4920 5076 4950 4728 4499 
5332 5062 5054 5593 5566 5221 5412 5141 5252 5663 5078 5359 5402 5339 5056 5214 4755 5183 5674 5001 4935 4884 5289 5345 5107 5275 4901 5293 5431 5568 5221 5381 5383 5455 5314 5668 5060 6069 5085 5123 4975 4906 4995 5542 4998 5235 5478 5333 5210 5307 5278 4900 5540 5400 5502 5720 5377 5184 5250 5228 5513 5182 5126 5170 5116 5451 5202 5141 5837 5485 4899 5556 5308 5531 5117 5541 5343 5285 5226 4945 5312 5354 5570 5204 5335 4668 5158 5244 5401 5282 5674 5396 5265 5140 4772 5261 5583 5526 5109 5053 5214 5431 5137 5178 5082 4942 5455 5008 5546 5564 5377 5112 5422 5371 5743 5787 5589 5302 4989 5382 5324 5634 5670 5050 5190 5284 5027 4927 5493 5448 4984 5068 5460 5081 5416 5027 5084 5659 5100 4954 5447 5007 5193 5471 5503 5173 5012 5531 5510 5451 5424 5414 5073 5235 5323 5354 5028 5293 5333 5224 5405 5273 5632 5600 4802 5406 5328 5280 5494 5060 5397 5436 5213 5362 5190 5680 5462 5117 5808 5516 5120 4930 5591 5569 5433 5158 5670 5529 5380 5463 5441 5014 5303 5566 5234 5306 5897 5317 5323 5369 5724 5332 5256 5006 4887 5214 5204 5221 4872 4899 5386 5104 5220 5350 4963 5428 5176 5482 6001 5194 5321 5500 5186 5120 5166 5429 5690 4905 4811 5302 5327 5187 4828 5511 5395 5414 5475 5141 5217 5345 5155 5291 5229 5551 5104 5433 5279 5516 4952 4965 5411 5522 5192 5255 5346 5122 
5440 5510 5320 5928 5743 5710 5673 5794 5700 5784 5312 6111 5718 5730 5195 5470 5054 5323 5871 5398 5103 4992 5619 5463 5457 5728 5200 5528 5583 5832 5226 5926 5695 5689 6089 5825 5038 6223 5873 5585 4900 5145 5346 6038 5282 5463 5735 5333 5573 5515 5530 5366 6088 5923 5874 6172 5750 5494 5899 5581 5560 5518 5425 5511 5366 5693 5474 5356 6003 5678 5145 5855 5476 5702 5464 5557 5493 5715 5391 5144 5693 5216 5920 5436 5261 5071 5522 5656 5569 5660 6074 5670 5558 5658 5388 5948 5617 5921 5500 5267 5500 5953 5402 5357 5408 4855 5915 5309 5926 5698 5713 5165 5557 5810 5764 6238 5855 5545 5520 5559 5586 5922 6388 5165 5530 5648 5460 5356 5625 5763 5529 5407 5582 5144 5653 5411 5384 5870 5645 5482 5757 5256 5665 5951 5838 5402 5302 5675 5639 5697 5570 5815 5664 5662 5510 5504 5576 5333 5664 5630 5841 5624 6006 6145 5002 5821 5824 5228 5701 5265 5645 5513 5412 5731 5386 6057 5469 5433 6100 6075 5459 5382 5723 5800 5890 5203 6112 5649 5240 5956 5693 5465 5477 5561 5531 5229 5998 6097 5435 5851 5748 5584 5721 5474 5522 5708 5887 5579 5393 5871 5898 5416 5664 5674 5239 5846 5280 5890 6295 5536 5436 5796 5553 5540 5370 5639 5887 5488 5212 5677 5137 5206 5102 5832 5538 6019 5584 5420 5712 5836 5551 5684 5366 6073 5601 5708 5829 5701 5516 5408 5481 5501 5570 5472 5508 5303 
5437 5423 5375 5968 5944 5644 5793 5549 5479 5923 5331 6295 5563 5974 5625 5526 4928 5609 6149 5551 5057 5285 5554 5289 5607 5579 5279 5363 6060 5912 5611 5630 5824 5939 6146 5919 5320 6645 5641 5513 5267 5294 5578 5706 5436 5689 5719 5608 5413 5500 5740 5170 5987 6019 5732 6101 6037 5680 5580 5557 5504 5684 5698 5701 5575 5782 5476 5250 6078 5637 5268 6024 5579 5375 5687 5584 5738 5702 5467 5517 5672 5683 6059 5715 5386 5304 5515 5861 5799 5597 5925 5618 5732 5727 5346 6141 5851 5931 5793 5276 5768 5916 5622 5385 5301 5281 5664 5190 5779 5781 5399 5494 5619 5778 5945 6326 5883 5659 5741 5445 5670 5935 6343 5399 5569 5884 5640 5331 5815 5795 5642 5414 5655 5438 5776 5351 5721 6123 5679 5243 5623 5677 5813 5845 5556 5873 5385 5742 5577 5736 5871 5783 5520 5746 5755 5666 5574 5669 5902 5771 5935 5857 6054 6263 5467 5752 5567 5464 5663 5285 6051 5574 5552 5599 5725 6097 5625 5411 6121 5934 5728 5344 5692 5935 5636 5640 5998 5954 5401 5749 5845 5427 5501 5788 5800 5406 5867 5978 5317 5764 6058 5785 5855 5477 5414 5777 5503 5404 5536 5678 5769 5252 5229 6003 5215 5732 5461 5816 6071 5318 5612 6077 5485 5447 5559 5344 5923 5528 5089 5830 5215 5519 5210 5899 5557 5826 5786 5129 5466 6035 5288 5576 5509 6153 5682 5885 5620 5868 5604 5449 5542 5929 5788 5643 5557 5195 
4595 4632 5010 5225 5226 4826 4799 4759 4826 5234 4422 5211 5032 5186 4847 4788 4393 4733 5169 4733 4423 4497 5277 5053 4543 4909 4259 4716 5210 5185 4711 5180 4897 4888 5340 5333 4480 5539 5104 4686 4476 4310 4779 5193 4847 4773 4897 4737 4944 5171 4910 4689 5102 5046 5051 5369 5108 4734 5030 5023 4984 4823 5192 4758 4891 5299 4936 4714 5273 4956 4786 5078 4810 4802 4688 5168 4920 4917 4709 4664 5222 4983 5243 4784 4652 4652 4846 4898 4735 4881 5329 4604 4874 4938 4660 5340 5043 5256 4842 4753 5126 5481 4954 5113 4838 4665 4893 4462 5090 4830 4820 4627 4879 4977 5215 5524 5230 5153 5120 5016 5072 5128 5574 4650 4674 4893 4537 4477 4815 5098 4857 4992 4856 4502 4855 4801 4860 5376 4944 4775 4901 5055 5059 4865 4923 4732 5006 4935 4928 5134 5177 5239 4705 4727 4799 4941 4387 4861 4855 4858 5263 4904 5293 5435 4567 5122 4968 4801 5053 4641 5056 5001 4918 5101 4712 5130 4829 4836 5629 4953 5056 4568 4935 5198 5016 4813 5397 4906 4783 5161 5431 4804 4837 4794 5090 4632 5130 5314 4943 4944 5059 5161 4972 4845 4694 5103 4925 4800 4594 4698 5246 5005 4629 5020 4523 4851 4766 5340 5377 4488 4893 5272 4780 4867 4720 4705 5267 4608 4601 4806 4524 4830 4581 5019 4863 5335 4956 4587 5033 4918 4839 4958 4777 5401 4962 5051 5005 5082 4625 4709 4856 5369 5128 4942 5126 4857 
5596 5476 5805 6299 6103 5470 5609 5807 5857 6137 5495 5918 5968 5928 5584 5767 5079 5517 5988 5731 5317 5397 5613 5798 5417 5730 5231 5413 5767 6178 5768 5870 5830 6043 6355 5989 5390 6609 5929 5768 5387 5492 5428 6061 5640 5912 6020 5545 5808 5533 5746 5582 6191 5958 6031 6250 5951 5667 5582 5785 6039 5746 5638 5822 5536 5888 5642 5506 6242 5920 5369 5986 5600 5754 5679 5962 5554 5650 5565 5712 5860 5730 6107 5699 5549 5405 5829 5582 5671 5766 6141 5790 5743 5912 5689 6135 5855 5899 5817 5400 5844 6020 5875 5829 5348 5331 5640 5449 5765 6035 5800 5590 5828 6019 5996 6360 5990 5845 5616 5605 5910 5984 6273 5208 5574 5934 5508 5471 5679 5828 5508 5709 5859 5493 5894 5550 5671 6111 5579 5661 5684 5761 5985 5867 5719 5640 5636 6157 5546 5818 6010 5954 5838 5762 5736 5697 5623 6026 5939 5825 5775 5661 6202 6246 5447 6086 6082 5584 5803 5433 5692 5729 5770 5847 5780 6062 5828 5659 6504 5875 5537 5422 5886 6144 5739 5574 6046 6111 5460 5909 5978 5851 5555 6064 5694 5541 6272 6081 5678 5792 5791 6047 5940 5475 5705 6121 5669 5715 5737 5739 5737 5442 5814 6043 5302 5797 5687 6037 6350 5478 5664 5954 5663 5795 5582 5749 5871 5583 5224 6009 5712 5685 5231 5844 5691 6085 5822 5548 5853 6061 5552 5785 5828 6136 5786 5829 5567 6064 5766 5643 5649 5945 5751 5581 5993 5763 
4734 4781 4741 5265 5165 4849 4890 4962 4842 5229 4685 5055 5095 4978 4960 4895 4408 4896 5370 4959 4629 4520 4905 5029 4917 5070 4339 4701 5210 5277 4965 4884 4925 4980 5103 5022 4556 5412 5119 4764 4574 4698 4742 5042 4869 5091 4959 5148 4948 4630 4793 4753 5285 5236 4954 5479 5164 4754 4817 5197 5391 4964 4740 5113 4848 5094 4810 4717 5496 5131 4606 4980 4840 4748 4839 5355 5035 4921 4625 4860 5058 5169 5234 4708 4806 4655 4762 4648 4763 4868 5363 4802 4843 5147 4885 5077 4858 5040 4956 4916 5090 5219 4950 4822 4905 4680 4942 4765 5123 5000 4851 4580 5269 4948 5079 5276 5129 4996 5036 4837 5088 5048 5480 4743 4582 4751 4778 4432 4878 5098 4528 4757 5050 4681 4878 4681 4940 5069 4782 4806 4726 4741 5096 5022 5122 4803 4669 4983 4724 5084 5179 5159 4816 4636 5095 5095 4659 5094 5117 4965 5193 4809 5371 5400 4661 5018 5001 4862 5234 4824 5046 4839 4933 4950 4796 5261 4960 4951 5412 4883 5041 4543 5164 5264 5080 4777 5274 4988 4922 5139 5017 4827 4929 4984 5007 4654 5404 5447 4920 4989 5124 5079 4987 4832 4952 5155 5149 4764 4641 4830 4812 4827 4548 5036 4552 5027 4513 5261 5680 4804 4963 5088 4641 5117 4714 4855 5250 4893 4606 5160 4781 4706 4539 5048 5058 5174 5095 4633 5181 4829 4936 4839 4831 5486 4994 4942 5003 5012 4648 4676 4906 5091 4863 5109 4657 5002 
4951 4935 4832 5345 5187 4760 5306 5314 5034 5194 4905 5332 5171 5252 4948 4996 4595 4903 5326 5119 4264 4547 4918 5062 4856 4885 5019 4746 5178 5375 4783 5078 5145 5191 5597 5311 4786 5616 5133 5071 4511 4417 5207 5186 5075 4863 5200 5093 5081 4941 4849 4773 5322 5334 5450 5601 5403 5028 5020 4953 5150 4950 5081 5174 4819 5158 4827 4805 5514 5029 4823 5366 4759 5013 5036 5225 5029 4841 4885 4645 5186 5191 5254 4960 5184 4458 4839 4997 5121 5025 5315 5014 4837 5086 4723 5483 5254 5293 5277 4965 4848 5262 4913 5133 4868 4653 5243 4526 5286 5099 5148 5057 5049 5290 5169 5679 5063 5154 5239 4689 5142 5187 5604 4587 4703 5222 4870 4779 5121 5226 5075 4850 5274 4946 5235 4914 4967 5224 5092 4837 5100 5239 5145 5205 5256 5206 4987 5311 4908 5054 5290 5081 5070 4925 5038 5084 4960 4909 5158 5306 4999 5198 5443 5224 4542 5239 5096 4742 5290 4728 5086 5064 5063 5207 4789 5399 4953 4884 5628 5220 5160 4898 5154 5568 5149 4736 5338 5191 4734 5338 5534 5050 5198 4870 5145 4864 5579 5173 5124 5500 5162 5403 5385 5104 4845 5315 4852 4927 4753 4872 5221 5096 4846 5103 4625 5042 4607 5400 5494 5037 5345 5303 4943 4841 4999 4970 5518 4979 4770 5183 5001 4818 4644 5318 5234 5386 5160 4653 5017 5250 5319 4888 5125 5257 5115 5209 5017 5227 4781 5023 4717 5306 5010 4853 4939 5024 
5070 5157 4968 5514 5373 5192 5524 5126 5126 5352 5049 5377 5361 5302 5003 5149 4670 5020 5416 5123 4786 4968 5017 4945 5097 5027 4706 4900 5436 5546 5267 5261 5248 5312 5436 5315 4943 6002 4960 5073 4854 4859 4874 5445 5008 5029 5362 5207 5157 5162 5005 4541 5504 5347 5280 5487 5222 5094 4866 5042 5288 5013 5064 5181 4920 5530 5094 5006 5626 4864 4927 5285 4974 5160 5132 5066 5425 5175 5163 5035 5244 5391 5576 5075 5025 4897 5014 5433 5257 4965 5541 5079 5201 5145 4807 5593 5490 5297 5117 4888 5212 5417 5155 5137 5032 4812 5238 5097 5227 5340 5287 4865 5190 5390 5367 5567 5545 5179 5234 5204 5290 5388 5652 5073 5281 5426 5084 4665 5361 5552 4985 4938 5085 5034 5386 5116 5236 5424 5075 5384 5197 5141 5450 5149 5277 5114 5172 5213 5040 5315 5142 5327 4958 5059 5205 5374 4986 5094 5119 5289 5436 5159 5568 5708 5040 5165 5159 5242 5178 4621 5131 5361 5166 5243 5010 5539 4864 5163 6009 5269 5388 4914 5099 5297 5329 4822 5572 5494 5058 5290 5408 5388 5117 5381 5100 4988 5261 5557 5246 5163 5552 5490 5166 5127 4901 5339 4907 4908 5052 5070 5201 5366 4901 5435 4990 5163 5052 5328 5558 5026 5032 5252 4895 5169 5021 5204 5591 4955 4922 5460 4836 5253 4874 5343 5195 5237 4918 5076 5348 5451 5067 5176 5123 5625 5130 5274 5139 5214 4858 5104 5007 5428 5131 5265 5101 4936 
5144 5319 5021 5788 5904 5052 5369 5225 5577 5705 4917 5493 5554 5549 5351 5344 4928 5148 5624 5285 4983 4748 5146 5198 5162 5354 5025 5425 5319 5489 5061 5369 5435 5585 5733 5881 5035 5741 5342 5105 4996 5225 5045 5666 5418 5346 5727 5186 5272 5041 5282 5082 5658 5521 5619 5662 5530 5176 5516 5122 5516 5036 5249 5345 5127 5280 5220 5176 5799 5625 4924 5540 5514 5294 5270 5876 5388 5471 5311 5267 5585 5353 5699 5105 5135 5013 5335 5313 5331 5552 5767 5511 5187 5302 5335 5591 5629 5351 5481 5062 5305 5687 5505 5497 5162 4926 5434 4906 5625 5166 5444 5191 5361 5407 5507 5823 5647 5263 5244 5073 5687 5345 5973 5218 5280 5348 5210 5163 5281 5417 5087 4950 5225 5150 5325 5526 5466 5577 5335 5370 5465 5184 5604 5779 5629 5298 5056 5623 5106 5560 5679 5613 5320 5196 5148 5163 5257 5357 5330 5470 5457 5502 5841 5634 4814 5462 5591 5102 5472 5209 5470 5276 5437 5476 5215 5805 5168 5195 5942 5567 5219 5191 5403 5776 5154 5247 5703 5677 5274 5589 5699 5172 5295 5350 5393 5427 5774 5651 5232 5439 5418 5499 5608 4843 5079 5633 5518 4952 5122 5364 5601 5234 5215 5408 5013 5300 5075 5838 5919 4978 5254 5706 5317 5268 5193 5187 5638 5324 5003 5515 5177 5154 4833 5506 5416 5366 5414 4984 5430 5428 5324 5238 5335 5845 5341 5250 5198 5684 5101 5044 5423 5657 5375 5347 5212 5223 
5061 4846 4721 5637 5209 4676 4806 5166 4993 5223 4856 5390 5162 5131 4926 4895 4468 4725 5423 4647 4458 4701 4924 4906 4856 5018 4475 5232 5058 5485 5075 5030 5130 4964 5141 5250 4874 5581 4778 5125 4612 4770 4663 5282 5037 5203 5229 4928 4853 4923 4858 4784 5327 5116 5284 5186 5280 5010 4920 4665 5312 5097 5020 4928 4899 5175 4987 4853 5849 5402 4522 5242 4972 4782 4949 5357 5158 4732 5231 4789 4950 5220 5381 4795 5043 4809 4990 5260 5072 4917 5015 5126 5143 4961 4530 5435 5202 5124 4907 4722 4958 5228 4761 4899 4969 4527 4881 4787 5131 5125 4998 5127 4727 5292 5215 5602 5129 5142 5116 4985 4908 5040 5643 4780 4685 5042 4820 4833 5042 5253 4875 4867 5108 4651 5201 4816 5215 5214 5013 4950 5042 4924 5189 5345 5179 5197 4654 5154 4870 5155 5210 5178 4890 4792 4981 5076 4591 4894 5022 5270 4941 4841 5306 5451 4682 5130 5091 4959 5119 4854 4953 4994 4936 5287 4851 5171 4752 4693 5507 5092 4938 4953 5116 5131 5120 4917 5264 5313 4839 5310 5323 5101 5194 4902 5202 4806 5285 5048 4882 5187 5470 5314 5010 4861 4680 4997 4866 4787 4907 4987 5053 5019 5016 5219 4540 5173 4842 5152 5621 4625 5051 5332 4874 5130 4798 4822 5091 4653 4643 5209 4873 5037 4446 5422 5177 5187 5005 4626 4862 5202 5116 5115 4971 5534 5004 5022 4889 4948 5079 4931 4985 5084 4868 4812 5343 4887 
4919 4955 4909 5368 5384 5017 4997 5230 5157 5356 4669 5545 5099 5360 4914 5033 4709 4999 5401 5049 4690 4725 4815 5007 4894 5246 4682 5076 5150 5521 4807 5146 5273 5202 5284 5407 4466 5761 5003 4869 4533 4756 4715 5331 4890 4927 5243 5133 4952 4750 4793 4941 5396 5183 5142 5488 5297 5015 5094 4812 5336 5005 5058 4931 4956 5181 4831 4919 5333 5375 4604 5308 5026 4863 5029 5378 5322 5075 5056 4824 5370 4957 5361 4897 4903 4658 4804 4938 5015 5267 5377 5320 4949 5312 4590 5560 5328 5342 5034 4552 4953 5150 4575 4891 4911 4570 5156 4593 5213 4968 4864 4864 5144 5523 5050 5851 5383 5105 4922 5045 5037 5302 5768 4897 4944 5187 5019 4656 5262 5153 4893 4864 5212 4977 5162 5012 5126 5330 5046 5054 5051 5009 5300 5219 5179 5352 4944 5342 4941 5066 5340 4975 4589 4933 5133 5169 5177 4846 5234 5121 5180 4863 5472 5596 4671 5094 5153 4986 5156 4978 5115 5136 4940 5303 5050 5427 4890 4730 5713 5184 5013 4920 5258 5068 5009 4771 5560 5031 5133 5463 5244 5048 4988 5078 5203 4927 5471 5123 4903 5038 5395 5292 4913 4871 4744 5271 5066 4957 4786 5118 5053 5093 5029 5035 4848 5303 4674 5411 5713 4958 4965 5466 5157 4844 5047 4786 5221 4940 4515 5242 5027 4760 4621 5336 4870 5285 4996 4971 5074 5284 4968 4804 5015 5400 5241 4991 4815 5015 5097 4778 5160 5169 5179 4935 5143 4969 
4958 5213 5160 5596 5519 4928 5185 5206 5123 5345 5066 5379 5246 5374 5013 4946 4650 4951 5267 4906 4799 4578 4801 4918 5170 5215 5060 5167 5406 5245 4905 5022 5287 5151 5517 5323 4714 5599 5173 5084 4665 4750 4986 5377 4933 5422 5122 5145 5227 4969 5133 4722 5659 5297 5025 5425 5483 5224 5260 5191 5343 5192 4998 5063 4909 5450 4972 4821 5497 5205 5181 5426 5112 5426 4943 5226 5302 5275 4914 4798 5094 5067 5268 5285 5261 4756 4955 5103 5244 5262 5613 5268 5007 5231 4801 5624 5243 5031 5154 4993 5060 5311 5305 5253 5050 4719 5173 5032 5400 5252 5214 5052 5407 5453 5227 5691 5313 5273 4998 5053 5170 5280 5813 4916 4909 5008 4869 4762 5507 5451 5079 4965 5048 5117 5372 5210 5177 5487 5114 5199 5169 5288 5374 5310 5248 4951 4807 5441 5326 5294 5259 5411 4680 5042 5274 5247 5037 5038 5370 5099 5317 5152 5616 5723 4757 5418 5073 5121 5403 4905 5118 5373 5327 5340 5109 5501 5042 5166 5762 5259 5185 4831 5184 5275 5353 4955 5587 5487 5083 5250 5261 5090 4844 5077 5242 5084 5448 5427 5235 5451 5434 5381 5035 4912 4995 5172 5020 5038 4962 5068 5533 4953 4863 5600 4839 5246 4954 5397 5667 4966 5352 5393 4872 5324 5086 5101 5584 4936 4695 5144 4999 5145 4587 5396 5084 5449 5173 4916 5073 5211 4915 5139 5182 5521 5214 5365 5095 5300 4982 5025 5181 5217 4957 5238 5043 5123 
5208 5466 5097 5764 5666 5442 5330 5263 5331 5421 4969 5905 5602 5456 5097 4846 4836 5266 5851 5228 4839 4968 5165 5402 5165 5492 4841 5155 5449 5556 5131 5508 5245 5380 5490 5713 5134 6036 5491 5358 4916 4902 5037 5566 5565 5309 5637 5019 5586 5481 5031 5066 5729 5454 5420 5814 5369 5353 5112 5087 5535 5636 5525 4981 5194 5639 5297 5174 5962 5513 5200 5535 5310 5511 5239 5685 5658 5238 5406 5153 5551 5335 5433 5117 5361 5032 5288 5502 5338 5104 5980 5354 5300 5594 5319 5463 5236 5527 5402 5091 5487 5711 5274 5023 5094 4720 5520 5039 5437 5430 5305 5215 5401 5629 5599 5954 5444 5392 5300 5245 5190 5602 6045 5043 5104 5324 5238 4820 5359 5557 5206 5343 5389 5352 5575 5333 5142 5795 5225 5267 5498 5073 5481 5587 5581 5455 5134 5706 5431 5427 5650 5407 5097 5089 5277 5286 5159 5401 5610 5488 5568 5380 5663 5736 5043 5690 5425 5327 5534 4936 5524 5427 5133 5397 5134 5646 5085 5202 5961 5551 5297 5066 5330 5485 5435 5263 5867 5551 5260 5902 5527 5108 5400 5410 5395 4926 5529 5410 5254 5538 5472 5714 5433 4932 5004 5565 5486 5193 5157 5441 5447 5410 5347 5829 4828 5479 5233 5693 5997 5118 5277 5563 5316 5503 5414 5210 5578 5210 4719 5855 5336 5423 4975 5464 5391 5480 5499 5201 5143 5431 4994 5364 5494 5759 5489 5655 5012 5452 5256 5216 5202 5492 5156 5343 5389 5195 
4993 4877 5015 5096 5035 4768 5130 5062 5139 5259 5116 5220 5247 5119 4906 4947 4531 4940 5357 4920 4482 4608 5143 5031 5084 5277 4519 5017 5178 5437 4854 5596 5042 5249 5316 5479 4713 5852 5090 4899 4654 4768 4656 5381 5349 5010 5161 4990 5159 4732 4874 4764 5347 5085 5042 5590 5267 4865 4968 5081 5289 4808 5084 4885 4608 5000 4966 4791 5569 5441 4778 5282 5222 5100 5067 5183 5112 5249 5090 5066 4961 5159 5316 5029 4961 4709 4988 4927 5091 4760 5478 5144 4985 4948 4679 5335 5192 5253 5022 4787 5064 5337 5069 4984 4987 4722 5217 5093 5081 5352 5168 5162 5157 5057 5096 5450 5120 5029 5030 5230 5178 5341 5571 5051 5044 5066 4828 4585 5124 5221 4706 5033 5039 4991 5038 4916 5068 5190 4868 5194 5218 4839 4919 5339 5368 4917 4857 5269 4903 5229 5256 5111 4877 4886 5075 5271 4965 5003 5175 4942 5310 5198 5437 5641 4690 5186 5150 5023 5226 4893 5159 5014 5091 4935 4900 5469 5183 5019 5306 5356 5010 4909 5152 5232 4940 4707 5609 5391 4997 5451 5133 4822 5330 4860 5232 4897 5375 5373 4934 5168 5364 5322 5503 5055 4734 5057 5092 4863 4937 4935 5364 5055 4990 4789 4867 4993 4776 5460 5734 4926 5187 5374 4936 5358 5115 4887 5459 5140 4590 5338 4949 5134 4512 5032 4688 5353 5022 4729 5290 4825 5197 5073 5009 5752 5021 4941 5098 5107 4749 4955 4970 5347 4945 4968 4903 5057 
5116 4948 5251 5555 5568 5081 5055 5057 5097 5149 4940 5434 5366 5097 5103 5251 4445 4981 5268 4936 4569 4681 5046 5233 5173 5325 4778 5304 5173 5416 5151 5347 5273 5364 5397 5476 5194 5730 5255 5154 4646 4899 5008 5462 5094 5258 5391 5040 5272 5219 5118 4738 5581 5441 5654 5503 5469 4962 5124 5051 5580 5258 4996 5033 5035 5439 5168 4977 5677 5369 4871 5433 5204 5113 5170 5351 5123 5122 5212 5109 5391 5290 5416 5159 5167 4946 5329 5279 5245 5141 5580 5303 5276 5238 5006 5550 5206 5282 5162 4657 5214 5631 5183 5190 5065 4833 5207 4891 5334 5269 4999 5210 5200 5289 5593 5612 5408 4924 4897 5026 5324 5324 5787 5000 5193 5146 5004 4957 5196 5463 5056 5033 5195 4995 5015 5077 5001 5746 4982 4804 5313 5016 5504 5386 5135 5343 4964 5269 5267 5296 5431 5127 4941 5023 4861 5248 4601 5098 5373 5156 5280 5086 5433 5762 4883 5031 5297 5039 5443 4720 5284 5274 5058 5209 4986 5586 5069 5049 5700 5265 5030 4940 5370 5539 4934 4931 5763 5496 5177 5491 5391 5173 5135 5206 5387 5067 5614 5567 4796 5249 5342 5271 5294 4946 4718 5237 5153 5134 4805 5160 5520 5068 4947 5279 4877 5084 4662 5475 5798 4986 5312 5441 5141 5292 4916 5194 5378 5333 4789 5444 5028 5216 4827 5337 5013 5407 5327 4954 5252 5354 5140 5021 5099 5590 4996 5160 5031 5197 5012 4948 5225 5375 4955 4861 5176 4898 
5365 5611 5318 5850 5729 5466 5629 5458 5325 5846 5162 5602 5819 5530 5367 5368 5020 5243 5726 5256 5127 5170 5334 5218 5541 5485 5063 5152 5745 5770 5388 5707 5804 5741 5658 5918 5368 6350 5598 5501 5120 5059 5325 5818 5819 5207 5750 5713 5397 5480 5462 5194 5736 5782 5638 5846 5650 5654 5240 5389 5814 5393 5249 5434 5544 5908 5502 5232 6201 5429 5213 5759 5603 5384 5204 5574 5456 5454 5325 5606 5383 5557 5810 5680 5258 5236 5617 5416 5673 5376 5898 5556 5571 5672 5241 5850 5786 5771 5400 5152 5671 5754 5601 5529 5194 5104 5749 5054 5576 5515 5368 5194 5658 5737 5932 6354 5592 5503 5568 5408 5515 5676 6166 5269 5213 5642 5401 4980 5651 5705 5419 5539 5565 5384 5566 5465 5340 5955 5536 5600 5326 5344 5588 5712 5500 5630 5411 5916 5464 5806 5817 5413 5225 5538 5551 5644 5243 5503 5575 5761 5808 5698 5941 5956 5244 5741 5738 5397 5649 5373 5617 5851 5276 5775 5539 5746 5564 5447 6230 5497 5584 5117 5684 6059 5415 5172 5670 5781 5305 5831 5869 5676 5594 5656 5453 5411 5753 5803 5366 5748 5886 5696 5615 5309 5065 5741 5687 5320 5208 5326 5840 5176 5382 5617 5145 5517 5594 5982 6150 5559 5662 5894 5441 5682 5535 5442 6042 5372 5086 5583 5447 5627 4990 5511 5518 5729 5676 5069 5671 5917 5642 5760 5748 5873 5430 5670 5585 5902 5272 5216 5329 6061 5244 5463 5557 5078 
4913 4720 4750 5421 5475 4859 4992 4872 4857 5381 4758 5185 4961 4836 4606 4961 4540 4941 5160 4928 4795 4361 4698 4859 4727 4795 4548 4995 4989 5073 4874 4870 4910 5098 5163 5103 4677 5442 4572 4798 4354 4488 4643 5145 4889 4844 5165 4748 4881 5041 4832 4419 5161 4949 5268 5328 4996 4739 4915 4748 5177 4894 4635 5045 4892 5300 4752 4749 5340 4930 4682 5069 4993 4922 4841 5151 4693 4661 4633 4664 5137 4974 5190 4636 4629 4544 4709 4930 5197 4757 5219 4988 4834 5188 4624 5004 5077 4966 5185 4752 4837 4950 4918 4939 4844 4485 4956 4276 5018 5214 4872 4766 4942 5171 4985 5299 5199 4757 4742 4805 4918 5211 5798 4888 4858 4972 4666 4594 5165 5044 4914 4702 4731 4884 4951 4841 4391 5213 4546 4861 4851 4748 5134 5139 4921 4963 4669 5039 5045 5060 4981 4932 4747 4818 4917 4864 4499 4859 4911 5080 4897 4821 5322 5226 4661 5258 4826 4697 5097 4645 4986 4849 4783 5080 4940 5082 4906 4730 5446 4990 4868 4860 4837 5189 5140 4879 5159 5091 4623 5274 5188 4840 4994 4697 4751 4787 5369 4970 4902 5024 5223 5097 5004 4955 4613 4750 4900 4788 4108 4632 5136 4827 4809 5338 4431 4806 4613 5116 5384 4714 4910 5262 4850 4919 4624 4770 5145 4721 4534 4949 4842 4946 4472 5116 4980 5284 4949 4537 4788 5128 4881 4662 5253 5463 4732 4897 4925 4941 4723 4651 4789 5287 4834 4826 4951 4545 
5197 5117 4993 5446 5468 5004 5171 5248 5099 5564 5013 5662 5272 5212 5149 4944 4716 5067 5620 5327 4608 4625 4946 5132 5060 5277 4789 5136 5202 5454 4965 5388 5170 5406 5548 5757 4623 5861 5315 5020 4858 4710 4904 5652 5048 5089 5257 5197 5260 5015 5196 4889 5473 5404 5213 5505 5209 5170 5144 5052 5364 5037 4988 5276 5042 5412 5406 4883 5790 5127 5013 5494 5157 5175 5214 5462 5503 5388 5065 5112 5344 5238 5434 4951 5162 4864 5017 5190 5201 5337 5603 5017 5216 5601 5053 5362 5293 5295 5117 4723 5143 5447 5116 5048 5096 4643 5413 5028 5382 5343 5090 4790 5366 5670 5401 5553 5496 5278 5179 5110 5343 5330 5696 5125 5032 5239 5187 4922 5170 5424 5024 5104 5290 5013 5305 5054 5397 5472 5098 5141 5412 4970 5339 5357 5497 5122 4882 5519 4826 5338 5500 5532 5211 5049 5141 5198 5172 5257 5184 5020 5200 5353 5740 5705 4568 5449 5243 5205 5223 4943 5193 5191 5156 5192 4923 5562 5086 5114 6079 5443 5452 4805 4995 5438 5216 5017 5583 5297 5228 5466 5415 5057 5066 5263 5337 5115 5804 5601 5236 5654 5309 5411 5342 4980 5202 5578 5093 5141 5055 5186 5320 5381 5302 5561 4893 5362 5042 5763 5897 4868 5128 5288 5146 5384 5164 4997 5622 4897 4916 5549 5206 5135 4945 5348 5234 5077 5275 5123 5437 5438 5265 5231 5107 5681 5264 5455 5245 5442 4947 5126 4990 5609 5241 5234 5019 5169 
5369 5131 5612 6168 5685 5628 5659 5614 5460 5842 5372 5902 5677 5902 4964 5537 5045 5312 5773 5488 5181 4958 5418 5414 5607 5721 5189 5272 5685 5826 5338 5896 5554 5823 5665 5999 5317 6103 5419 5374 5206 5121 5452 5801 5251 5488 5570 5527 5679 5373 5612 5276 5862 5718 5851 6236 5792 5464 5433 5586 5744 5472 5299 5229 5446 5633 5494 5210 5972 5651 5194 5707 5247 5610 5347 5476 5655 5495 5310 5327 5417 5685 5928 5602 5572 5064 5294 5664 5525 5367 6090 5696 5196 5419 5223 5858 5602 5679 5402 4951 5598 6038 5506 5471 5411 5011 5576 5126 5557 5620 5600 5363 5447 5962 5801 6164 5805 5379 5586 5538 5689 5811 6439 5236 5574 5418 5226 4909 5611 5745 5520 5124 5602 5425 5817 5203 5504 6237 5513 5605 5569 5369 5578 5755 5826 5603 5370 5512 5504 5527 5665 5533 5434 5521 5562 5804 5451 5417 5684 5542 5670 5881 5876 6028 4998 5741 5470 5584 5805 5245 5816 5715 5422 5536 5414 6073 5430 5367 6308 5725 5534 5280 5116 5828 5445 5269 6030 5825 5353 5761 5595 5752 5513 5591 5550 5262 5908 5723 5354 5526 5913 5810 5520 5364 5347 5479 5508 5504 5281 5384 5740 5483 5277 5762 5297 5546 5039 5752 6048 5286 5462 5752 5429 5452 5594 5524 5849 5226 5225 5640 5491 5638 5048 5679 5737 5840 5385 5156 5511 5891 5502 5511 5515 5981 5292 5572 5472 5684 5197 5437 5395 5692 5628 5508 5184 5336 
5096 4988 4652 5483 5110 4967 5054 5047 5091 5248 4662 5326 5010 5384 5028 4965 4426 4801 5168 4852 4590 4654 4880 4857 4933 5063 4713 4663 5127 5210 4908 5106 5136 5241 5401 5365 4568 5776 5341 4963 4551 4576 4738 5375 4909 5022 5156 4818 5093 4799 5032 4713 5244 4918 5108 5518 4976 4948 5043 5075 5278 4849 4909 4704 4916 4969 5214 4779 5457 5058 4577 5126 5024 4969 4889 5201 5139 5016 4931 4806 5133 4718 5162 4800 4822 4506 4951 4935 4930 4844 5437 5256 5044 5081 4800 5179 5044 5029 5138 4692 5070 5032 4972 4966 4756 4331 5243 4545 5175 4895 5010 4915 4988 5104 5211 5559 5297 5119 4860 4964 4897 5432 5439 4761 5060 5011 4898 4586 5041 4978 4905 5002 4731 4859 5167 4859 4962 5027 5038 5003 5208 4644 5439 5194 5039 4852 4941 5301 5052 4860 5249 5033 4823 4894 4891 4906 5115 4945 4982 5122 5227 5135 5472 5417 4887 5189 5031 4976 5287 4702 5007 4878 4941 5051 4754 5485 4959 4989 5489 5376 5036 4726 4925 5243 5163 4563 5573 5307 4768 5312 5226 5081 5012 5105 4983 4903 5408 5262 5046 5235 5053 5409 5090 4739 4934 5272 5355 4759 4838 4932 4936 5033 5049 4975 4665 5085 4818 5563 5643 4933 4881 5161 5038 4856 5212 4838 5423 4931 4414 5120 4891 4761 4424 4943 4700 5150 4975 4804 5135 5104 4919 5114 5258 5640 4963 5087 5042 5176 4763 4836 4886 5258 5090 5095 5011 4754 
5036 4941 4855 5538 5541 5012 4921 5039 5142 5118 5030 5366 5366 5286 4893 5234 4455 4997 5519 4923 4902 4960 4898 5017 5174 5094 4870 5078 5235 5584 4945 5090 5445 5194 5310 5457 4955 5731 4773 5154 4533 4626 4921 5301 5110 5278 5423 4964 5299 4998 4769 4802 5347 5170 5277 5562 5331 5207 5065 4847 5467 5338 4977 5155 5030 5322 4916 4905 5558 5253 4772 5326 4753 5204 5151 5559 5333 5007 5137 4896 5046 5327 5342 5066 4970 4413 5007 5351 5078 5193 5495 5154 5032 5129 4729 5566 5184 5380 5101 4654 5012 5557 5135 5101 5089 4778 5342 4907 5275 5351 4979 5117 5272 5423 5481 5794 5368 4956 5011 5065 5279 5195 5578 4837 5057 5129 5138 4792 5146 5279 4888 4903 5331 5087 5146 4862 5275 5498 5329 5081 5095 5197 5298 5511 5283 5033 4787 5672 5375 5046 5412 5362 5026 4996 5170 5057 4681 5147 5514 5126 5132 5060 5447 5432 4840 5197 5099 5060 5353 4773 5423 5098 4961 5426 5056 5403 5089 5169 5648 5021 5181 4892 5259 5276 5119 4832 5497 5524 4899 5597 5521 5270 5095 5223 5121 5230 5756 5302 4964 5217 5616 5319 5106 5032 4847 5394 5075 5008 4839 4921 5347 5044 5343 5234 4968 5332 4685 5381 5883 5250 5218 5314 4977 5049 4988 4859 5479 4921 4478 5240 4942 5177 4819 5258 5167 5588 5278 4527 5153 5441 5094 5124 5334 5244 5019 5162 5320 5489 4869 4987 5118 5505 5039 5103 5210 5051 
5094 5197 5237 5554 5776 5137 5135 4915 5186 5299 4925 5521 5328 5487 5188 5078 4810 4818 5510 4887 4615 5086 4997 4990 5150 5172 4866 5053 5313 5426 4966 5255 5145 4992 5370 5317 4845 5790 5280 5063 4879 4853 5048 5299 5447 4946 5444 5309 5198 5039 5248 4816 5590 5213 5316 5377 5365 5197 5071 4869 5169 5190 5293 5123 5060 5285 5373 4949 5585 5553 4852 5553 5135 5222 5189 5217 5346 5213 5009 4780 5302 5266 5314 5423 4978 4696 4941 5026 5085 5126 5554 5115 5203 5010 4886 5656 5676 5137 4901 4811 5222 5406 5104 5177 4993 4696 5179 4838 5269 4905 5161 5111 5246 5408 5130 5660 5378 4918 5105 5163 5262 5459 5805 4877 5102 5131 5047 4955 5409 5596 5066 4976 5316 4987 5411 5047 5271 5617 5148 5102 5223 5118 5181 5478 5247 5288 5037 5566 4971 5192 5228 4990 4963 5056 5066 5409 5169 5050 5282 5092 5509 5237 5737 5555 4902 5456 5337 5192 5315 4838 5135 5321 5172 5241 5415 5359 5045 5036 5797 5054 5052 4955 5059 5499 5034 5028 5520 5407 5132 5371 5600 5235 5083 5078 5475 5094 5466 5561 5088 5403 5305 5366 5238 4747 5035 5350 5219 5032 5130 5023 5420 4902 5107 5051 4912 5146 5059 5472 5619 4916 5286 5618 5245 5359 5315 5075 5455 5033 4606 5249 5228 5056 4544 5151 4959 5491 5092 4888 5148 5342 5101 5065 4934 5574 5057 5113 5124 5444 5080 5074 5000 5610 5302 5192 5312 4867 
5305 5261 5201 5490 5620 5375 5697 5073 5346 5773 5275 5488 5542 5508 5479 5211 4744 5323 5647 5304 4994 5138 5524 5456 5566 5336 5128 5028 5493 5414 5256 5546 5796 5622 5584 5749 5260 5915 5519 5292 4856 5074 5224 5735 5522 5423 5496 5452 5261 5315 5279 5125 5777 5499 5700 5947 5868 5507 5451 5554 5706 5408 5396 5300 5534 5625 5161 5039 5768 5657 4978 5420 5466 5366 5081 5611 5230 5506 5202 5469 5379 5491 5984 5387 5037 4994 5266 5513 5267 5275 5799 5331 5322 5402 4952 5844 5184 5807 5241 5004 5349 5694 5304 5322 5146 4822 5496 4939 5679 5356 5518 5259 5602 5505 5737 5915 5607 5362 5378 5436 5559 5594 6134 5131 5087 5461 5250 4986 5594 5455 5243 5207 5643 5146 5636 5296 5343 5881 5243 5200 5183 5280 5634 5322 5704 5192 5264 5701 5516 5745 5562 5676 5403 5247 5447 5376 5214 5375 5515 5521 5440 5405 5734 5864 4996 5737 5535 5256 5635 5219 5551 5503 5264 5481 5283 5889 5495 5288 5939 5485 5629 4956 5767 5672 5571 4961 5871 5693 5378 5675 5579 5554 5288 5545 5346 5484 5861 5703 5239 5582 5598 5702 5484 5124 5368 5616 5349 5290 5284 5302 5529 5264 5030 5630 4888 5490 5244 5739 6000 5360 5148 5576 5472 5384 5155 5366 5882 5182 4816 5651 4895 5343 4930 5531 5593 5734 5500 5061 5525 5736 5492 5294 5434 5658 5389 5469 5639 5688 5145 5137 5448 5633 5202 5270 5570 5304 
5072 4948 4940 5369 5374 5021 5021 5198 4939 5483 4917 5452 5421 5224 4869 5022 4648 5061 5531 5114 4718 4769 5088 5246 5152 5151 4758 4894 5316 5326 5022 5318 5220 5257 5461 5199 4973 5832 5277 5007 4699 4686 4790 5459 4932 5174 5360 4821 5202 5206 5191 4916 5310 5462 5202 5660 5111 5129 5043 5131 5264 5025 5217 4848 4872 5526 5043 4864 5585 5088 4636 5361 5177 4968 4976 5377 5137 5335 5105 5128 4974 4957 5508 4911 5126 4822 5074 5116 5206 5127 5686 4978 4935 5376 4969 5587 5127 5199 5072 4999 5170 5483 5148 4998 4988 4620 5331 4919 5203 5419 5041 4784 5399 5247 5392 5761 5572 5214 5109 5228 5347 5342 5845 4925 4960 4928 5032 4865 5295 5412 4853 5224 5159 4960 5399 5134 5143 5458 4997 5228 5042 4860 5248 5012 5382 4909 5051 5282 5012 5134 5133 5245 5161 5058 4987 5027 5094 4984 5043 5010 5342 5243 5442 5673 4821 5460 5186 5348 4980 4713 5133 5159 5057 5414 5196 5728 4949 4989 5871 5223 5143 4777 5170 5245 5073 5121 5638 5159 4901 5415 5256 5022 5168 5234 5314 4870 5529 5407 5305 5185 5498 5545 5444 4806 4982 5200 5197 4982 4636 5142 5237 5131 4980 5432 4756 5330 5013 5361 5781 4828 5015 5582 5122 5126 4919 5058 5594 5063 4659 5241 4924 4893 4843 5177 5056 5327 5007 4893 5282 5369 4998 5206 4973 5716 5207 5140 5004 5185 4717 4980 4903 5391 5150 4922 5279 5115 
5219 5396 5403 5570 5827 5393 5489 5399 5659 5944 5398 5720 5777 5763 5101 5324 5010 5498 5973 5337 5094 4883 5249 5393 5571 5471 5181 5233 5591 6036 5342 5890 5565 5754 5827 5975 5054 6126 5657 5425 5209 4888 5361 5692 5399 5650 5588 5415 5445 5367 5408 5112 5450 5592 5566 5974 5438 5242 5425 5258 5821 5673 5469 5199 5471 5613 5369 5221 5964 5733 5420 5634 5194 5421 5302 5880 5450 5627 5362 5243 5566 5541 5766 5189 5090 4629 5282 5441 5388 5352 5893 5228 5399 5662 5313 5928 5623 5527 5395 4876 5693 5625 5304 5380 5211 4837 5599 5109 5544 5666 5518 5174 5548 5707 5468 6144 5411 5443 5516 5593 5551 5724 6068 5404 5295 5586 5495 5230 5521 5529 5502 5325 5617 5283 5630 5587 5626 5809 5409 5423 5403 5083 5846 5744 5777 5336 4940 5596 5154 5407 5680 5808 5077 5279 5376 5217 5241 5451 5707 5589 5835 5544 6041 6153 4977 5690 5740 5451 5638 5205 5621 5636 5461 5634 5529 5937 5521 5266 6062 5734 5586 5146 5616 5608 5422 5140 5904 5451 5161 5898 5933 5643 5597 5484 5662 5420 6010 5564 5673 5609 5658 5818 5622 5438 5425 5835 5498 5273 5136 5357 5597 5488 5232 5734 5106 5309 5168 5705 6234 5423 5427 5562 5545 5226 5553 5407 5463 5298 5085 5380 5061 5423 4932 5461 5244 5775 5205 5076 5646 5647 5715 5561 5444 6263 5576 5527 5626 5572 5164 5536 5295 5699 5373 5368 5332 5454 
4699 5044 5061 5591 5642 4968 5116 5192 5066 5333 5091 5462 4998 5377 4996 5063 4667 5148 5557 5083 4769 4687 4720 5002 4913 5369 5067 5154 5352 5461 4966 5558 5468 5404 5583 5650 4709 6023 5155 4900 4877 4957 4862 5398 5051 5095 5130 5018 5210 4969 4941 4999 5410 5287 5423 5673 5678 5064 5030 4903 5581 5205 4936 5292 4918 5444 5367 5122 5842 5525 4947 5420 4857 5050 5373 5606 5372 5280 5018 5015 5320 5438 5548 5078 5335 4721 4876 5289 4936 5117 5670 5394 5271 5348 4771 5378 5434 5080 5246 4853 5261 5400 5193 5137 4861 4822 5328 4848 5492 5105 5012 5042 5434 5376 5442 5648 5408 5376 5367 5160 4981 5538 5856 5074 5186 5138 5016 4681 5436 5312 5342 5035 5122 4936 5255 5308 5235 5263 5309 5211 5152 5097 5434 5406 5416 4968 5242 5444 5066 5190 5114 5146 4746 5067 5207 5169 5120 5184 5137 5257 5405 5251 5754 5627 4729 5426 5306 5158 5431 4954 5358 5371 5311 5414 5075 5799 5134 5049 5735 5510 5229 4959 5281 5281 5357 4871 5533 5164 5075 5345 5299 4962 5317 5126 5233 5046 5614 5682 5020 5507 5365 5369 5229 5057 4780 5494 5285 5119 4829 5003 5611 5281 5142 5305 4617 5523 4920 5645 5706 5056 5239 5452 5147 5122 5076 4935 5330 4970 4850 5397 5067 5082 4822 5191 5131 5414 5403 4933 5096 5473 4987 5149 5016 5630 5427 5240 4969 5174 5264 5003 5326 5569 5336 5211 5228 5008 
4741 4533 4550 5101 5009 4421 4526 4669 4328 4951 4572 4913 4997 5006 4419 4574 4090 4630 5016 4842 4430 4059 4603 4743 4439 4591 4441 4352 4661 4954 4626 4952 4526 4977 5000 5039 4303 5074 4739 4468 4398 4353 4200 4823 4675 4756 4475 4510 4595 4503 4546 4552 4836 4684 4636 4983 4781 4518 4377 4621 4946 4515 4533 4474 4650 4753 4841 4752 5335 4548 4334 5028 4492 4734 4481 4801 4889 4664 4385 4531 4374 4734 4912 4498 4699 4040 4507 4609 4570 4726 5056 4974 4745 4714 4377 4886 4795 4702 4675 4399 4801 5145 4638 4472 4602 4252 4675 4446 4751 4833 4530 4729 4800 4978 4732 5127 4617 4701 4601 4675 4739 4725 5138 4351 4502 4651 4333 4273 4790 4622 4141 4396 4755 4545 4837 4476 4775 5037 4621 4687 4541 4544 4796 4952 4879 4722 4538 5233 4495 4819 4886 4740 4356 4506 4634 4732 4262 4838 4675 4800 4774 4852 4988 4653 4197 4810 4903 4836 4817 4448 4371 4761 4497 4754 4648 4836 4671 4692 5292 4850 4468 4445 4785 5034 4611 4393 4835 4954 4301 4866 4869 4610 4671 4899 5003 4616 5182 4919 4777 4732 4868 4816 4801 4317 4665 5077 4713 4445 4340 4464 4784 4635 4533 4724 4389 4664 4445 5023 5093 4438 4907 4739 4596 4749 5131 4630 4990 4601 4336 4880 4580 4549 4412 4948 4797 4807 4591 4387 4688 4810 4533 4768 4598 5066 4663 4788 4666 4983 4295 4550 4520 5174 4426 4735 4694 4612 
5063 5060 4896 5716 5572 5169 5394 4896 5197 5436 4653 5405 5219 5142 4833 5016 4807 4896 5630 5025 4530 4721 5035 5040 5166 5024 4696 5051 5295 5556 5038 5185 5289 5004 5418 5223 4765 5752 5083 4902 4790 4642 4989 5512 4956 5024 5366 5017 5150 4708 5096 4791 5503 5347 5097 5424 5254 5147 4983 4906 5160 5129 5051 4996 4926 5327 5015 4748 5553 5229 4868 5095 4987 5075 5036 5192 5311 4969 4938 4850 5213 5092 5525 5052 4863 4603 5034 5255 5340 4873 5387 4919 4755 5119 4885 5457 5541 5310 5238 4893 4905 5425 5161 5097 5018 4712 5245 4877 5247 5299 5237 5076 5214 5201 5254 5549 5421 5222 4941 5111 5180 5478 5659 5035 5175 5016 5277 4675 5402 5487 4973 5164 5013 4890 5327 4854 4875 5491 5322 4958 5083 5061 5317 5237 5367 5049 4671 5202 5108 5035 5351 5263 4926 4879 5101 5159 4902 5095 5234 5348 5274 5098 5408 5434 4714 5334 4945 4955 5111 4764 5425 4889 5069 5187 5056 5475 4995 4927 5368 5082 5074 4696 5180 5593 5296 4959 5453 5298 4832 5352 5240 5142 5178 5092 5101 4939 5251 5317 4992 5339 5379 5390 5354 4973 4878 5180 4928 4994 4967 5364 5268 5063 4894 5540 4931 5273 4845 5437 5616 5073 5119 5329 4957 5411 4993 5079 5433 5226 4638 5363 4993 5192 4768 5234 4921 5225 4987 4779 4983 5073 4998 5165 4887 5457 4934 5270 5313 5328 4921 4688 5117 5495 4911 5109 4949 4890 
4877 4510 4935 5335 5073 4922 4929 4851 4856 5157 4629 5118 4949 5053 4856 4755 4419 4752 5110 4747 4371 4351 4716 4840 5021 5077 4521 4589 4857 5195 4806 4868 5029 4895 5066 4817 4297 5517 4794 4658 4726 4459 4798 5368 4747 4890 5387 4893 4819 4746 4974 4496 5319 4797 4853 5272 5055 4982 4776 4451 4933 4813 4650 4745 4531 5293 4997 4695 4977 4813 4671 4837 4548 4749 4863 4837 4896 4619 4737 4932 4976 5024 5288 4910 4575 4561 4499 5018 4728 4709 5343 4716 4647 4899 4522 5258 5018 4986 4677 4500 4668 5107 4966 4916 4927 4507 5005 4511 4872 4993 4834 4656 4929 4892 4924 5361 4926 4724 4774 4512 4970 5102 5514 4537 4963 4716 4624 4663 5137 5140 4597 4789 5221 4945 5185 4592 5001 5269 4668 5005 4806 4668 5271 5120 4905 4611 4575 4989 4757 5148 4659 5190 4690 4753 4723 4865 4491 4683 5009 4715 5172 4832 5219 5094 4479 4918 4921 4909 5126 4737 5027 4901 4859 4860 4618 5152 4889 4721 5253 4626 4851 4469 4717 5198 4914 4686 5211 4916 4729 5038 4917 4804 4717 4766 4818 4936 5305 5157 4572 4868 5233 5213 4999 4876 4706 5014 4668 4853 4635 5164 5235 4588 4615 5003 4688 4804 4423 5251 5349 4686 5077 5214 4709 4840 4577 4832 5316 4651 4506 5143 4571 4841 4373 4939 4526 5175 4702 4712 5029 4979 4704 4875 4875 5309 4774 4995 5135 4814 4513 4822 4622 4742 4601 4831 4521 4630 
4844 4669 4576 4999 5099 4920 4792 5085 4942 5246 4736 5280 5129 5118 4567 4873 4564 4823 5233 4944 4555 4515 4827 4852 5008 5076 4592 4853 4951 5195 4537 5032 4888 4968 5349 5159 4588 5595 5108 4980 4454 4531 4834 5138 4739 4960 5028 4942 5004 4868 4846 4463 5230 5029 5077 5549 5102 4824 4835 4859 4974 4755 4832 4754 4616 5111 4661 4844 5313 5111 4629 5323 4712 5139 4835 5240 5033 4735 4733 4777 4979 5141 5250 4822 4807 4148 4671 4918 4937 5062 5268 4956 4697 4877 4580 5367 4999 5060 4904 4797 4902 5436 5087 4732 4861 4460 4953 4620 4977 4817 4820 4798 5260 4952 5095 5558 5126 4897 4843 4857 4895 5177 5512 4597 4906 5051 5004 4518 4934 5017 4766 4817 4965 4889 5030 4817 4718 5548 4678 4910 4760 4636 4981 5333 5008 4571 4920 5122 5112 4775 4886 5110 4992 4725 5239 5032 4805 4755 4948 4887 5175 5072 5237 5314 4509 5233 4959 4900 4989 4708 5116 4939 4716 4976 5023 5202 4890 4661 5490 5110 4907 4627 4763 5281 4978 4834 5380 5042 4903 5197 4943 5010 4984 4704 5007 4786 5352 5117 4842 5168 5219 5058 4957 4914 4637 4952 4937 4994 4468 4951 5074 4914 4939 5030 4848 5140 4621 5146 5652 4928 4853 5286 4593 4956 4994 4784 5215 4796 4715 5029 4731 4913 4458 5146 4977 5068 4832 4676 5038 4981 4938 4683 4819 5486 5025 4844 4706 4892 4873 4895 4790 5090 4835 5074 4713 4825 
5259 5047 5109 5573 5438 5055 5354 5476 5206 5331 5137 5842 5214 5472 4876 5109 4615 4966 5492 4966 4922 4729 4994 5313 5080 5208 5069 5161 5490 5359 5211 5471 5350 5305 5485 5189 4839 5723 5053 5076 4804 4749 4958 5413 4996 5181 5269 5025 5301 5250 5315 4933 5579 5455 5231 5691 5732 5149 5075 5390 5195 5334 5137 5402 4956 5521 5463 5132 5776 5372 5096 5868 5115 5209 4880 5213 5121 5168 4949 5082 5408 5084 5538 4968 5143 5114 5109 5241 5248 5176 5543 5248 5270 5355 5019 5388 5451 5448 5144 4950 5301 5372 5159 5349 5187 4893 5450 4836 5225 5255 5243 5010 4975 5787 5548 5546 5348 5176 4996 5103 5346 5349 5962 5030 5480 5141 4959 4924 5351 5223 4983 5151 5161 4908 5421 5021 4848 5540 4986 5113 5110 5110 5667 5289 5352 4985 5270 5327 5309 5350 5300 5229 4862 5191 5125 5261 4908 5084 5454 5209 5328 5547 5553 5801 4924 5531 5264 5165 5460 5026 5188 5280 4887 5164 5514 5682 5006 4929 5848 5253 5368 5107 5104 5711 5227 4907 5455 5199 4886 5489 5342 5486 5278 5228 5418 5052 5593 5671 5224 5386 5536 5425 5392 4985 4931 5415 5274 4941 4998 4979 5304 5145 4926 5514 4775 5635 5041 5676 5628 5177 5331 5547 5004 5414 5207 5242 5519 4985 4751 5440 5020 4942 4946 5110 5378 5379 5219 4978 5243 5423 5171 5005 5309 5747 5232 5131 5134 5128 5117 5122 5225 5362 5285 5283 5290 5071 
4728 4478 4847 5313 5333 4715 4843 5091 4875 5128 4798 5054 5003 5028 4920 4558 4560 4967 5209 4613 4527 4372 4747 5020 5135 5044 4666 5051 4996 5288 4882 5200 5190 4936 5379 5186 4902 5427 4869 4681 4602 4487 4640 5195 4763 4868 4906 5200 4942 4771 4812 4623 5248 4791 5162 5323 5117 5061 4920 5111 5302 4938 4957 4877 4768 4942 5011 4750 5531 5006 4688 5091 4626 4793 4774 5019 4985 5086 4544 4636 4918 4888 5311 4818 4613 4579 4565 4820 4810 4758 5243 4864 4914 5019 4612 5357 4920 4985 4894 4689 5249 5289 4990 4908 4744 4417 5202 4477 4896 4828 4886 4546 5050 5028 4970 5487 5141 5033 4796 4866 4990 5030 5328 4740 4898 4807 4566 4344 5124 4928 4551 4642 4791 4562 4929 4843 4725 5229 5054 4931 4592 4598 5245 4887 5142 4808 4995 5220 4872 5126 5097 5017 4655 4662 4921 4928 4785 4954 5031 4885 4890 4967 5240 5597 4653 5124 4932 4682 5171 4797 4866 4828 4982 4994 4891 5207 4852 4878 5303 5060 4896 4448 5094 5131 5035 4461 5104 5266 4555 4850 5001 4908 4768 4953 4849 4765 5177 5334 4892 4977 4884 5058 4785 4802 4651 4864 5021 4740 4856 4679 5109 4757 4837 5101 4569 4864 4971 5139 5232 4937 4966 5214 4766 5059 5108 4811 5206 4731 4400 5296 5004 5165 4378 5163 4828 5292 4936 4519 4878 4957 4691 4778 4871 5098 4988 4946 4922 5084 4660 4536 4793 5085 4854 4804 5037 4657 
4933 4835 4640 5413 5371 5181 4988 5115 5055 5467 4994 5414 5390 4977 5036 4690 4512 5244 5347 5178 4521 4514 4936 5023 5078 5158 4609 4651 5314 5361 5015 5240 5038 5089 5549 5352 4559 5695 5174 5252 4559 4554 4668 5426 5126 5034 5166 5065 5067 4915 4712 4754 5222 5400 5115 5475 5097 5089 4996 4943 5249 5084 5021 4765 4906 5262 5027 5062 5496 5217 4831 5359 4934 4888 5103 5396 5047 5112 4862 4898 5215 4739 5263 4900 4934 4737 4670 4941 5048 5222 5384 4792 4847 5157 4910 5249 5363 4973 5007 4743 5339 5482 5165 4892 5114 4357 5139 4788 5264 5357 4982 4926 5241 5022 5160 5722 5097 5077 4971 4976 4989 5227 5480 5190 4817 4998 5047 4765 4978 5194 4732 4894 5063 4743 5166 4791 4801 5582 4760 5001 5103 5003 5146 5330 5338 4877 4916 5263 4763 5301 5164 5020 4833 5042 4880 4856 4798 5127 5323 4937 5232 4885 5378 5441 4588 5339 5153 4945 5318 4797 5090 4800 4927 4939 5022 5566 4949 4926 5500 5064 5006 4741 5086 5139 5134 4981 5455 5328 4849 5294 5147 4836 4851 5131 5076 5055 5280 5421 4726 5027 5235 5200 5286 5008 4928 5064 4929 4973 4719 4974 5151 4866 5028 5215 4701 4961 4743 5109 5569 4661 5183 5514 5020 4981 5151 4950 5325 5073 4769 5350 4783 4870 4576 5329 4929 5195 5268 4962 5348 5403 5141 4837 4972 5871 5066 5047 5300 5179 4830 4817 4870 5164 4974 5056 4942 4904 
5465 5312 4987 5885 5489 5523 5156 5493 5515 5561 5449 5446 5596 5538 5035 5016 4885 4921 5863 5214 4690 5119 5182 5055 5336 5351 4788 5146 5506 5740 5323 5551 5684 5569 5532 5795 4838 6197 5293 5475 4931 5108 5305 5575 5388 5300 5209 5268 5086 5382 5222 4984 5789 5539 5598 5781 5621 5423 5302 5230 5420 5522 5320 5270 5314 5580 5383 5362 5953 5504 5169 5528 5409 5326 5342 5349 5470 5472 5179 5114 5603 5207 5841 5090 5183 5031 5308 5544 5540 5277 5751 5461 5450 5343 4991 5769 5333 5549 5210 4940 5359 5500 5355 5138 5319 4991 5437 5006 5487 5471 5436 5173 5542 5753 5806 5967 5568 5333 5260 5297 5398 5519 6021 4943 5509 5555 5471 5114 5485 5553 5231 5359 5419 5005 5470 5172 5093 5688 5189 5131 5614 5321 5588 5569 5498 5312 5036 5436 5293 5638 5514 5457 5074 5373 5273 5411 5020 5382 5737 5393 5718 5265 5910 6000 4933 5708 5322 5472 5541 5235 5438 5593 5157 5177 5420 5812 5296 5258 5834 5624 5119 5196 5436 5583 5408 5010 5850 5553 5509 5740 5665 5512 5461 5593 5465 5369 5764 5807 5075 5616 5503 5546 5406 5160 5105 5438 5410 5366 5189 5330 5615 5287 5006 5787 4901 5560 5191 5659 6013 5037 5209 5534 5158 5468 5320 5150 5619 5185 4751 5257 5464 5136 4990 5565 5468 5580 5375 5083 5231 5801 5519 5436 5447 5665 5311 5482 5250 5591 5244 4958 5277 5657 5250 5210 5286 5093 
5100 5590 5509 5920 5748 5583 5464 5725 5397 5662 5401 5821 5791 5653 5158 5464 4763 5336 5821 5482 5014 4990 5470 5331 5425 5478 5072 5545 5539 5805 5393 5892 5292 5599 5628 5699 5183 6170 5674 5195 5256 4937 5228 5745 5425 5554 5787 5563 5560 5471 5398 5085 5983 5646 5553 5965 5831 5257 5327 5287 5987 5364 5571 5402 5630 5572 5441 5211 5739 5458 4976 5842 5412 5456 5449 5766 5675 5420 5271 5286 5830 5762 5894 5520 5545 5174 5464 5375 5348 5261 6059 5638 5600 5560 5264 5810 5676 5641 5541 5024 5709 6047 5396 5474 5391 5312 5747 5240 5511 5521 5555 5324 5601 5600 5754 6011 5752 5615 5613 5460 5691 5737 6317 5281 5467 5524 5322 5124 5546 5900 5252 5430 5434 5348 5476 5378 5517 5981 5606 5566 5584 5329 5712 5458 5665 5670 5403 5790 5502 5674 5740 5712 5335 5566 5406 5377 5663 5346 5753 5523 5624 5643 6055 5900 4921 5627 5575 5416 5817 5364 5611 5517 5492 5430 5379 5733 5108 5438 6284 5554 5575 5067 5420 5875 5451 5273 6056 5368 5625 5867 5755 5693 5229 5708 5530 5452 5783 5863 5412 5816 5642 5834 5771 5201 5446 5752 5510 5436 5130 5410 5570 5492 5439 5608 5229 5451 5090 5952 6314 5426 5384 5593 5677 5504 5474 5649 5851 5312 4864 5528 5502 5323 5029 5446 5383 5797 5359 5428 5708 5589 5561 5564 5466 6022 5479 5687 5308 5591 5096 5117 5321 5651 5326 5539 5388 5171 
5284 5480 4954 5945 5482 5291 5442 5267 5331 5608 5200 5689 5503 5518 4987 5315 4970 5373 5464 5180 4832 4729 4912 5211 5174 5404 5106 5273 5562 5528 5420 5371 5584 5760 5759 5781 4929 6164 5432 5366 4896 5005 5101 5446 5296 5445 5347 5250 5252 5175 5376 5130 5479 5548 5452 5908 5734 5173 5499 5574 5555 5435 5152 5279 5067 5386 5311 4939 5939 5521 5166 5478 5338 5326 5072 5172 5424 5031 5325 5182 5374 5242 5661 5152 5283 4988 5248 5613 5128 5166 5628 5235 5379 5575 5200 5755 5616 5570 5258 5067 5371 5574 5353 5135 5302 4918 5751 5056 5390 5288 5546 5273 5266 5784 5569 6149 5475 5245 5355 5228 5209 5428 5901 5104 5314 5533 5189 4979 5304 5522 5183 5166 5545 5175 5524 5428 5347 5898 5095 5437 5517 5296 5392 5534 5468 5156 5121 5577 5486 5428 5755 5510 5184 5519 5265 5246 5284 5236 5459 5412 5474 5474 5952 5789 4779 5413 5459 5517 5577 5297 5390 5519 5262 5446 5304 5749 5091 5173 6189 5590 5200 5131 5497 5271 5498 5164 5660 5526 5032 5759 5464 5493 5040 5068 5454 5243 5674 5328 5352 5479 5802 5431 5333 5080 5221 5567 5475 4978 5112 5354 5287 5131 5271 5662 4959 5392 5203 5570 6131 5306 5059 5415 5356 5355 5240 5111 5651 5102 4712 5428 5247 5261 4864 5770 5410 5586 5453 5048 5150 5547 5233 5411 5574 5936 5368 5514 5274 5498 5182 5369 5315 5560 5417 4982 5174 4896 
5272 5383 5324 5887 5794 5245 5527 5530 5443 5812 5342 5786 5661 5771 5286 5566 5014 5197 5801 5381 4980 5000 5236 5326 5213 5505 5287 5417 5609 5878 5289 5542 5518 5830 5680 5744 5107 6415 5756 5308 5384 5260 5334 5807 5594 5531 5805 5595 5507 5462 5468 5251 5839 5476 5625 5773 5593 5526 5411 5386 5537 5205 5555 5455 5459 5614 5404 5365 6044 5656 5127 5688 5668 5361 5427 5643 5757 5393 5395 5447 5586 5644 5898 5470 5287 4927 5425 5663 5542 5250 5905 5539 5399 5328 5400 5823 5792 5791 5387 5048 5454 6000 5508 5579 5343 5040 5847 5063 5675 5667 5366 5144 5569 5676 5816 6169 5751 5433 5481 5270 5689 5751 6053 5265 5514 5477 5377 5171 5561 5776 5241 5183 5737 5422 5592 5251 5459 5836 5587 5483 5385 5399 5747 5729 5415 5443 5428 5861 5536 5786 5705 5718 5273 5349 5499 5481 5168 5474 5475 5766 5684 5590 5805 6003 5169 5537 5572 5593 5597 5322 5471 5615 5432 5589 5355 5998 5319 5045 6247 5530 5403 5524 5749 5906 5538 5161 5856 5749 5409 5893 5794 5467 5406 5523 5529 5374 6047 5721 5227 5878 5770 5645 5640 5081 5056 5790 5455 5227 5386 5482 5387 5428 5310 5734 5279 5800 5200 5743 6239 5279 5379 5662 5313 5366 5482 5432 5910 5490 4989 5600 5360 5533 5131 5387 5498 5841 5583 5233 5390 5723 5445 5518 5566 5852 5712 5690 5311 5895 5233 5289 5370 5707 5211 5424 5553 5301 
4889 4699 4870 5233 5402 4809 4906 5133 4954 5119 4928 5040 5036 4960 4663 4836 4236 4853 5232 4858 4311 4444 4671 4815 4774 4943 4375 4796 4927 5235 4855 4931 4922 5030 5169 4973 4491 5516 4882 4943 4207 4468 4803 4980 4609 4964 5232 4804 4867 4757 5119 4762 5121 4985 4873 5115 4869 4659 4932 4602 5368 4875 4782 4902 4721 5055 4890 4722 5129 4932 4713 5200 4720 5115 4876 5244 5150 4854 4938 4754 4920 5143 5293 4912 4840 4551 4767 5021 5117 4876 5328 5080 4686 5119 4620 5238 5377 4888 4777 4647 4937 5171 4889 4742 4838 4729 5177 4734 4678 5103 4925 4648 4906 4926 5196 5552 5075 5008 4960 4773 5201 5289 5578 4717 4879 4762 4780 4597 4921 4964 4792 4647 4805 4897 5039 4671 5019 5274 4890 4822 4747 5030 4779 5143 4946 4841 4725 5005 4684 5086 5299 4953 4668 4899 4892 4808 4957 4872 5130 4702 5272 4924 5155 5535 4712 5046 4624 5027 5178 4787 5119 4926 4699 4957 4866 5332 4812 4691 5350 5116 4640 4747 4854 4936 4835 4861 5251 4987 4647 4869 4908 4851 4702 5077 4754 4780 5242 4948 4823 4995 5346 5268 4776 4819 4622 5284 4801 4659 4382 4759 4970 4705 4648 5175 4677 4767 4870 5198 5412 4658 5115 5224 4742 4467 4697 4615 5234 4468 4554 5073 4743 4717 4585 5023 5005 5165 4753 4521 4732 4978 4800 4576 4921 5427 4894 4927 4850 5137 4559 4861 4739 5143 4704 4690 4752 4843 
4695 4934 5026 5511 5227 5213 5196 5229 5139 5378 5041 5270 5354 5289 4892 4981 4617 5086 5387 5066 4964 4866 4957 5177 4987 5220 4675 4975 5525 5451 4959 5426 5265 5165 5371 5357 4743 5703 5014 4850 4902 4811 4930 5421 4965 5237 4984 4895 5168 5161 5218 4595 5417 5287 5399 5723 5165 5099 4843 5182 5322 5055 4857 5060 4972 5386 5091 5031 5719 5298 4903 5367 4996 4896 5012 5193 5252 5134 4998 4861 5238 5155 5408 5135 5051 4662 4859 4988 5104 4948 5415 5190 5083 5248 4801 5342 5258 5295 4890 4882 5099 5440 5011 4722 5085 4453 5225 4584 5257 4958 5244 4667 5270 5455 5287 5681 5313 5256 5020 5050 4847 5157 5635 4836 4831 5025 4683 4683 5017 5106 5131 4802 5126 4884 5334 5283 5044 5671 5099 5036 5186 4674 5508 5266 5358 5106 5154 5290 5134 5319 5121 5161 4593 4907 5030 5016 4876 5242 5223 5000 5235 5346 5469 5801 4637 5326 5359 4943 5317 5008 5294 5210 4996 5055 5073 5202 4871 4815 5806 5369 4941 4839 5218 5245 5134 5054 5504 5340 4955 5496 5276 5036 5005 4954 4812 4802 5393 5339 5101 5060 5260 5508 5070 4881 4514 5334 5393 4862 4974 5107 5273 4906 4857 5331 4556 5374 4879 5088 5492 4915 5233 5291 5063 5124 4850 5011 5272 4941 4508 5008 4942 4944 4628 5275 5013 5309 5089 4842 5015 5266 5293 4844 4903 5710 5019 5238 5146 5322 4929 4923 5342 5247 4824 4734 4930 5058 
5205 5238 5206 5694 5586 5196 5510 5084 5560 5672 5029 5772 5670 5385 5283 5259 4977 5229 5600 5317 4774 5053 5317 5543 5345 5283 5039 5012 5632 5772 5387 5352 5413 5534 5699 5697 5083 6209 5668 5234 5392 4914 5105 5794 5195 5241 5469 5046 5128 5272 5300 5170 5635 5781 5674 5892 5550 5485 5300 5492 5381 5368 5445 5398 5117 5721 5228 5094 5866 5422 5049 5733 5317 5164 5125 5491 5412 5297 5358 5360 5473 5259 5762 5398 5023 5016 5351 5522 5225 5229 5412 5279 5352 5361 5180 5969 5596 5492 5243 5059 5169 5485 5463 5051 5152 4809 5376 5089 5538 5351 5673 5153 5478 5623 5607 6163 5608 5388 5228 5121 5437 5475 5826 5243 5078 5507 5002 4935 5440 5527 4998 5537 5564 5104 5365 5192 5467 5758 5258 5370 5296 5305 5597 5326 5470 5318 5119 5677 5283 5294 5475 5626 5098 5033 5318 5144 5442 5324 5491 5415 5358 5407 5746 5906 4895 5301 5349 5270 5290 5323 5575 5362 5290 5405 5362 5857 5172 5007 5873 5420 5236 4926 5344 5672 5281 4963 5907 5669 5145 5551 5570 5187 5178 5455 5096 5097 5664 5637 5344 5321 5685 5693 5547 5171 5120 5685 5334 5228 5306 5643 5509 5346 5121 5578 5160 5430 5135 5671 5957 5139 5214 5528 5361 5594 5183 5339 5807 5167 5029 5701 5223 5229 4890 5353 5384 5603 5482 5068 5356 5501 5443 5531 5310 5882 5595 5454 5311 5655 5101 5169 5283 5432 5206 5145 5374 5397 
4874 4833 4756 5502 5182 5089 5129 4930 5083 5448 4948 5400 5206 5261 4875 5129 4590 5081 5542 5106 4807 4679 4912 5066 4950 5082 4859 4842 5228 5367 4833 5114 5011 5286 5319 5308 4691 5656 5308 4904 4774 4682 4881 5224 4952 5064 5140 5117 5108 4928 5139 4758 5085 5572 5243 5563 5368 4927 4951 5048 5267 5079 5271 4920 5107 5249 5291 4816 5517 5098 4681 5373 4989 4811 5020 5167 4952 5081 4860 4707 5155 4841 5440 4838 4972 4619 4831 4991 5290 5092 5415 5149 4971 5103 5007 5234 5182 5627 4997 4902 5251 5161 5037 4842 4888 4690 5122 4615 5089 4817 5131 4823 5179 5172 5333 5588 5224 5008 4990 4948 4876 5396 5598 4947 4899 5037 4974 4643 5167 5005 4929 4992 5087 5061 5091 4834 4969 5325 4950 5040 5255 5076 5323 5436 5539 4998 4821 5307 5032 5258 5407 5181 4792 5075 5161 4954 4861 4988 5302 5127 5002 5277 5640 5700 4687 5159 4912 4898 5293 4760 5087 5409 4822 5239 5091 5471 4939 4980 5592 5274 5010 4833 5163 5220 5013 4928 5457 5081 4846 5446 5247 5071 4940 5106 5272 4897 5575 5031 5015 5102 5175 5221 5166 4716 4969 5020 4953 4932 4773 5017 5122 4838 4834 5456 4688 5013 5105 5216 5488 5002 4954 5105 4991 4982 5010 4944 5317 4666 4630 5481 4994 4849 4589 5412 4881 5363 5017 5067 4989 5388 4987 5023 5151 5377 5208 5272 5060 5216 4809 4944 5178 5221 4982 4853 4921 4886 
5490 5359 5487 6023 6032 5605 5487 5768 5572 5604 5255 6245 5723 5730 5454 5537 4917 5691 6138 5461 5021 5465 5591 5771 5517 5636 5452 5496 5806 6313 5539 5911 5564 5632 5934 6005 5151 6239 5872 5374 5608 5321 5356 5825 5555 5695 5871 5468 5777 5424 5244 5337 6097 5857 5729 6150 5798 5577 5474 5311 5725 5771 5719 5437 5611 5904 5447 5032 6111 5840 5092 5904 5420 5373 5602 5822 6009 5554 5847 5307 5846 5756 5841 5674 5444 4930 5406 5605 5887 5526 6197 5630 5424 5665 5548 6174 5858 5714 5745 5322 5735 5928 5517 5527 5739 5028 5571 5296 5724 5613 5553 5302 5773 6002 5801 6293 5770 5858 5809 5599 5630 5679 6005 5362 5298 5747 5544 5271 5668 5878 5466 5580 5281 5587 5609 5575 5378 6142 5660 5607 5874 5534 5838 5878 5857 5619 5401 5896 5618 5696 5931 5757 5513 5362 5523 5398 5632 5660 6105 5725 5821 5391 6146 5946 5295 5853 5713 5454 5694 5149 5732 5603 5663 5604 5355 6009 5475 5497 6442 5979 5527 5303 5527 5746 5794 5473 6181 5710 5323 5870 5851 5381 5271 5683 5606 5582 5945 5816 5594 5696 5903 5695 5835 5707 5325 5979 5578 5682 5530 5556 5568 5532 5749 6188 5349 5548 5400 5931 6292 5272 5527 5816 5561 5638 5473 5288 5973 5444 5113 5737 5495 5463 5180 5929 5617 5759 5770 5381 5529 6086 5432 5492 5469 6122 5567 5647 5404 6026 5550 5347 5777 5958 5757 5560 5707 5594 
5039 5121 4919 5547 5421 5069 5462 5234 5269 5285 4978 5563 5474 5446 4804 5279 4802 4991 5404 5029 4817 4687 5131 5330 4857 5162 4832 5168 5293 5470 5124 5473 5193 5411 5478 5589 5065 5792 5212 4986 4819 4580 4497 5295 5344 5094 5468 4986 5188 5172 5252 4787 5394 5295 5351 5556 5404 5200 5113 5215 5414 5150 5060 4714 4696 5404 5131 4854 5733 5360 4976 5377 5123 5172 5035 5256 5188 5233 4970 5106 5041 5093 5541 5165 5165 4784 4936 5175 5363 5211 5398 5016 5019 5174 4973 5382 5128 5257 5202 5050 5238 5346 5115 5043 5024 4570 5412 5016 5388 5277 5024 4971 5378 5431 5490 5852 5369 5228 5173 4990 5275 5485 5947 4783 5112 5303 5103 5036 4914 5442 4943 4954 5335 5141 5449 4994 4946 5672 5155 5020 5334 5062 5232 5316 5273 4973 5339 5280 5241 5332 5475 5219 5006 4972 5027 4999 5071 5111 5348 5045 5204 5332 5436 5671 4709 5264 5453 5104 5429 4855 5155 5067 4926 5221 5393 5575 5014 5086 5633 5305 5207 5106 5126 5489 5263 5131 5637 5626 4926 5700 5748 5381 5107 5002 5403 5100 5421 5455 5277 5312 5199 5543 5346 5052 4978 5217 5347 5112 4831 5113 5276 5050 5118 5356 4822 5294 4935 5433 5580 5056 5070 5658 5119 5300 5106 5406 5266 4929 4661 5396 5151 5163 4842 5220 5289 5509 5150 4683 5355 5210 5224 5178 5207 5708 4814 5233 5185 5625 5008 5113 5121 5347 5150 4959 5183 5143 
5327 4924 5271 5745 5557 5205 5309 5369 5386 5683 5257 5621 5202 5442 4823 4989 4919 5072 5616 5233 4787 4855 5242 5171 5079 5313 5067 5170 5420 5206 4965 5521 5467 5547 5471 5814 4981 6123 5131 5367 4515 4920 5176 5541 5029 5378 5423 5178 5222 5231 5142 4821 5799 5587 5406 5613 5628 5137 5302 5141 5429 5153 4923 5439 5273 5629 5122 4931 5832 5170 4774 5422 5309 4973 5187 5477 5291 5322 5186 4887 5544 5220 5509 5247 5130 4891 5030 5261 5259 5405 5728 5346 5286 5522 4890 5704 5316 5546 5192 4899 5368 5665 5242 5181 5174 4671 5455 4935 5394 5383 5474 5114 5513 5552 5564 6071 5550 5147 5258 5147 5240 5508 5764 4875 5273 5252 5052 4825 5380 5391 5031 4901 5034 5170 5162 5165 5142 5489 5120 5328 5253 5300 5609 5584 5394 5139 5091 5299 5067 5311 5352 5307 4996 5355 5301 5361 5395 5294 5383 5062 5221 5393 5510 5587 4865 5348 5243 5304 5480 4944 5525 5163 4849 5145 5225 5642 5383 5126 5800 5452 5250 4904 5383 5543 5444 4886 5698 5174 5053 5605 5348 5245 5322 5288 5129 5197 5642 5564 5478 5590 5412 5349 5292 5181 4958 5461 5273 5187 5068 5235 5280 5140 4962 5352 5071 5471 4874 5594 6013 5117 5008 5504 5141 4891 5463 5029 5561 5171 4585 5377 4978 4931 4866 5511 5487 5421 5108 5070 5306 5683 5188 5158 5150 5452 5205 5202 5219 5239 5032 5253 5384 5319 5133 5222 5201 5082 
5534 5343 5323 5957 5999 5382 5730 5416 5635 5784 5525 5919 5798 5809 5403 5572 4993 5595 5865 5559 4926 5377 5476 5795 5724 5520 5415 5302 5586 5800 5492 5753 5783 5745 5860 5822 5163 6346 5900 5524 5283 5257 5277 5927 5571 5684 5860 5360 5492 5427 5535 5254 5900 5839 5853 6161 5890 5462 5520 5721 5938 5680 5648 5660 5537 5573 5672 5353 6155 5735 5357 5694 5447 5497 5706 5822 5765 5432 5416 5310 5794 5594 6029 5439 5206 5167 5445 5669 5497 5528 5706 5725 5474 5674 5280 6175 5563 5856 5592 5122 5490 5740 5767 5173 5532 5230 5626 5170 5818 5651 5841 5271 5679 5910 5885 6012 5868 5667 5405 5345 5604 5841 6072 5318 5604 5447 5430 5226 5473 5851 5279 5832 5707 5376 5615 5349 5582 6094 5424 5388 5796 5601 5717 5597 5525 5311 5567 6036 5664 5530 5995 5816 5301 5337 5694 5448 5335 5351 5739 5364 5455 5592 6152 6139 5033 5832 5447 5427 5861 5343 5709 5794 5513 5687 5638 5949 5582 5383 6052 5472 5538 5182 5840 5942 5309 5489 6255 5781 5587 6009 5815 5455 5510 5496 5594 5795 6112 5884 5473 5823 5877 5930 5842 5291 5405 5888 5444 5570 5299 5434 5909 5537 5554 5809 5167 5559 5288 5572 6133 5335 5494 5839 5595 5666 5528 5305 5889 5167 4979 5735 5631 5648 5059 5885 5420 5719 5657 5346 5364 5887 5649 5589 5414 6025 5573 5454 5569 6031 5057 5225 5591 5781 5342 5266 5632 5686 
5120 4926 5087 5649 5480 5062 5202 5176 4890 5539 5006 5374 5261 5065 5023 5208 4634 5181 5562 5094 4758 4588 5262 5180 5293 5129 5092 5180 5132 5387 5037 5608 5250 5342 5517 5616 4733 5634 4926 4963 4819 4937 5116 5534 5078 5210 5354 5196 5200 5273 5109 4853 5450 5316 5500 5958 5308 4961 4968 5119 5300 4936 5134 5076 5360 5385 5366 4941 5641 5357 4978 5301 5087 5312 5289 5276 5097 5188 4950 5038 5428 5291 5603 5198 5240 4851 4779 5248 5369 4991 5677 5122 4842 5356 4748 5247 5353 5599 5192 4828 5205 5607 5061 5137 4934 4647 5394 4693 5410 5618 5085 5100 5500 5247 5653 5698 5215 5098 5057 5094 5378 5624 5719 5164 5131 5150 4805 4762 5297 5350 5009 5010 4950 4953 5298 4927 4985 5323 4942 5143 5390 4946 5399 5502 5248 4993 4702 5649 5205 5273 5292 5241 5046 5003 4976 5287 5058 5232 5257 5414 5379 5337 5548 5511 4842 5220 5276 5149 5167 4667 5204 5277 5230 5403 5029 5394 5077 5016 5713 5280 5099 5112 5330 5573 5121 5016 5586 5512 4825 5242 5445 5063 5139 5235 5109 5147 5524 5477 5088 5189 5511 5227 5494 5272 5008 5227 5123 5144 4789 5113 5605 4911 4853 5391 4872 4982 5054 5355 5818 4825 5249 5304 4766 5236 4913 5152 5545 5181 4801 5394 5078 5484 4946 5256 5279 5420 4982 4838 5273 5251 5265 5328 4945 5640 4945 5198 5241 5220 4872 5044 5203 5478 5076 5135 5152 5060 
5355 5215 5414 5635 5758 5365 5239 5472 5133 5539 4929 5368 5483 5531 5158 5323 4768 5026 5859 5198 4805 5082 5398 5486 5418 5160 4730 5360 5327 5763 5367 5739 5601 5488 5621 5738 5157 6078 5381 5316 4707 4921 4891 5722 5201 5321 5463 5254 5374 5296 5358 5085 5713 5720 5607 5735 5422 5417 5157 5198 6073 5386 5469 5156 5112 5596 5574 5135 6002 5412 5063 5572 5054 5485 5521 5818 5468 5318 5247 5050 5366 5450 5742 5304 5136 4940 4993 5408 5464 5095 5812 5374 5441 5567 4995 5736 5557 5919 5178 5141 5244 5730 5449 5172 5115 5241 5727 5131 5585 5295 5311 5116 5530 5505 5673 6096 5663 5071 5356 5280 5588 5731 5800 5141 5360 5372 5005 4786 5488 5476 5163 5122 5362 5286 5698 5353 5277 5789 5445 5301 5290 5304 5402 5403 5562 5314 5245 5768 5655 5362 5565 5444 5113 5334 5085 5476 5194 5318 5352 5169 5287 5323 5744 6028 4849 5562 5487 5204 5668 5009 5481 5264 5114 5112 5422 5544 5504 5252 5656 5565 5404 5051 5680 5689 5559 5144 5807 5512 5134 5893 5632 5281 5352 5448 5404 5519 5932 5769 5258 5767 5921 5590 5423 5669 5080 5354 5383 5287 5041 5336 5454 5216 5305 5614 5012 5410 5024 5678 5792 5142 5411 5467 5304 5269 5385 5124 5845 5081 4606 5539 5197 5151 5127 5497 5234 5584 5507 5183 5313 5521 5301 5239 5349 6019 5303 5593 5365 5148 5145 5134 5405 5571 5398 5320 5239 5032 
5323 5431 5350 6185 6083 5536 5630 5306 5519 5954 5296 5968 5851 5619 5314 5450 5158 5547 6195 5538 4919 5215 5460 5707 5310 5658 5215 5480 5621 5845 5173 5753 5607 5775 5917 6042 5302 6377 5829 5277 5329 5079 5374 5724 5865 5672 5592 5726 5450 5372 5453 5348 6179 5631 5733 6075 5657 5628 5470 5520 5906 5568 5569 5335 5571 5793 5518 5218 5980 5733 5152 5596 5342 5552 5452 5785 5950 5583 5435 5445 5669 5662 6205 5569 5421 5127 5456 5620 5647 5306 5884 5570 5584 5712 5424 6004 5745 5815 5382 5175 5615 5734 5679 5439 5424 5066 5967 5337 5903 5784 5775 5444 5733 5657 5781 6120 5728 5589 5529 5522 5714 5881 6136 5120 5497 5656 5509 5279 5953 5719 5420 5545 5697 5399 5725 5251 5370 5892 5574 5484 5478 5429 5655 5921 5910 5431 5390 5931 5557 5551 5916 5626 5663 5426 5417 5289 5372 5653 5671 5762 5640 5520 5818 6096 5087 5808 5571 5355 5847 5214 5401 5741 5501 5636 5424 5939 5523 5447 6210 5599 5577 5422 5791 5969 5589 5279 6034 5798 5288 5996 5906 5535 5338 5427 5687 5340 5894 5790 5488 5853 5729 5742 5806 5196 5581 5863 5564 5375 5230 5601 5725 5567 5668 5999 5203 5553 5481 5878 6178 5427 5520 5991 5486 5733 5526 5697 6119 5099 5253 5811 5245 5753 5272 5712 5651 6099 5674 5235 5593 5617 5490 5601 5512 5719 5746 5774 5494 5971 5250 5300 5531 5918 5551 5357 5407 5510 
4604 4807 4828 5159 5528 4960 4952 5013 4767 5310 5001 5172 5125 5060 4992 5083 4483 5078 5270 4844 4690 4368 4837 4913 4956 4826 4565 4712 5231 5455 4654 5276 4931 5071 5464 5211 4608 5601 4860 4881 4607 4699 4846 5056 5093 5013 4872 5109 4905 5150 4854 4591 5095 5055 4952 5092 5080 5020 5064 4879 5150 4967 4925 4905 4974 5293 4814 4932 5400 5103 4740 5092 4982 5073 4879 5189 4806 4997 4821 5056 5285 5076 5416 4902 5060 4602 4803 4785 5040 4901 5400 5045 4817 5108 4705 5098 4893 5223 5139 4768 5185 5124 5050 4804 5073 4368 5246 4772 5105 4862 5123 4782 5017 5307 5158 5450 5144 5037 4858 4913 5146 5258 5599 4686 4821 4793 4971 4794 5222 5361 4799 4814 4894 4706 4995 4925 4979 5120 4796 5018 4906 4776 5329 5232 5240 4911 4898 5154 4981 5235 5132 5172 4720 4960 4942 4809 4716 4990 5100 4903 5256 4858 5768 5656 4542 5094 4986 4938 5132 4843 5040 5016 4810 4924 4890 5409 5050 4836 5444 5123 4911 4558 5118 5157 5054 5035 5300 5246 4816 5325 5052 4810 4797 5156 5092 4799 5407 5395 4931 5051 5317 5077 5264 4801 4742 5155 5140 4878 4652 4795 5408 4695 4775 5135 4607 4961 4827 5279 5513 4602 4910 5343 4916 5036 4834 4877 5321 4754 4722 5099 4950 5061 4539 5193 5082 5220 5223 4765 5130 5145 5027 4958 4909 5472 4979 5135 5138 5013 4997 4638 4830 5017 4715 4705 4825 4664 
5155 5160 4938 5398 5452 4869 5399 5138 5336 5399 5089 5585 5477 5272 5148 5212 4856 4886 5521 4950 4744 5137 5040 5201 5106 5151 4933 5143 5381 5319 5184 5332 5302 5291 5555 5419 4736 5862 5062 5173 5013 4867 5153 5447 5241 4991 5253 5015 5418 5189 5133 4726 5527 5422 5167 5629 5248 5381 4872 5023 5242 5214 5073 5094 5210 5513 5220 5049 5562 5286 4978 5668 5246 5151 5072 5535 5446 5185 5010 4908 5357 5370 5437 5144 5046 4881 5107 4976 5115 5196 5340 5266 4968 5303 4949 5702 5433 5286 5160 5164 5046 5223 5134 4942 5193 4552 5278 4885 5262 5176 5227 4889 5316 5503 5373 5931 5305 5231 5273 5059 5206 5284 5674 5240 5176 5366 5125 4789 5345 5413 5084 5088 5541 4926 5170 5123 5151 5521 5290 5075 5001 5032 5469 5706 5445 4999 4895 5382 5333 5212 5342 5533 5169 4895 5363 5189 4939 4951 5274 5475 5373 5245 5670 5756 4883 5249 5296 5097 5561 4868 5284 5180 5094 5330 5430 5566 5093 4884 5764 5264 5237 5010 5075 5496 5137 4961 5603 5527 5140 5544 5529 5303 5274 5329 5401 5059 5602 5170 5000 5347 5450 5831 5239 5070 4743 5539 5113 4831 5046 5388 5098 5076 5219 5420 4966 5184 5022 5258 5812 5010 5339 5505 5010 5350 5302 5007 5449 5061 4687 5347 4999 5122 4783 5361 5395 5324 5449 5022 5349 5370 5209 5108 5340 5777 4963 5233 5282 5552 4854 5214 5245 5480 4894 5168 5243 5104 
4953 4687 4724 5158 5217 4796 4931 5005 4818 4761 4822 5339 4940 5148 4597 4866 4359 4776 5369 4807 4374 4634 4560 5028 5030 5035 4706 4822 5063 5309 4774 5211 4997 4889 5317 5245 4391 5381 5016 4777 4340 4436 4716 5381 4805 4910 4745 4814 4835 4821 4730 4710 5141 4960 5119 5301 5143 4640 4945 4872 5467 5092 4954 4866 4960 5058 4937 4928 5390 5024 4729 5120 4751 4822 4997 5107 4774 4816 4938 4576 4989 5068 5232 4891 4766 4462 4532 4882 4962 4898 5306 4935 4877 5023 4656 5282 5128 5226 4905 4514 5262 5237 4977 4824 4720 4733 5236 4628 5045 5142 4898 4973 5099 5014 5251 5540 4987 5000 4789 4874 5035 5168 5276 4878 4860 5012 4592 4170 4979 4913 4638 4960 4952 4582 5045 4877 5280 5364 4991 4864 5012 4828 5143 5086 4958 4722 4798 5162 4891 4860 5038 5289 4878 4707 4905 4922 4567 4708 5068 4969 5039 4956 5317 5384 4773 4997 4841 4951 5240 4768 5039 4823 5016 5019 4702 5296 4802 4999 5264 4953 5029 4591 4890 5170 4912 4589 5377 5031 4658 5002 5226 4828 4878 4884 4865 4706 5153 5154 4775 4805 5298 4968 5119 4924 4589 5158 4788 4806 4756 5059 4975 4939 4880 5130 4611 4872 4666 5133 5312 4914 5158 5181 4833 4867 4844 4750 5405 4609 4583 5217 4672 4885 4326 5073 4859 5173 5002 4660 4983 4904 4595 5053 4823 5201 4920 4923 4934 5013 4543 4696 4940 5208 4765 4971 4695 5035 
4874 4862 4721 4894 5167 4806 5011 4760 4932 5058 4646 5151 4957 5242 4871 4828 4529 4903 5272 4756 4666 4596 4619 4828 5032 5017 4525 4972 4915 5103 4944 5019 5156 4970 5047 5065 4616 5559 4774 4712 4524 4627 4546 5112 4811 4856 5077 4855 4716 4748 5022 4669 5315 5266 5069 5539 5290 4816 4967 4765 4963 4639 4768 5032 4818 5184 4785 4806 5191 4919 4490 4934 5055 5067 5009 4965 4921 4814 4953 4841 5154 5082 5346 4935 4943 4599 4758 4970 4952 4961 5385 4842 5010 4711 4640 5222 4913 5322 4760 4562 4828 5324 4964 4753 4822 4409 5088 4679 5071 4950 4877 4576 5165 5306 5172 5420 5505 4766 5007 4876 5038 5150 5596 4863 4909 4942 5051 4463 5050 5168 4806 4656 4799 4737 5043 4986 4796 5384 4790 4881 4907 4857 4895 5036 5094 4871 4696 5146 5043 5065 5290 5226 4970 5237 4917 5024 4811 5046 5119 5095 5318 4919 5396 5284 4466 5178 5215 4819 5077 4575 4936 4958 4600 5057 4990 5362 5039 4811 5548 4868 4759 4570 5115 5199 4907 4781 5183 5032 4904 5124 5100 4935 4932 5210 4986 4591 5368 5311 4845 5191 5230 4987 5282 4745 4723 4999 5048 4751 4887 5175 4978 4873 4900 5078 4581 4945 4605 5296 5428 4600 4816 5009 4911 4969 4955 4858 5285 4850 4684 5396 4586 4920 4600 5349 4984 5155 5146 4565 5053 5442 4779 4902 4633 5480 4855 5014 4576 5214 4653 4517 5073 4990 4849 4892 4927 4716 
4499 4629 4546 5057 4963 4660 4536 4759 4922 4790 4435 4891 4835 4856 4422 4651 4061 4599 4882 4530 4322 4375 4557 4472 4388 4668 4371 4693 4757 4800 4499 4606 4712 4793 4928 4875 4327 5344 4749 4687 4345 4391 4479 4502 4642 4515 4691 4569 4738 4605 4538 4219 5031 4773 4675 4950 4924 4621 4744 4390 4938 4662 4693 4577 4438 4930 4772 4392 5178 4844 4353 4859 4711 4418 4388 4852 4589 4851 4745 4415 4655 4791 4907 4546 4710 4461 4690 4674 4876 4336 4876 4529 4608 4841 4399 5000 4616 4798 4775 4570 4883 4878 4819 4381 4721 4472 4879 4482 4753 4684 4790 4655 4790 4710 4807 5360 4845 4727 4725 4670 4777 4955 5146 4485 4754 4735 4467 4383 4682 5015 4668 4658 4858 4455 4680 4457 4563 4902 4551 4745 4686 4623 4884 4647 4876 4644 4644 4894 4642 4705 4867 4720 4566 4562 4517 4492 4479 4751 4923 4456 4795 4895 5039 5109 4306 4674 4744 4426 4892 4423 4811 4647 4405 4782 4355 5094 4639 4537 5013 4822 4731 4480 4613 5024 4938 4252 5080 4815 4622 4987 4899 4688 4685 4504 4817 4581 5044 4920 4698 4777 4768 5030 4608 4609 4436 4866 4671 4562 4410 4613 4806 4616 4536 4852 4420 4637 4412 4798 5186 4602 4528 4894 4463 4663 4719 4601 5013 4480 4380 4662 4411 4422 4204 4739 4602 5056 4575 4619 4781 4861 4633 4638 4744 5238 4696 4705 4468 4819 4581 4531 4566 4922 4767 4445 4405 4605 
5211 5201 4821 5430 5405 5038 5168 5363 4967 5478 5080 5398 5173 5507 4873 5126 4684 5022 5522 5206 4594 4829 4891 4976 5469 5273 4767 5108 5261 5229 5032 5314 5451 5233 5640 5670 4930 6140 5295 5103 4839 4820 4766 5377 4869 5190 5138 5199 5181 5130 4972 4759 5612 5293 5620 5745 5513 4975 5016 5413 5386 5242 5167 5250 5169 5414 5169 4833 5688 5348 4779 5207 5107 5268 5351 5441 5349 5259 5018 5074 5539 5272 5432 4992 4904 4576 5125 5320 5250 5198 5736 5220 5239 5298 4883 5484 5249 5505 5236 4868 5058 5398 4930 5060 5025 4885 5192 4771 5508 4960 4985 5008 5188 5388 5444 5659 5447 5292 5121 5187 5206 5510 5830 4833 5321 5142 5026 4728 5534 5501 5063 5196 5168 5034 5156 5198 5124 5370 5077 4854 5208 4931 5286 5417 5281 5090 4848 5456 5268 5282 5246 5296 4923 5125 5378 5208 5221 4862 5184 5248 5360 5362 5444 5742 4886 5318 5221 5219 5098 4748 5336 5174 5035 5240 4994 5760 5228 5038 5844 5187 5068 4875 5149 5577 5253 4836 5779 5420 5138 5559 5553 5299 5137 5178 5189 5013 5433 5383 5157 5458 5338 5261 5132 5273 4832 5663 5277 5062 4947 4992 5147 5139 5098 5526 4635 5420 4846 5414 5782 5314 5062 5503 4842 5252 4919 4989 5530 5081 4738 5385 5055 4903 4890 5250 5139 5349 5199 4830 5118 5336 5311 4774 5157 5531 5180 5209 4902 5228 5064 4959 5144 5412 5394 5187 5196 5122 
5132 5016 5306 5738 5518 5004 5296 5123 5159 5628 4908 5382 5407 5345 5094 5042 4710 5166 5715 5238 5011 4931 4975 5189 5303 5242 4887 5019 5484 5577 4997 5647 5397 5389 5385 5646 5007 5708 5196 5076 4965 4673 4928 5335 5196 5104 5503 5189 5167 5140 5003 4952 5543 5319 5696 5598 5534 5139 5033 5304 5625 5371 5247 5142 5287 5408 5297 5056 5735 5304 5040 5275 5122 5232 4982 5449 5359 4952 5136 4876 5270 5263 5484 5151 5067 4689 5090 5352 5278 5011 5679 5346 5358 5154 4841 5611 5262 5429 5185 4904 5135 5552 5439 5089 5158 4833 5228 4968 5309 5099 5564 5200 5329 5516 5307 5746 5223 5220 5146 5195 5130 5322 5957 5034 4969 5267 5017 4724 5513 5150 5038 5325 5279 5192 5187 5260 5076 5717 5259 5456 5345 4971 5762 5509 5669 5077 4992 5500 5150 5258 5620 5456 5035 4960 5333 5031 4841 5111 5149 5250 5327 5171 5582 5724 4909 5454 5205 5035 5337 5087 5348 5220 5197 5586 4901 5371 5211 5000 6020 5521 5081 4991 5261 5415 5286 5044 5580 5134 4955 5400 5650 5421 5194 5166 5154 5134 5439 5346 5259 5146 5776 5335 5118 4922 5124 5710 5143 5217 4678 5146 5481 5398 5129 5350 5074 5283 5067 5652 5620 5139 5255 5377 5230 5226 5172 5022 5513 5055 4693 5387 5213 5213 4599 5524 5316 5616 5059 4961 5120 5320 5194 5372 5160 5470 5304 5345 5303 5338 4991 4937 5268 5415 5040 5300 5195 4972 
5106 5130 5399 5777 5589 5382 5227 5185 5622 5564 5179 5690 5616 5374 5000 5402 4670 5372 5832 5174 4799 4994 5245 5396 5302 5382 5115 5188 5606 5603 5082 5535 5456 5553 5667 5641 4993 6093 5577 5106 5021 4880 5229 5446 5323 5271 5529 5302 5432 5347 5311 5012 5508 5666 5666 6020 5554 5352 5321 5137 5509 5371 5276 5142 5296 5585 5222 5259 6067 5607 4947 5585 5312 5186 5259 5764 5215 5516 5331 4994 5697 5617 5843 5290 5100 4862 5211 5499 5469 5043 5957 5506 5338 5292 4992 5796 5680 5563 5253 4981 5449 5638 5285 5041 5109 4981 5491 5174 5405 5330 5434 4989 5442 5482 5540 6027 5751 5478 5507 5310 5317 5586 6033 5130 4904 5143 4936 5167 5501 5519 5158 5481 5412 5258 5317 5471 5293 5639 5442 5451 5452 5223 5485 5540 5728 5421 5057 5636 5352 5345 5378 5418 5057 5153 5417 5190 5320 5380 5584 5423 5531 5443 5855 5860 4929 5382 5256 5312 5627 5008 5423 5636 5214 5533 5244 5546 5189 5365 5974 5528 5456 5219 5288 5333 5341 5072 5987 5562 5175 5562 5534 5299 5537 5531 5322 5494 5743 5753 5416 5377 5603 5437 5323 5227 5078 5751 5488 5287 5071 5371 5319 5442 5150 5567 5133 5416 5234 5590 6036 5005 5567 5615 5335 5357 5304 5424 5755 5017 4724 5547 5322 5267 4889 5643 5510 5611 5295 4871 5427 5473 5230 5487 5257 5581 5452 5534 5393 5594 4987 5084 5268 5562 5290 5184 5243 5300 
5174 5525 5081 5975 5829 5351 5434 5395 5489 5387 5055 5705 5268 5630 5197 5180 4725 4992 5629 5354 5078 4740 5032 5424 5207 5148 5065 5251 5434 5896 5099 5353 5422 5571 5697 5664 5123 5736 5341 5254 4821 5332 5137 5400 5519 5118 5692 5389 5565 5440 5268 4913 5587 5601 5344 5809 5444 5261 5468 5170 5308 5250 5398 5262 5216 5684 5303 5140 5856 5506 5036 5413 5309 5471 5282 5873 5240 5548 5248 5223 5375 5411 5549 5075 5471 4743 5248 5324 5507 5285 5719 5496 5261 5406 5344 5484 5428 5378 5491 5173 5356 5660 5436 5578 4979 4619 5530 5023 5397 5358 5462 5263 5286 5587 5583 5914 5579 5434 5374 5156 5675 5697 5822 5249 5420 5452 5138 5046 5512 5530 5038 5210 5336 5078 5406 5109 5114 5569 5515 5409 5344 5313 5449 5433 5412 5229 5158 5600 5452 5509 5618 5346 5208 5095 5243 5282 5390 5408 5260 5381 5536 5502 5930 5892 4912 5493 5539 5455 5415 4860 5443 5097 5010 5444 5313 5727 5441 5198 5944 5727 5155 5209 5222 5692 5347 5165 6030 5765 5262 5722 5497 5397 5456 5535 5178 5235 5539 5817 5332 5475 5397 5474 5615 5371 5185 5542 5397 5427 5057 5272 5438 5450 4982 5380 4909 5386 5482 5740 5822 5122 5339 5620 5101 5269 5145 5271 5722 5139 5004 5514 5420 5158 4877 5262 5270 5464 5311 5049 5493 5482 5402 5253 5245 5730 5230 5342 5294 5708 5318 5361 5055 5618 5330 5287 5298 5194 
5052 5115 4631 5546 5232 4905 4942 5338 5001 5324 4959 5462 5028 5424 4941 5001 4654 4918 5346 5090 4734 4889 4892 4929 5042 5174 4926 4917 5154 5298 4835 4948 5134 5383 5425 5294 4562 5843 5011 5053 4677 4783 4772 5462 5171 4942 5075 4918 5035 4965 4995 4820 5272 5419 5316 5724 5261 4932 4937 4935 5247 4834 5118 5015 4773 5306 5199 4979 5435 5164 4499 5192 5172 5231 5069 5063 5274 4999 5075 4948 5208 4956 5247 4646 5005 4663 5090 5000 4810 4813 5437 5124 4973 5098 4795 5398 4981 5084 5259 4919 4955 5393 5245 4901 5167 4553 5269 5010 5273 4858 5147 4996 5089 5189 5246 5892 5238 4862 5083 4920 5069 5334 5641 4772 5164 5087 4819 4312 5483 5431 4762 5073 5035 4661 4916 4658 4918 5357 5280 5106 4961 4877 5388 5273 5185 5045 4768 5339 5283 5204 5341 5217 5202 4966 5209 5129 5020 4923 5256 5020 5185 5294 5630 5485 4833 5236 5232 5254 5289 4897 5039 5023 4954 5170 5106 5448 5064 4981 5455 5066 4804 4637 5129 5450 5050 4826 5234 5310 4861 5187 5151 5283 4864 4993 5164 5094 5463 5517 4830 5273 5367 5017 5342 4792 4669 5021 4927 4913 5054 5108 5109 5210 5001 5214 4618 5168 5046 5148 5516 4976 5079 5351 4771 5066 5138 4939 5244 5006 4461 5317 4859 4940 4628 5195 5238 5209 5325 4853 5002 5356 5092 5379 5089 5679 5071 5116 5082 5156 4921 4916 4790 4986 5169 5049 5075 4778 
4828 4906 4878 5433 5218 4836 4981 4830 4712 5097 4734 5195 4914 4925 4668 4900 4339 4995 5123 4864 4267 4505 4673 4983 4712 4860 4562 4913 4843 4992 4708 4956 4898 4866 5228 5084 4442 5382 4914 4769 4363 4344 4516 5175 4905 4883 5268 4938 5250 4630 4722 4591 5326 4768 4935 5319 4739 4700 4827 4701 5005 4796 4938 4867 4616 4846 4881 4735 5330 5103 4698 5167 4870 4896 5065 5019 4950 4806 4877 4640 4914 4778 5062 4632 5034 4401 4698 4742 5013 4647 5304 4774 4690 5074 4519 5012 4964 4911 5091 4635 5027 4833 4800 4594 4811 4309 4994 4662 4952 5097 4876 4915 5069 5026 5019 5262 5067 5079 4873 4800 4939 5217 5345 4321 4692 4710 4793 4498 4878 5081 4657 4893 4689 4937 5080 4723 4544 5246 4858 4932 4928 4780 5066 5066 4855 4670 4712 5124 4932 5044 5037 4931 4594 4787 4728 4907 4577 4820 4980 4926 4660 4821 5296 5025 4459 5202 5149 4948 5009 4391 4760 4850 4679 4953 4816 5064 4728 4910 5122 4987 4616 4654 4806 5139 4816 4626 5220 5006 4609 5208 5047 4945 4749 4836 4693 4731 5318 5198 4731 5028 4700 5388 5187 4806 4698 5078 4766 4674 4604 4687 4932 4560 4862 4934 4380 4816 4779 5167 5522 4582 4949 5174 4618 4983 4712 4924 5014 4397 4577 5050 4650 5059 4646 4952 4913 5272 4845 4700 5003 5086 5006 4584 4944 5179 4798 4831 4840 5068 4343 4882 4803 4971 4755 4769 4692 4832 
5243 5433 5288 5961 5817 5420 5595 5791 5507 5752 5218 5929 5765 5573 5402 5466 4992 5112 5592 5384 4874 4977 5066 5362 5309 5627 5181 5172 5628 5899 5345 5458 5640 5579 5730 5827 5162 5933 5760 5502 5309 5217 5430 5781 5339 5430 5786 5597 5390 5411 5419 5233 5786 5665 5632 6119 5708 5474 5629 5442 5456 5601 5486 5311 5095 5639 5296 5159 6010 5577 5341 5973 5374 5783 5331 5742 5765 5505 5431 5397 5790 5306 5866 5132 4993 5184 5405 5613 5493 5542 5784 5408 5464 5632 5152 6071 5735 5389 5228 5120 5370 5767 5600 5457 5252 5072 5796 5092 5621 5464 5373 5179 5675 5704 5645 6215 5554 5451 5439 5295 5599 5477 6122 5153 5460 5654 5351 5202 5558 5904 5346 5370 5542 5480 5534 5348 5348 6084 5312 5569 5469 5254 5464 5726 5877 5560 5282 5650 5409 5642 5614 5704 5356 5203 5319 5423 5423 5570 5777 5557 5668 5679 6021 5825 5136 5718 5582 5457 5513 5110 5656 5519 5557 5588 5414 5867 5257 5198 6001 5387 5436 5396 5411 5910 5435 5396 5896 5461 5491 5557 5763 5803 5557 5501 5384 5318 5824 5671 5221 5777 5727 5801 5641 5488 5268 5433 5517 5212 5114 5426 5747 5229 5414 5863 5255 5584 5277 5642 6376 5187 5740 5640 5168 5536 5233 5233 5941 5263 5217 5695 5421 5378 5002 5517 5623 5592 5390 5382 5666 5527 5599 5416 5423 5956 5785 5703 5521 5621 5302 5520 5429 5741 5480 5511 5308 5274 
5062 4865 5107 5303 5203 5185 5088 5173 5214 5336 4851 5167 5431 5240 4977 4968 4728 4968 5318 4933 4736 4880 5007 5084 4959 4936 4618 4858 5148 5308 4990 5233 5205 5150 5299 5447 4810 5705 5166 5059 4654 4744 4931 5551 5040 4958 5058 4986 5187 5226 5029 4589 5403 5316 5464 5418 5161 5130 5002 5074 5213 4990 4895 4967 5129 5543 5093 4915 5551 5270 4876 5304 5138 5396 4883 5614 5004 5053 4910 4694 4988 5294 5357 4926 4868 4691 4704 5179 4974 5081 5437 5144 5059 4923 4814 5341 5383 4906 4921 4717 5013 5517 4932 5025 4825 4574 5274 4521 5134 5213 4850 4929 5457 5337 5419 5618 5340 5018 5176 5136 5044 5361 5546 4971 5198 5194 4801 4734 5169 5002 4982 4824 5223 4940 5447 4976 4945 5485 4837 4972 4911 5090 5378 5327 5273 4942 4936 5481 5108 5201 5222 5099 5065 4914 4929 5268 4809 4933 4908 4955 5106 4994 5397 5518 4815 5220 5085 4933 5395 4893 4981 5074 4910 5143 5094 5298 4873 4898 5554 5238 4809 4988 5206 5314 5198 4966 5515 5183 5028 5481 5134 5096 5193 5224 5158 4832 5479 5345 4937 5231 5355 5363 5112 4981 4784 5195 5083 4832 4670 5101 5168 5113 4937 5442 4632 4881 4909 5409 5726 4755 5042 5385 5179 4973 5221 5020 5535 4987 4507 5271 4723 5091 4807 5403 5146 5046 5122 5095 4760 5272 5207 5203 5018 5634 4888 5191 4906 5183 4696 4734 4960 5322 5116 5099 4991 4775 
5172 5597 5197 6041 5552 5202 5416 5120 5326 5478 4959 5480 5655 5644 5115 5410 4867 5226 5553 5489 4879 5006 5029 5259 5124 5317 4705 5253 5327 5475 5217 5103 5261 5581 5726 5640 5141 6029 5352 5070 4767 5099 5090 5593 5253 5368 5364 5290 5544 5240 5036 4829 5886 5165 5513 5607 5335 5258 5119 5031 5633 5269 5280 5357 5187 5268 5153 5234 5827 5470 4977 5464 5353 5272 5294 5491 5268 5404 5152 5125 5411 5380 5594 5166 5239 4792 5611 5215 5156 5073 5753 5489 5415 5139 4944 5487 5387 5362 5290 4887 5335 5694 5409 4983 5178 4971 5415 4912 5303 5421 5331 5207 5383 5450 5450 5878 5489 5329 5230 5222 5402 5705 5729 5191 5354 5264 5112 4857 5498 5545 5112 5160 5387 5177 5392 5137 5118 5731 5325 5298 5446 5265 5421 5669 5237 5433 5129 5527 5286 5467 5563 5256 5069 5202 5207 5407 5355 5198 5526 5441 5090 5283 5767 5775 4760 5207 5245 5246 5544 5039 5373 5261 5034 5247 4996 5608 5425 5273 5827 5474 5279 4881 5206 5318 5290 4975 6065 5539 5182 5565 5631 5211 5317 5489 5267 5085 5740 5598 4942 5249 5233 5492 5151 5224 5065 5597 5286 5145 4945 5100 5400 5174 5087 5334 4908 5292 5069 5439 6140 5183 5295 5394 5254 5074 5128 5305 5645 4927 4816 5719 5373 5124 4885 5439 5416 5503 5295 5045 5144 5623 5121 5361 5294 5325 5497 5342 5107 5566 5127 5069 5240 5484 5272 5264 5232 5056 
5107 5241 5022 5831 5555 5427 5394 5249 5149 5874 5181 5666 5404 5592 5160 5481 4728 5261 5589 5344 4805 4879 5610 5444 5341 5570 4948 5067 5596 5572 5447 5604 5610 5774 5636 5708 4876 6139 5344 5260 5163 5095 4952 5710 5479 5394 5534 5443 5506 5116 5505 5100 5749 5561 5161 5923 5655 5363 5374 5674 5635 5431 5325 5121 5338 5635 5494 4798 5827 5457 4830 5654 5440 5286 5276 5565 5326 5530 5426 5337 5554 5481 5674 5357 5144 5059 5218 5327 5261 5302 5749 5524 5426 5653 5304 5886 5722 5662 5704 5227 5443 5580 5463 5382 5518 4977 5637 5076 5573 5485 5430 5190 5661 5759 5567 6136 5541 5394 5216 5167 5431 5528 5832 5035 5394 5243 5281 4719 5512 5464 5056 5145 5347 5043 5365 5203 5520 5540 5185 5513 5244 5438 5356 5537 5504 5126 5210 5792 5478 5591 5799 5664 5096 5214 5444 5313 4922 5436 5649 5401 5553 5495 5792 5670 5028 5619 5599 5472 5618 5170 5472 5498 5394 5326 5418 5656 5489 5531 5942 5413 5166 5179 5584 5864 5487 5321 5906 5760 5289 5907 5542 5184 5410 5395 5450 5465 5876 5556 5399 5371 5751 5684 5503 5226 5420 5730 5695 5334 5261 5138 5313 5243 5284 5617 5108 5647 5048 5559 5912 5298 5267 5657 5160 5415 5473 5190 5666 5214 5003 5367 5186 5382 4893 5497 5264 5721 5548 5253 5611 5670 5284 5434 5486 6062 5296 5494 5365 5544 5253 5075 5472 5728 5275 5430 5625 5425 
4986 5016 4788 5603 5431 4988 5015 5217 4721 5483 4769 5456 5093 5297 5014 5097 4470 5048 5304 4872 4734 4606 5053 5191 5118 5230 4685 4869 5162 5430 5138 5189 5243 5035 5313 5470 4847 5898 5129 5135 4843 4847 4966 5468 4925 5124 5202 5044 5150 5198 5136 4584 5366 5206 5386 5614 5319 4991 5033 4971 5358 4951 4934 5259 4998 5364 5123 4796 5447 5230 4809 5478 5135 5100 5183 5400 5142 5189 5064 4902 5292 5284 5494 5096 4973 4632 4821 5198 5136 5022 5422 4982 5054 5150 4731 5387 5388 5304 5086 4841 4982 5456 4871 4981 4880 4684 5336 4741 5070 5324 5086 4905 5215 5318 5333 5733 5473 5052 4926 4793 5121 5442 5603 4747 5068 5029 4818 4891 5476 5216 4752 5000 5300 4624 5354 4947 5215 5641 4998 5012 5058 5074 5110 5080 5078 4734 4998 5339 5255 5256 5154 5241 4940 4908 5241 5099 4539 4922 4944 4878 5328 5344 5535 5766 4705 5237 5013 5288 5195 4870 5225 5181 5195 5137 5092 5391 4730 4863 5699 4927 4837 4836 5400 5517 5123 5255 5469 5384 4985 5331 5059 5053 4856 5095 4984 5027 5358 5358 5185 5289 5563 5190 5270 5025 4859 5161 5231 5056 4945 4974 5181 4967 5110 5250 4703 5259 4954 5093 5579 4935 5265 5185 4668 5226 4796 4784 5467 4851 4763 5206 5116 5196 4817 5383 4935 5507 5359 4907 5155 5371 5046 4962 5193 5527 4904 5223 5145 5364 4964 4783 4992 5323 5036 5089 5025 4960 
5091 5557 5198 5910 5885 5363 5435 5290 5523 5650 5235 5769 5330 5480 5279 5659 4811 5293 5824 5523 5029 5101 5194 5321 4931 5467 5024 5536 5717 5719 5421 5531 5493 5451 5678 5653 5030 5827 5242 5058 5120 5135 5161 5465 5332 5359 5490 5368 5481 5380 5145 5040 5792 5425 5502 5884 5583 5266 5171 5480 5615 5481 5343 5501 5297 5899 5425 5345 6030 5502 5054 5548 5288 5588 5333 5572 5476 5585 5230 5019 5676 5619 5891 5470 5290 4840 5328 5524 5487 5280 5940 5713 5503 5573 4958 5873 5640 5695 5451 5226 5302 5781 5415 5248 5157 4748 5435 4764 5487 5373 5486 5278 5612 5558 5628 5966 5626 5464 5684 5561 5490 5716 6256 5323 5297 5455 5440 5088 5780 5630 5337 5185 5277 5103 5546 5458 5412 5614 5392 5550 5168 5389 5596 5629 5906 5510 4983 5779 5211 5614 5663 5604 4950 5257 5434 5440 5329 5572 5483 5359 5744 5716 5783 5904 5158 5769 5681 5425 5416 5309 5658 5567 5138 5353 5280 5498 5162 5423 5902 5581 5338 5032 5341 5688 5519 5127 5866 5858 5155 5644 5595 5529 5440 5573 5295 5163 5967 5945 5451 5553 5576 5689 5419 5539 5192 5603 5449 5195 5169 5247 5745 5532 5141 5622 5150 5510 5174 5527 6181 5354 5405 5577 5384 5389 5094 5239 5853 5077 5030 5650 5252 5234 4967 5806 5607 5693 5358 4977 5591 5533 5451 5303 5375 5882 5717 5344 5180 5400 5395 5324 5488 5633 5346 5279 5532 5265 
4989 5365 5075 5597 5683 5133 5181 5184 5245 5652 5223 5450 5725 5506 5114 5372 4723 5148 5673 5215 5036 4973 4882 5056 5211 5444 4796 5267 5527 5471 5008 5399 5388 5388 5452 5855 4997 6033 5278 4970 4972 4997 5002 5500 5120 5355 5528 5092 5280 5406 5199 5080 5684 5199 5509 5694 5124 5183 5300 5125 5588 5191 5383 5437 5243 5422 5051 5086 5863 5475 4999 5595 5202 5396 5092 5638 5486 5319 5362 4998 5277 5687 5431 5450 5262 4867 5246 5304 5137 5077 5676 5238 5218 5337 4990 5799 5559 5413 5002 4854 5283 5463 5030 5064 5285 4610 5544 4914 5416 5423 5213 5013 5369 5615 5584 5947 5633 5302 5322 5513 5481 5333 5870 5136 4970 5371 5181 4872 5491 5429 5182 5167 5416 5102 5213 5182 5257 5657 5247 5268 5205 5137 5290 5481 5491 5212 5254 5715 5207 5348 5552 5375 5164 4922 4972 5137 5385 5225 5309 5430 5335 5231 5638 5678 4654 5167 5302 5267 5543 4950 5372 5274 4981 5373 5246 5819 5154 5273 6017 5390 5442 5178 5379 5436 5249 5168 5668 5545 4992 5670 5594 5217 5155 5320 5390 4876 5618 5548 5260 5643 5489 5406 5392 4989 4982 5707 5371 5148 4814 5106 5461 5102 5151 5451 4880 5376 5115 5471 6056 5118 5349 5428 5302 5357 5152 5261 5527 5050 4931 5412 5093 5271 4789 5312 5258 5726 5426 4910 5272 5572 5241 5239 5457 5611 5475 5443 5320 5587 5015 5196 5233 5530 5213 5377 5222 5120 
5318 5185 5189 5643 5610 5045 5277 5288 5203 5624 5084 5291 5448 5371 5006 5223 4873 5190 5515 5224 4832 4982 5144 5259 5194 5317 5070 5045 5448 5514 5111 5363 5429 5391 5436 5309 5058 6012 5296 5421 4833 5041 5169 5625 5136 5565 5666 5157 5615 5134 5044 4791 5752 5625 5717 5695 5572 5386 5087 4896 5529 5236 5034 5424 5123 5514 5629 5205 5676 5487 5198 5424 5224 5260 5275 5525 5205 5347 5195 4996 5451 5451 5826 5063 5103 4990 5158 5183 4977 5216 5738 5279 5193 5185 4968 5504 5538 5566 5399 5004 5126 5836 5314 5301 5293 4981 5509 5074 5401 5586 5259 4980 5588 5385 5600 6025 5529 5306 5134 4889 5473 5463 5824 5194 5311 4942 4914 4970 5284 5732 5127 5188 5626 5166 5278 5078 5214 5606 5374 5183 5209 5371 5448 5256 5426 5027 4991 5471 5237 5469 5516 5297 5164 5117 5295 5134 4978 5147 5272 5084 5362 5054 5822 5803 4872 5484 5347 4994 5433 4857 5648 5276 5336 5382 5029 5791 5037 5243 5616 5121 5197 4926 5439 5450 5183 4976 5658 5477 5258 5381 5691 5355 5274 5193 5319 5072 5682 5656 5146 5465 5565 5680 5405 5233 5095 5480 5254 5400 5164 5458 5554 5170 5164 5563 4917 5214 5018 5289 5765 5122 5355 5565 5118 5261 5087 5303 5435 4968 4910 5784 5120 5045 4859 5295 5166 5658 5255 4960 5142 5477 5147 5338 5386 5630 5344 5244 5365 5535 5010 5184 5075 5270 5268 5283 5208 5196 
5253 5165 4903 5450 5467 4956 5217 5151 5183 5281 5019 5480 5399 5147 5115 5045 4671 5000 5426 5232 4626 4675 5185 5115 5263 5475 4755 4972 5223 5007 5056 5178 5263 4996 5566 5353 4923 5916 5134 5223 4581 4784 4941 5706 5172 5129 5512 5083 5014 4979 4865 4769 5406 5073 5204 5674 5447 5149 4931 4985 5480 5264 5176 5153 5046 5631 5247 4991 5768 5360 4932 5500 5011 5058 4841 5223 5250 5174 5014 5084 5201 5267 5583 5222 4956 4849 4952 5377 5355 5002 5263 5075 5039 5279 4794 5594 5270 5276 4924 4694 5125 5244 5086 5119 5128 4507 5312 4583 5293 5047 5228 5176 5247 5389 5272 5695 5186 5071 5130 4974 5223 5248 5750 4937 5168 5115 4730 4836 5017 5316 4928 4831 5296 5025 5185 4824 5016 5455 4849 5011 5154 4919 5184 5448 5200 5276 5108 5434 5116 5097 5296 5448 5032 4953 5130 5259 4971 5130 5251 5262 5171 5174 5374 5433 4694 5465 5201 5273 5464 4901 5318 5101 4759 5528 4966 5690 5046 4841 5490 5363 5206 4963 5188 5468 5359 4807 5410 5300 4978 5482 5474 5261 5069 5089 4969 5214 5474 5485 5147 5465 5235 5702 5449 4992 4949 5449 5378 4993 5019 5193 5209 4854 5140 5344 4812 5132 4573 5482 5793 4895 4969 5598 5036 5123 5229 4815 5283 4986 4747 5691 4890 5004 4594 5270 5148 5329 5157 4616 5277 5318 5195 5184 5287 5682 5090 5177 5243 5343 4889 4861 5094 5359 5000 5213 5246 5078 
5231 4987 5271 5406 5614 4879 5084 5224 5113 5372 4969 5417 5461 5565 5064 4967 4773 5418 5594 4963 4763 4823 5110 5171 5311 5511 4857 5220 5522 5397 4918 5570 5578 5429 5484 5650 4798 6005 5324 5406 4681 5054 4991 5622 5289 5164 5330 5193 5151 5010 5154 4990 5606 5418 5230 5745 5392 5446 5390 5073 5505 5231 5241 5219 5234 5398 5003 4931 5740 5315 4850 5376 5032 5178 5263 5493 5531 5366 5191 5378 5249 5312 5603 5180 5228 4584 5065 5217 5056 5247 5599 5207 5198 5268 5259 5624 5345 5505 5134 4727 5424 5594 5234 5416 5114 4657 5425 5120 5302 5163 5087 4840 5308 5654 5341 5989 5656 5229 5312 5217 5641 5286 5838 5193 5325 5230 5015 4770 5378 5449 5089 5087 5420 4974 5052 4962 5188 5633 5384 5152 5098 5211 5266 5338 5549 5173 5086 5401 5433 5261 5316 5686 5103 5199 5190 5355 5026 5363 5343 5268 5359 5139 5570 5801 4849 5552 5559 5236 5165 4789 5284 5228 5141 5216 5098 5747 5243 5001 5632 5028 5494 4910 5322 5576 5079 5031 5830 5494 5214 5677 5347 5378 5143 5379 5282 5235 5644 5346 4976 5559 5432 5304 5453 5177 4647 5555 5475 5046 4983 5462 5212 4852 5212 5371 4812 5380 4866 5450 5895 4929 5080 5588 4949 5273 5086 5234 5627 5249 5003 5381 4994 5135 4856 5526 5150 5632 5344 4973 5178 5582 5153 5176 5203 5815 5045 5046 5478 5369 5149 5150 5307 5387 5226 5197 5181 5029 
5293 5229 5195 5667 5658 5143 5220 5561 5441 5617 5108 5699 5571 5354 5151 5112 4850 5133 5439 5128 4980 4965 5328 5497 5305 5140 5186 4979 5329 5893 5371 5383 5588 5421 5619 5766 5129 5993 5372 5350 4816 4873 5012 5541 5077 5323 5322 5213 5269 5461 5282 5173 5783 5585 5364 5837 5699 5268 5201 5238 5722 5482 5473 5342 5204 5698 5348 4932 5944 5458 5237 5439 5208 5221 4920 5576 5504 5423 5300 5215 5537 5576 5470 5336 5281 4991 5103 5356 5515 5258 5741 5050 5367 5681 4927 5892 5341 5614 5265 5031 5391 5647 5112 5470 5141 4766 5595 5020 5505 5487 5325 4851 5123 5789 5558 6138 5413 5262 5362 5373 5621 5435 5854 5321 5097 5606 5310 5003 5569 5610 5381 5106 5326 5222 5418 5210 4974 5575 5339 5258 5347 5559 5322 5341 5503 5063 5114 5395 5272 5396 5723 5653 5142 5262 5085 5265 5326 5268 5291 5485 5662 5174 5813 5727 4889 5388 5271 5355 5640 5009 5484 5240 5242 5339 5472 5894 5271 5119 5851 5413 5451 5151 5498 5637 5489 5243 5875 5465 5263 5428 5608 5289 5214 5313 5407 5270 5779 5662 5527 5591 5716 5692 5197 5546 5205 5637 5267 5482 4931 5006 5735 5285 5076 5617 5175 5305 5144 5752 5856 5119 5289 5681 5110 5314 5180 5009 5636 5146 4704 5438 5183 5189 4763 5364 5404 5480 5315 4905 5348 5368 5543 5420 5544 5818 5146 5385 5227 5565 5354 5123 5251 5669 5608 5449 5332 5152 
4892 5036 5035 5806 5385 5317 5188 5175 5051 5519 4802 5248 5488 5342 4950 4858 4604 5224 5418 4943 4816 4939 5252 5142 5204 5061 4631 4795 5179 5434 4923 5198 5394 5290 5225 5313 5055 5893 5305 4908 4714 4633 4735 5613 5051 5037 5325 5058 5424 4978 4886 5017 5678 5232 5526 5669 5389 4991 4939 4811 5630 5158 5061 4943 5236 5526 5154 4946 5519 5218 4883 5079 4914 5130 4992 5186 5296 5277 4963 4938 5313 4811 5504 5006 4783 4943 5063 5175 5236 5014 5482 5330 5095 5242 5032 5342 5164 5354 5005 4743 5174 5706 5180 4892 4958 4528 5392 4746 5243 5259 5115 4867 5335 5365 5393 5690 5232 5191 5076 5063 5139 5430 5792 4807 4885 4943 4910 4622 5141 5157 4898 5121 5209 4834 5027 5030 5115 5452 5142 5262 5024 4967 5401 5174 5402 5200 4931 5373 5167 5288 5333 5301 5047 4894 4973 5152 5110 4995 5359 5278 5296 5050 5502 5442 4823 5448 5269 5031 5278 4845 5396 5286 5195 5298 4855 5373 4953 5083 5743 5008 5079 4657 5231 5475 5091 4965 5498 5380 5171 5274 5534 5029 5005 5247 5054 4998 5428 5438 5009 5178 5240 5120 5234 5073 5191 5188 5072 5311 4933 5116 5404 4790 5026 5523 4790 5045 4938 5265 5616 5143 4908 5436 5130 5124 5042 5103 5393 4984 4841 5369 4922 5268 4549 5336 5176 5353 5028 4985 5082 5429 4936 5374 4989 5462 5155 5213 5062 5093 4841 4786 5003 4983 4996 4882 5022 4931 
5271 5203 5207 5567 5729 4946 5459 5435 5403 5385 5179 5761 5619 5492 5285 5441 5064 5246 5703 5088 4919 4894 5138 5428 5393 5574 5036 5361 5661 5797 5385 5608 5487 5581 5855 5775 5103 6361 5280 5237 5440 5081 5087 5849 5480 5570 5490 5316 5558 5252 5473 4896 5691 5632 5654 5702 5746 5473 5125 5262 5457 5330 5128 5281 5176 5577 5335 5162 5948 5706 5212 5801 5255 5485 5312 5648 5159 5158 5227 5267 5456 5400 5761 5350 5258 4973 5351 5347 5278 5414 5893 5458 5323 5356 5086 5732 5680 5367 5411 4941 5173 5452 5393 5347 5460 5044 5446 5205 5272 5460 5425 5305 5605 5776 5662 5977 5685 5384 5116 5180 5467 5647 6049 5162 5554 5295 5156 5053 5530 5731 5311 5323 5522 5181 5436 5239 5311 5928 5187 5135 5364 5156 5638 5733 5470 5322 5162 5678 5281 5328 5635 5498 5086 5274 5327 5502 5296 5133 5286 5143 5408 5238 5943 6158 5154 5620 5614 5196 5347 5010 5455 5398 5453 5628 5183 5764 5308 5291 5991 5229 5210 5139 5171 5917 5368 5266 5904 5673 5164 5687 5391 5298 5366 5494 5585 5149 5967 5800 5606 5641 5617 5676 5499 5315 5020 5506 5402 5365 5486 5369 5596 5156 5122 5629 5257 5683 5167 5529 6001 5214 5643 5704 5194 5765 5300 5267 5790 5358 5107 5551 5478 5427 4918 5530 5483 5376 5638 4990 5476 5379 5437 5474 5486 6196 5522 5475 5393 5400 5182 5098 5411 5329 5289 5295 5190 5322 
4668 4713 4293 4861 4778 4603 4808 4716 4611 4963 4661 4840 4751 4865 4659 4718 4447 4359 5032 4436 4354 4530 4526 4793 4744 4711 4410 4624 4938 4857 4664 4758 4830 4726 5208 4763 4500 5251 4633 4412 4404 4460 4356 5125 4696 4638 4722 4620 4727 4690 4748 4312 5027 5019 4829 5178 5003 4683 4462 4738 4746 4700 4624 4700 4432 5011 4653 4392 5252 4819 4514 4875 4560 4414 4749 4885 4708 4641 4595 4510 4987 4596 5041 4584 4494 4437 4675 4534 4642 4780 4950 4827 4748 4884 4422 5225 4965 4947 4785 4550 4786 4824 4570 4645 4549 4050 4860 4633 5159 4754 4695 4492 5012 5105 5036 5252 4834 4724 4407 4499 4881 4728 5186 4517 4516 4919 4663 4228 4602 4812 4718 4524 4832 4316 4693 4584 4735 4752 4678 4734 4779 4703 4648 4957 4847 4350 4743 5022 4952 4639 4942 4904 4531 4574 4894 4800 4486 4671 4612 4749 5107 4855 4980 5151 4373 4925 4692 4752 4949 4392 4785 4844 4690 4829 4966 5028 4663 4581 5376 4856 4616 4690 4811 4942 4738 4903 5001 4931 4447 5115 5152 4629 4677 4769 4616 4731 5010 5191 4811 4903 4812 5015 4952 4536 4625 4860 4848 4539 4690 4639 5097 4736 4773 5141 4158 4874 4620 4981 5127 4696 4570 5100 4423 4978 4555 4460 4897 4578 4455 4929 4591 4778 4435 4911 4811 4911 4764 4364 4849 4757 4586 4713 4653 5377 4738 4994 4796 4797 4549 4668 5081 4914 4618 4814 4826 4737 
4838 5079 5140 5598 5485 5216 5340 5212 5081 5536 5014 5618 5267 5323 5081 5036 4581 5091 5307 5099 4759 5032 5341 5335 5109 4900 4830 4836 5429 5546 4915 5209 5327 5405 5390 5529 4957 6014 5248 5089 4807 4715 4711 5445 5296 5076 5141 4877 5099 5132 5118 4811 5540 5498 5427 5470 5517 5477 5124 5143 5385 5360 5034 5197 5216 5480 4969 4913 5745 5279 4994 5291 5385 5048 5278 5499 5409 5080 5108 4965 5252 5144 5390 5052 5032 4967 5350 5093 5153 4974 5850 5180 5321 5034 5171 5593 5157 5521 5212 5052 5404 5365 5278 5158 5022 4788 5354 5153 5307 5403 5316 5027 5085 5518 5373 6024 5432 5313 5311 5080 5415 5240 5736 5065 4977 5428 5157 4753 5381 5413 5089 5200 5257 5134 5231 5138 5168 5665 5325 5129 5321 5360 5332 5343 5292 5138 5138 5418 5273 5502 5628 5425 5186 5262 5135 5176 4974 5087 5225 5105 5300 5148 5378 5438 5040 5392 5256 5118 5427 4778 5224 5116 5118 5109 5128 5523 5110 5232 5711 5262 5318 4745 5218 5447 5274 5178 5755 5568 5161 5540 5399 5571 5148 5254 5299 5040 5566 5590 5044 5519 5435 5412 5314 5055 5186 5305 5065 5138 4952 5244 5408 4993 5446 5369 5102 5259 5057 5499 5547 5076 5173 5493 5246 5306 5203 5027 5548 4939 4596 5383 4945 5213 5063 5391 5201 5377 5340 4720 5145 5285 5027 5317 5269 5628 4964 5294 5312 5320 5209 5129 5251 5361 5192 5189 5168 5039 
5095 5111 5028 5774 5618 5027 5019 5134 5029 5122 4860 5775 5453 5321 5112 5201 4570 4977 5442 5247 4645 4810 5250 5210 4793 5106 4707 5186 5246 5625 5108 5419 4991 5431 5486 5474 4887 5808 5451 5053 4732 4952 4902 5652 5278 4860 5323 5048 5232 5166 5025 5064 5631 5216 5278 5477 5449 5062 5052 4874 5413 4997 5311 5085 5122 5515 4869 5029 5787 5318 4978 5559 5030 5240 5285 5413 5370 5135 4921 4869 5263 5206 5506 5231 5107 4757 5294 5258 5403 5138 5683 5379 5142 5152 5121 5600 5456 5186 5360 4977 5087 5636 5133 5050 4991 5097 5169 4914 5183 5147 5179 5260 5367 5469 5414 5964 5585 5249 5384 5054 5585 5179 5648 4904 5256 5037 4990 4821 5044 5493 4962 5127 5354 5159 5427 5020 5299 5681 5138 5040 5137 5306 5267 5615 5254 5262 5130 5703 5254 5456 5415 5525 5198 4987 5058 5442 4888 5215 5337 5072 5300 5215 5673 5498 4860 5322 5239 5085 5418 5016 5296 5196 5169 5005 5260 5406 5098 4876 5603 5337 5398 4970 5279 5520 5240 4871 5657 5270 5173 5432 5501 5178 4967 5139 5265 5197 5716 5508 5165 5362 5382 5288 5204 4970 4822 5243 5074 5136 5146 5193 5155 5083 4919 5378 4784 5403 4765 5397 5875 5147 5179 5524 5237 5193 5016 4972 5780 5004 4709 5591 5117 4920 4837 5288 5086 5169 5112 5066 5117 5306 4831 5056 5041 5406 5260 5347 4930 5503 5025 5102 5051 5475 5077 5072 5213 5098 
4781 5239 4981 5569 5488 5012 5061 5105 5067 5292 5006 5400 5213 5191 5154 5192 4658 5101 5623 5199 4729 4789 5031 5229 5172 5188 4723 4846 5417 5491 4913 5446 5027 5257 5367 5451 4934 5860 5191 5083 4865 4850 4765 5333 5325 5264 5299 4900 5194 5021 5060 4835 5457 5393 5393 5517 5310 4992 5309 4971 5309 5096 5173 5089 5079 5308 5128 5019 5778 5470 4679 5277 5082 5017 5323 5484 4970 5379 4874 5264 5245 5179 5328 4768 5050 4949 5206 4975 5173 5107 5781 5196 5168 5379 4847 5413 5326 5499 5075 4935 5270 5391 5065 4922 5065 4856 5214 4768 5321 5185 5236 4689 5030 5477 5311 5862 5412 5150 5071 5259 5275 5328 5613 4890 4717 5065 4941 4839 5372 5174 5016 5032 5190 5019 5005 5086 4779 5446 5184 4967 5241 5108 5234 5214 5478 5273 4905 5519 5004 5445 5240 5326 5031 4947 4914 5025 5048 5281 5133 5059 5201 5338 5465 5644 4747 5508 4932 5019 5166 4813 5243 5065 4873 5234 5236 5428 5161 4989 5480 5084 4999 5163 5217 5607 5044 5182 5592 5435 5068 5405 5358 4890 5021 5315 5253 5012 5423 5326 5071 5363 5376 5357 5378 4978 4977 5421 5122 5172 4756 5246 5586 4832 5084 5316 4643 5028 4980 5524 5502 4689 5403 5565 4930 5059 4985 5048 5682 5168 4929 5312 5108 5047 4959 5272 5369 5194 5292 4958 5141 5261 5035 4960 5032 5753 5235 5269 5217 5471 4862 4961 5089 5555 5151 5501 5094 5074 
4812 4426 4884 5377 5282 4869 4644 5178 4891 5256 4776 5066 4879 5222 4857 5040 4464 4726 5504 4670 4742 4463 4852 5151 5112 5063 4511 5124 5473 5316 5167 5142 5049 4939 5205 5387 4813 5667 4982 5085 4629 4614 4738 5334 4833 4909 5295 4713 4837 5027 4780 4630 5259 5132 5343 5656 5173 5154 5122 4971 5284 5008 4866 5012 4789 5281 4984 4633 5448 5076 4561 5434 4781 5136 4953 5162 5051 4944 4897 4728 5215 5237 5143 4813 5068 4394 4797 4937 5011 4810 5466 4887 5026 5020 4704 5272 4946 5028 4980 4765 4905 5423 5114 5248 4796 4705 5114 4511 5227 4958 4783 4750 4988 5281 5095 5715 5290 4846 5181 4879 5225 5241 5615 4723 4948 4879 4602 4679 5143 5010 5117 4967 5023 4829 5243 4847 5003 5527 4667 5018 4982 4830 5094 4829 5246 4903 4926 5339 5135 5044 5208 5203 5072 4942 4984 5019 4866 5221 5222 5025 5093 5011 5409 5199 4757 5507 5138 4767 5404 4938 5172 5130 4982 5017 4914 5301 5050 4749 5234 4958 5118 4806 5058 5142 4885 4743 5216 5184 4842 5215 5292 4997 4843 4977 4801 4747 5464 5338 5137 5214 5445 5227 5214 5001 4735 5000 5203 4956 4685 5016 5279 4726 4894 5170 4605 4971 4998 5266 5603 4687 4801 5093 4973 4995 4887 4931 5292 4751 4586 5275 4921 4910 4628 5216 4978 5426 5176 4460 4957 5165 4952 5119 4897 5485 4911 5063 5166 5031 4846 4810 4861 5081 5144 4878 4854 4783 
4983 5082 5051 5437 5662 4980 5404 4956 5180 5658 5020 5528 5432 5340 4924 5251 4869 5233 5454 5223 4631 4662 5215 5090 5207 5328 5008 4959 5172 5137 4901 5484 5051 5394 5601 5395 5130 5794 5343 5313 4934 5018 5156 5469 5172 5286 5414 5322 5035 5033 5185 4800 5774 5376 5232 5842 5257 5304 5315 5280 5227 5073 5188 5392 4937 5618 5378 4938 5750 5412 5238 5457 5067 5412 4946 5635 5179 5290 5029 5275 5224 5374 5794 5198 5024 4674 5081 5147 5136 5354 5487 5267 4928 5326 5046 5682 5558 5240 5304 4827 5209 5674 5286 5221 5138 4733 5155 4582 5408 5315 5163 4972 5244 5522 5341 5673 5160 5176 5067 5089 5274 5259 6036 4930 5170 5154 4846 5223 5356 5435 5200 5191 5397 5199 5381 5050 5188 5641 5086 5259 5141 4989 5449 5512 5355 5115 4963 5583 5272 5492 5336 5417 5106 5084 4980 5300 5070 5350 5471 5232 5361 5532 5680 5806 4675 5621 5188 5063 5388 5122 5263 5474 5118 5216 5328 5507 5294 4940 5823 5356 5368 4966 5423 5610 5145 5109 5611 5566 5099 5513 5357 5271 5069 4964 5034 5116 5776 5476 5146 5402 5508 5535 5449 5033 5100 5430 5131 5077 4785 5343 5469 5111 5121 5303 4847 5195 4943 5416 6022 5083 5372 5856 5365 5154 5132 5406 5519 5222 5050 5372 5082 5142 4875 5518 5288 5595 5094 5246 5371 5521 5360 5369 5138 5536 5211 5408 5235 5463 4736 5019 5185 5543 4969 5358 5364 5126 
4970 4953 4948 5751 5490 5046 4948 5245 4940 5160 4902 5465 5166 5147 4984 4926 4657 4906 5272 5059 4767 4588 4715 5083 4983 5235 4839 5003 5248 5205 5143 5141 5379 5067 5200 5441 4784 5612 5135 4993 4758 4718 4599 5240 5174 5207 5217 5080 5393 4831 4753 4798 5481 5042 5323 5409 5543 5043 4931 4931 5343 5296 4956 5135 5178 5268 5207 4855 5564 5206 4907 5345 5117 5268 5041 5342 5250 5166 4678 4856 5243 4904 5229 4900 5161 4791 4932 5144 5276 4905 5691 4992 5033 5028 4894 5313 5185 5120 5153 4853 5269 5340 5135 4854 4742 4627 5378 4855 5168 5154 4881 4933 5157 5030 5074 5463 5215 5264 5057 5109 5087 5219 5728 4911 5201 5010 5007 4745 5015 5149 4982 4764 5027 5133 5545 5049 4912 5165 5058 4998 5150 4717 5303 5354 5500 4946 4926 5433 5127 5278 5276 5307 5050 5062 5183 5170 4839 4961 5203 5223 5169 5208 5613 5542 4801 5559 5178 4978 5255 4738 5112 5183 4957 5025 4898 5354 4847 4908 5702 5307 5026 5002 4991 5353 5136 4909 5475 5235 5036 5458 5155 5176 4949 5284 4828 4829 5357 5333 4858 5383 5153 5259 5144 4951 4933 5349 5330 4771 4782 5057 5168 4825 5213 5540 4724 5311 4757 5574 5582 4975 5201 5212 4946 4970 5169 4982 5445 4922 4590 5243 5145 5015 4837 5408 5071 5284 5203 4775 4974 5057 4833 4911 5131 5534 4825 5235 4926 5336 4874 4937 4883 5368 5001 5131 4948 4899 
5554 5481 5367 6034 5745 5540 5627 5526 5933 5718 5149 5869 5813 5805 5296 5357 4994 5527 5909 5462 5217 5251 5458 5669 5579 5631 5239 5603 5784 5944 5471 5659 5692 5639 5872 5916 5127 6217 5532 5259 5143 5054 5374 6106 5503 5368 5808 5276 5653 5236 5561 5310 6124 5739 5821 6246 5744 5266 5716 5455 5982 5417 5657 5706 5436 5577 5393 5335 6252 6006 5268 5762 5664 5559 5284 5662 5740 5716 5630 5104 5643 5625 6006 5382 5400 5206 5469 5612 5435 5307 5930 5703 5374 5645 5161 6116 5530 5712 5423 5328 5469 5814 5318 5548 5571 5180 5756 5216 5683 5563 5665 5372 5665 5919 5880 6401 5831 5528 5515 5620 5692 5801 6229 5347 5384 5598 5208 5164 5493 5648 5507 5403 5679 5367 5640 5316 5629 6047 5719 5509 5685 5535 5789 5640 5886 5663 5418 5802 5586 5674 5857 5694 5397 5274 5540 5795 5576 5600 5406 5537 5591 5829 5991 5917 5187 5831 5638 5619 6018 5583 5836 5553 5442 5799 5160 5783 5538 5097 6069 5855 5535 5218 5688 5865 5771 5306 5997 5872 5448 5883 5789 5629 5587 5480 5446 5438 6064 6003 5507 5678 5876 5926 5794 5408 5439 5592 5663 5281 5468 5620 5778 5483 5464 5681 5330 5676 5225 5753 6091 5469 5420 5980 5625 5729 5536 5482 5990 5293 4988 5917 5551 5440 5003 5895 5846 5847 5430 5252 5526 5563 5452 5755 5551 6074 5464 5552 5738 5708 5189 5236 5411 5683 5598 5502 5573 5505 
5091 4860 4988 5647 5655 5050 5179 5277 4980 5373 4955 5462 5381 5320 5146 5065 4667 5063 5332 5021 4838 4734 4869 5165 5113 5000 4871 5096 5145 5295 5122 5293 5348 5025 5584 5247 4636 5755 5067 5314 4762 4881 4869 5448 5050 5194 5331 5077 5268 5036 4938 4527 5616 5284 5360 5518 5406 5376 5087 4909 5220 5363 5400 5260 4858 5329 5010 5026 5429 5318 5059 5263 4967 5330 5314 5271 5095 4918 4915 5059 5183 5022 5532 5015 5114 4910 5034 5099 5034 5146 5632 5171 5132 5004 4819 5540 5340 5294 5089 4733 4875 5504 5164 5213 5176 4948 5245 4896 5114 5033 4993 5084 5289 5484 5529 5709 5408 5347 4876 4913 5211 5675 5951 5022 5238 4842 4924 5041 5028 5219 4909 4934 5174 4994 5424 5091 4922 5695 5153 5006 5261 4957 5432 5651 5226 5038 5162 5498 5173 5203 5247 5053 5066 5043 5429 4937 5176 4924 5257 5056 5347 5279 5835 5656 4817 5490 5156 5004 5087 5019 5328 5210 5112 5370 5036 5309 5087 4766 5696 5171 4982 4939 5199 5330 5167 5118 5362 5327 4947 5545 5548 5238 4872 5279 5181 5022 5483 5490 5276 5585 5476 5497 5382 4916 4932 5187 5148 4766 5216 5238 5517 4765 5213 5353 4799 5517 5029 5206 5904 5196 5390 5507 5187 5281 4806 4875 5543 5167 4823 5483 5201 5202 4855 5495 5006 5485 5181 5011 4999 5529 5233 5068 5087 5483 5223 5194 5267 5190 5090 4911 5167 5563 4918 5059 5355 4904 
4496 4758 4784 4956 5008 4748 4855 4431 4734 5099 4400 5177 5052 5019 4708 4713 4557 4818 5242 4832 4286 4508 4696 4776 4872 4948 4426 4721 4844 4913 4582 4926 4809 4687 4697 5164 4427 5511 5178 4667 4291 4345 4499 5103 4799 4702 4798 4950 4917 4629 4800 4611 4916 5022 4948 5241 5146 4756 4898 4557 5231 4793 4764 4742 4662 4939 4571 4637 5152 4899 4477 4976 4684 4931 4723 5163 4908 4861 4728 4739 4936 4794 5013 4738 4605 4434 4548 4840 4847 4857 5173 4844 4643 4646 4545 5276 4898 4942 4701 4251 4828 5086 4746 4780 4869 4250 4890 4522 5132 4610 5060 4608 5008 4826 4619 5298 4983 4638 4638 4752 4745 5114 5348 4519 4594 4714 4869 4400 4729 4932 4834 4695 4872 4797 4997 4755 4600 5208 4735 4505 4834 4541 5033 4937 4970 4799 4906 5000 4673 4764 5015 5032 4546 4573 4991 4809 4566 4766 4918 4703 5025 4960 5027 5183 4403 5026 4931 4796 5098 4516 4828 4909 4639 5011 4734 5140 4756 4742 5116 4830 4927 4675 4855 5247 5032 4511 5148 4820 4865 5344 5120 4890 4720 4853 4907 4616 5241 4747 4928 4942 5272 4777 5204 4473 4440 5002 4844 4744 4334 4701 4731 4711 4538 4791 4473 4816 4440 5241 5203 4730 4853 5137 4520 4863 4801 4678 4996 4907 4663 4942 4505 4740 4360 4969 4619 5075 4918 4690 4657 5032 4802 4439 4963 5215 4730 4755 4722 4855 4617 4660 4968 5003 4526 4686 4752 4564 
4898 4612 5174 5563 5574 4958 5102 5261 5124 5599 5308 5341 5114 5447 5003 5178 4737 4939 5453 4833 4850 4734 5167 5161 4760 5344 4841 5338 5504 5369 5145 5506 5215 5596 5444 5423 4480 5659 5032 4913 4679 4767 5085 5152 5047 5157 5377 4990 5128 5196 5096 4618 5504 5354 5404 5600 5596 4871 4983 5124 5333 5490 5021 5117 5067 5467 5050 4797 5508 5382 4721 5343 4982 5197 5020 5461 4956 5301 5224 5063 5529 5481 5250 5137 4947 5005 4958 5245 5387 5123 5347 5226 5100 5448 5129 5439 5357 5144 5239 4871 5310 5374 5203 5125 5142 4687 5095 4972 5173 5156 5128 5108 5243 5664 5499 5885 5333 5201 5233 5095 5196 5389 5763 4871 5121 5155 4942 4705 5166 5241 4987 4814 5238 4866 5342 5254 5182 5548 5018 5096 4993 5327 5445 5140 5240 5081 5030 5260 5090 5153 5580 5478 4940 5047 5454 5139 4920 5237 5556 5249 5391 5141 5691 5491 4808 5352 5183 5143 5360 4881 5507 5273 5036 5218 5058 5424 5138 5060 5750 5017 5140 5079 5161 5555 5181 5303 5352 5561 4944 5449 5462 5193 5150 5273 5087 5195 5593 5449 5183 5220 5412 5494 5317 4997 4991 5382 5067 5218 4700 5067 5440 5133 4974 5580 4912 5302 4930 5436 5763 4990 5043 5461 5097 5201 5083 4913 5227 4971 4796 5244 4882 5368 4663 5299 5286 5373 5298 4778 5325 5441 5145 5308 5005 5585 5252 5040 4900 5086 5151 4827 5324 5632 5311 5042 5259 5284 
5504 5221 5205 5958 5834 5178 5323 5493 5350 5876 5227 5638 5571 5852 5243 5462 4853 5417 5796 5449 5029 5233 5441 5296 5150 5331 4857 5230 5670 5805 5436 5429 5558 5819 5732 5607 5216 6316 5497 5173 5099 4900 5002 5774 5423 5518 5405 5492 5351 5381 5559 5169 5629 5523 5541 5848 5767 5588 5599 5288 6008 5134 5406 5423 5261 5580 5503 5390 6006 5817 5207 5845 5570 5452 5368 5720 5427 5344 5504 5156 5900 5328 5749 5184 5502 4978 5138 5561 5397 5401 5959 5494 5489 5510 5234 5959 5738 5539 5475 4940 5159 6029 5618 5351 5355 4972 5435 5250 5686 5534 5562 5169 5602 5664 5805 6260 5790 5416 5567 5243 5293 5393 5886 5157 5302 5367 5329 4822 5559 5610 5281 5473 5479 5371 5662 5364 5432 5998 5536 5377 5268 5340 5686 5436 5667 5602 5222 5659 5416 5614 5790 5524 5290 5219 5375 5341 5277 5451 5513 5471 5506 5422 5754 6044 5095 5551 5622 5249 5549 5248 5558 5099 5297 5465 5436 5725 5373 5200 5885 5357 5566 5106 5460 5811 5418 5150 5897 5580 5191 5730 5787 5553 5353 5434 5540 5077 5932 5747 5460 5674 5955 5673 5513 5251 5366 5606 5305 5409 5088 5474 5390 5657 5381 5755 5153 5448 5192 5957 5967 5232 5334 5686 5279 5507 5578 5200 5722 5480 4765 5762 5301 5219 5096 5589 5478 5555 5458 4960 5414 5674 5237 5351 5455 5797 5553 5674 5255 5461 5211 5133 5360 5520 5347 5253 5203 5171 
5144 5182 5154 5712 5821 5104 5222 5537 5098 5438 5054 5674 5349 5582 5227 5220 4895 5340 5668 5315 4841 4754 4941 5251 5275 5319 5210 5315 5451 5708 5149 5450 5717 5587 5721 5498 5124 6082 5419 5244 4579 5053 5024 5565 5357 5162 5144 5527 5462 5359 5069 5322 5707 5578 5547 5431 5626 5407 5349 5145 5817 5180 5059 5386 5218 5719 5379 5224 5818 5304 5103 5623 5348 5369 5201 5554 5468 5154 5246 5041 5230 5288 5620 5238 5638 5069 5015 5496 5549 5388 5890 5383 5361 5534 5192 5655 5613 5323 5307 5009 5725 5812 5274 5393 5273 4634 5537 4878 5308 5304 5063 5011 5329 5722 5586 6132 5631 5445 5142 5333 5471 5239 5888 5146 5216 5245 5081 5096 5379 5340 5243 5267 5553 5269 5357 5378 5573 5682 5304 5249 5400 5225 5474 5553 5592 5286 5239 5514 5334 5301 5614 5541 5307 5515 5281 5332 5087 5145 5380 5594 5539 5164 5806 5724 5172 5583 5362 5303 5476 5234 5343 5366 5315 5518 5326 5734 5078 5102 6100 5230 5331 5116 5203 5514 5314 5092 5633 5620 5305 5602 5612 5410 5407 5310 5111 5044 5815 5482 5157 5339 5683 5420 5227 5217 5218 5608 5276 5153 4841 5295 5441 5181 5271 5719 4912 5682 5055 5667 5691 4974 5214 5803 5350 5093 5398 5017 5835 5087 5058 5417 5218 5028 4738 5580 5557 5460 5484 5021 5206 5600 5107 5183 5301 5598 5118 5395 5198 5265 5052 5043 5276 5610 5427 5444 5224 5186 
5081 4644 5023 5425 5188 4816 4917 4965 4908 5571 4742 5204 5055 5087 4787 5027 4628 4772 5333 4742 4649 4672 4977 4831 4700 5072 4652 4757 5072 5305 4797 5250 5316 5128 5104 5129 4614 5606 4763 4884 4679 4809 4794 5269 4727 4850 5133 5017 4877 4867 5272 4726 5322 5062 5256 5453 5174 5100 5074 5040 4913 5109 4746 5304 4833 5226 5070 4709 5570 4960 4863 5324 5020 4917 5020 5245 5102 5128 4981 4805 5086 4885 5149 5013 4703 4732 4833 5060 5006 5032 5415 5017 4912 5109 4766 5295 5157 5355 4949 4693 4927 5513 5099 5147 5066 4588 5338 4549 5135 5003 5254 4788 5045 5432 5231 5620 5135 4899 4865 4871 5038 5215 5947 4702 4957 4823 4748 4610 5108 5169 5010 4846 5133 4913 4994 5141 4834 5337 5153 4902 5032 4992 5253 5238 5128 4779 4862 5271 4941 5129 5280 5010 4675 4987 4880 5026 4842 5158 4989 4913 4951 4993 5385 5624 4562 5309 5218 4971 5214 4591 5033 4974 4699 4952 4710 5374 4938 4908 5508 5279 4621 4852 4968 5227 5099 4684 5207 5020 4796 5340 5345 4944 4929 5101 4689 4924 5376 5411 5012 5250 5372 5036 5172 5030 4682 5369 5216 4719 4758 4869 5040 4868 4892 4962 4551 5242 4715 5334 5414 4739 4985 5354 4825 4815 5047 4823 5211 5153 4568 5009 4972 4611 4595 5045 5278 5264 5174 4919 4892 5397 4910 5165 5185 5404 5062 5011 4995 5222 4894 4663 4991 5350 4921 4967 5237 4783 
5033 4664 4689 5593 5151 5121 4951 5021 5047 5186 4661 5117 5287 5175 4870 4942 4499 5038 5347 4945 4502 4720 5013 5048 4840 5048 4674 4803 5212 5353 4931 4859 5165 4949 5112 5387 4776 5567 5061 4822 4747 4669 4868 5473 4905 5107 5366 4702 5118 4642 4856 4531 5194 5250 5222 5516 5261 5120 5008 4901 5113 5125 4888 4925 4556 4961 4985 4700 5350 5263 4760 5253 4841 4989 4819 5110 5239 5026 5055 4805 4967 5041 5292 4789 4755 4583 5085 5128 5071 4923 5307 4904 4828 4936 4720 5228 5236 4942 4871 4667 4903 5284 5224 5153 5094 4576 5224 4893 5000 4907 5106 4874 5132 5302 5092 5409 5030 4890 4898 5098 5012 5095 5564 4654 5111 4938 4870 4509 4891 5174 4708 4727 4801 4965 5072 5034 4918 5568 4995 4998 4955 5055 5108 5427 5266 4881 4615 5292 4930 5408 5663 5249 4919 4941 4897 5020 4897 5106 5122 4801 5016 5073 5282 5324 4593 5252 5148 5159 4977 4612 4846 5096 4858 4996 4545 5138 4706 4997 5553 5162 4769 4717 4914 5225 4917 4803 5526 5273 4910 5227 4972 4986 5041 5169 4827 4803 5236 5118 5118 5217 5354 5186 5315 4830 4792 5140 5197 4693 4741 4884 5131 4958 4848 5377 4608 5183 4819 5322 5473 4737 4882 5067 5196 4912 5311 5039 5498 4907 4559 5441 5144 5023 4505 5377 5035 5222 5039 4738 4883 5237 4956 4949 4999 5474 4997 4879 5037 5112 4918 4758 4792 5282 4739 5080 5009 4878 
5181 5413 4955 5700 5478 5388 5366 5351 5226 5609 5087 5818 5454 5582 5156 5226 4955 5412 5784 5339 4990 4837 5199 5283 5235 5412 4931 5389 5635 5681 5346 5622 5460 5615 5790 5501 5133 6096 5402 5362 5057 5007 5043 5614 5319 5423 5571 5308 5567 5389 5162 4783 5650 5669 5551 5762 5323 5402 5319 4948 5466 5399 5262 5391 4995 5548 5523 5240 6078 5466 5229 5741 5236 5360 5151 5532 5579 5267 5491 4998 5452 5353 5745 5194 5486 5033 5129 5385 5447 5446 5778 5217 5234 5592 5031 5532 5492 5514 5483 4992 5557 5789 5374 5242 5361 4796 5480 5352 5398 5398 5281 5151 5478 5458 5857 6235 5414 5342 5343 5246 5512 5509 5921 5049 5219 5463 5468 5060 5296 5563 5073 5237 5298 4962 5286 5196 5249 5895 5313 5343 5653 5192 5526 5810 5706 5305 5131 5413 5558 5345 5682 5106 4951 5257 5296 5209 5124 5277 5566 5356 5716 5515 5743 6012 4927 5515 5584 5310 5551 4950 5584 5365 5188 5647 5277 5803 5128 5482 6363 5457 5338 5005 5307 5587 5401 5473 5892 5747 5118 5716 5534 5445 5411 5397 5364 5213 5837 5781 5290 5357 5655 5588 5844 5113 5171 5671 5412 5169 5184 5210 5580 5392 5440 5736 5008 5346 5256 5394 5979 5018 5501 5713 5158 5359 5346 5226 5574 5009 4798 5700 5529 5473 5051 5724 5418 5606 5413 5062 5734 5542 5342 5311 5333 5852 5323 5644 5475 5317 5223 5308 5521 5522 5077 5312 5304 5096 
4849 5032 4876 5608 5403 5265 5241 5016 4904 5549 4824 5411 5185 5209 5042 5103 4666 5136 5450 5107 4741 4752 5376 5315 4992 5136 4613 4913 5350 5147 5003 5169 5048 5484 5455 5386 5073 5933 5401 4774 4728 4816 5047 5434 4963 5023 5229 5073 5140 5100 5110 4808 5524 5356 5183 5654 5141 4721 5188 4959 5228 5148 5048 4850 4881 5387 5219 4922 5714 5100 4659 5344 5071 4985 4949 5327 5054 5192 5000 4866 5431 5108 5644 4902 4791 4727 4969 5170 5034 5301 5496 5126 5212 5271 4942 5715 5250 5446 5363 4638 5201 5601 5059 4836 5023 4484 5165 4528 5462 4981 5062 4715 5444 5504 5408 5642 5666 5128 4880 4618 5010 5382 5681 4775 4946 4971 4886 4759 5249 5261 4912 5004 5233 4733 4803 4983 5206 5498 4869 5352 5131 5053 5196 5233 5215 5113 5014 5439 5029 5195 5411 5409 4733 4998 4940 5000 5004 5447 5360 5052 5164 5122 5528 5403 4596 5140 5125 5088 5444 4855 5371 5305 5003 5121 5413 5365 5227 5082 5706 5242 5136 4616 5032 5228 5171 4996 5721 5183 5117 5453 5524 4697 5187 5011 5282 5053 5499 5408 5319 5285 5282 5141 5318 5136 5034 5314 5105 5038 4971 5143 5249 5045 5051 5318 4686 4763 4619 5411 5717 5070 4978 5350 4961 5138 4915 5012 5352 4904 4718 5381 5080 5117 4794 5422 5208 5305 5207 5006 5369 5528 4888 5161 4910 5382 5062 5299 5035 5362 4819 4649 5317 5172 4993 5151 5055 4656 
4738 4658 4307 5081 5038 4607 4587 4750 4727 5012 4777 5021 4839 4820 4495 4718 4511 4492 5156 4786 4304 4639 4644 4677 4724 4841 4372 4483 4904 5019 4853 4877 4982 4997 5165 4928 4153 5267 4811 4831 4349 4498 4482 4967 4577 4693 4757 4632 4600 4671 4615 4279 4848 4873 4919 5190 5007 4852 4874 5008 4985 4759 4795 4625 4380 5062 4739 4486 5408 4932 4418 4901 4708 4788 4595 4750 4796 4747 4689 4333 4930 4628 5053 4479 4414 4309 4445 4955 4735 4786 5000 4567 4747 4796 4702 5307 5134 4689 4813 4389 4714 4962 4930 4621 4725 4283 4806 4516 4905 4901 4881 4469 5124 4982 4837 5170 5028 5128 4647 4778 4790 4879 5078 4536 4619 5008 4721 4335 4676 4893 4457 4836 4620 4586 4858 4798 4746 5103 4662 4758 4868 4516 4825 4995 4860 4619 4491 5013 4562 4770 4932 5097 4635 4681 4768 4764 4540 4712 5008 4873 5177 4596 5297 5093 4482 4989 4869 4718 4744 4389 4742 4723 4770 4955 4772 5239 4470 4722 5258 4927 4824 4524 4790 4845 4921 4568 5135 5132 4827 5093 5062 4710 4784 4605 4820 4525 5132 5078 4687 4797 4944 5162 4731 4609 4580 4903 4582 4558 4653 4722 4976 4866 4763 5088 4639 4758 4460 4904 5405 4597 4546 4951 4673 4767 4847 4509 5047 4601 4447 4935 4458 4652 4300 4791 4412 4923 4862 4673 5130 5067 4688 4700 4938 5217 4815 4814 4790 5039 4427 4679 4866 5037 4653 4843 4835 4739 
5174 5073 4722 5451 5246 4939 5172 5142 4965 5033 5006 5308 5226 5347 5076 5007 4597 4862 5644 4920 4676 4596 5004 4978 5107 5181 4717 5062 5154 5275 5183 5313 5188 5331 5374 5340 4623 5664 5271 4965 4525 4669 5068 5435 5097 5042 5214 5054 5118 5104 5148 4718 5303 5376 5289 5567 5000 4919 5115 4975 5314 5016 5134 5085 4885 5285 5171 4916 5588 5225 4881 5263 5103 4935 5099 5143 5221 5031 4897 4668 5100 5032 5349 5013 4858 4724 5139 5194 5128 5000 5211 5042 5101 5251 4857 5423 5140 5223 5144 4769 5026 5390 5025 4850 4927 4779 5257 4809 5029 5164 5071 4958 5325 5154 5373 5465 5173 5154 5114 5076 5170 5226 5736 4865 5119 5047 4966 4705 5250 5175 4851 5117 5112 4882 5292 4793 4822 5426 5124 4696 5225 4913 5306 5348 5116 5006 4861 4976 5217 5128 5334 5232 4837 4906 5216 5305 4803 4884 5289 5265 5307 5221 5655 5722 4898 5215 5279 5088 5223 4698 5149 5035 4850 5250 5038 5425 5076 4724 5566 5356 5006 5017 4985 5434 5102 4917 5630 5430 4738 5287 5203 5236 5233 5016 4998 4918 5688 5438 4981 5215 5436 5317 5273 4907 4648 5392 4869 4731 4787 5109 5133 5270 4738 5479 4522 5237 4916 5286 5565 4815 4985 5230 4925 5145 4933 4880 5390 5203 4618 5226 4956 4758 4915 5343 5026 5182 5186 4891 5079 5193 5209 4866 4909 5652 4910 5153 5037 5217 4908 5023 4853 5462 4970 5009 4920 4935 
5036 4854 4912 5293 5050 4745 4648 4994 5075 5019 4810 5176 5160 5113 4857 5038 4471 4683 5375 4777 4407 4890 4800 5067 4908 5119 4557 4854 5314 5326 5011 5097 5142 4926 5156 5417 4527 5681 5042 4766 4651 4736 4826 5452 4807 4927 4961 4926 4980 4796 4860 4525 5298 5102 5188 5235 5287 4866 4969 4955 5223 4979 4942 5010 4764 5283 5065 4917 5592 5189 4530 5289 5049 4881 4757 5093 5261 5273 4832 4773 4801 4928 5349 4942 4978 4738 4746 5268 5117 4867 5370 5329 5086 5104 4661 5314 4977 5056 4942 4629 5100 5211 4942 4926 4709 4682 4990 4571 5145 4952 5040 4926 5141 5273 5161 5594 5119 5111 4996 5094 5074 5090 5256 4728 4909 5095 4856 4444 5170 5141 4678 4709 4898 4879 5037 4910 5194 5240 4968 4912 4919 4994 5223 5055 5131 4999 4591 5379 4982 5239 4879 5199 4774 4614 5266 5365 4834 4816 5010 4937 5198 4990 5368 5375 4755 5212 4925 5045 5000 4790 5097 5008 4954 4868 4648 5140 4942 4703 5590 5037 4878 4690 4967 5238 5129 5099 5335 5243 5055 5247 5056 5066 4915 5116 5154 4594 5513 5249 4840 5287 5322 5078 4937 4800 4712 5084 4993 4992 4975 4913 5174 4839 4979 5371 4764 5104 4954 5420 5643 4599 4880 5073 4812 5129 5149 4889 5445 4532 4653 5075 5043 5064 4553 5215 5148 5241 5109 4903 4990 5090 4722 5199 4700 5483 4933 5019 5044 4792 4732 4904 5006 5330 5026 5039 4939 4786 
5049 4960 4998 5565 5361 4980 5522 5135 5048 5243 5215 5225 5140 5200 4771 5237 4865 4639 5571 5218 4871 4842 5124 5279 5323 5190 4778 5115 5266 5286 5212 5470 5435 5492 5210 5234 5008 5727 4981 4952 4734 4682 4993 5426 4993 4875 5472 5124 4993 5260 5113 4825 5567 5460 5460 5511 5180 4974 4967 5148 5528 5022 4969 5428 5072 5414 5241 4898 5638 5214 4811 5169 5091 5143 5216 5067 5334 5291 5182 4948 5136 5269 5503 4937 4953 4851 5086 5250 5232 5030 5452 5134 5171 5347 5091 5418 5261 5479 4861 5355 4982 5631 5224 5073 5083 4836 5324 4901 5194 5224 5265 5042 5304 5252 5525 5758 5206 5096 5008 4911 5216 5416 5708 4966 5141 5399 4889 4764 5524 5190 4938 5262 5297 5088 5076 5059 5105 5664 5035 5047 5063 4938 5286 5495 5438 5105 5230 5433 5205 5272 5128 5282 5274 5014 5058 5414 5139 5419 5500 5448 5174 5315 5483 5569 4755 5226 4886 5384 5533 4942 5475 5016 4954 5276 5081 5441 5215 5012 5670 5197 5073 4678 5182 5563 5232 4836 5500 5442 4820 5591 5510 4872 5283 5010 5122 5065 5573 5431 5060 5398 5643 5261 5313 5119 4909 5238 4919 4893 4792 5377 5517 4864 5014 5487 4989 5375 4754 5238 5749 5325 5118 5396 5151 5280 4913 5115 5577 5153 4650 5664 5070 5295 4699 5360 5406 5527 5223 4872 5115 5492 4926 5258 5160 5481 5201 5373 5288 5265 4708 4843 5243 5355 4867 4992 5137 4895 
5482 5470 5351 6112 5917 5569 5678 5277 5540 5730 5290 5757 5829 5591 5453 5509 4841 5690 5665 5435 4951 5037 5525 5557 5420 5493 5047 5450 5573 5634 5132 5671 5604 5639 6049 5804 5366 6340 5691 5324 5098 5197 5208 5906 5548 5472 5752 5283 5606 5419 5414 5319 6132 5630 5640 6143 5648 5556 5394 5267 5754 5555 5609 5463 5353 5794 5528 5273 6257 5960 5230 5814 5503 5349 5476 5761 5491 5710 5528 5242 5655 5570 6112 5500 5289 4966 5320 5661 5635 5566 6001 5471 5646 5456 5152 5827 5827 5746 5384 4831 5599 5893 5492 5545 5428 4798 5925 4982 5633 5767 5653 5201 5750 5808 5925 6076 5670 5656 5573 5365 5614 5754 6294 5401 5492 5484 5396 5353 5573 5837 5350 5475 5666 5258 5420 5352 5296 5909 5102 5605 5692 5400 5746 5870 5827 5519 5355 5677 5700 5610 5638 5626 5341 5421 5274 5399 5443 5532 5529 5537 5653 5729 5973 6135 5171 5722 5619 5639 6086 5173 5723 5536 5499 5526 5461 6154 5394 5477 6047 5769 5635 5363 5670 5546 5635 5278 6104 5666 5426 5783 5791 5412 5878 5600 5489 5355 5785 5970 5508 5667 5591 5724 5838 5334 5519 5519 5701 5378 5506 5401 5634 5164 5500 5734 5201 5579 5167 5707 6303 5396 5684 5832 5517 5746 5425 5462 6119 5578 5052 6047 5419 5332 5004 5893 5458 5827 5509 5320 5650 5701 5136 5638 5368 6061 5475 5712 5615 5661 5245 5090 5430 5607 5414 5605 5478 5193 
4948 5258 5367 5748 5703 5175 5299 5207 5453 5856 5159 5427 5527 5668 5221 5164 4705 5120 5709 5388 5114 4990 5301 5594 5286 5352 4881 5334 5647 5612 5105 5539 5424 5546 5684 5652 5021 6046 5368 5111 4920 4963 5231 5809 5560 5371 5386 5438 5677 5194 5130 4921 5591 5452 5588 5585 5494 5389 5293 5337 5611 5401 5243 5537 5336 5637 5090 5336 5919 5535 4881 5573 5226 5155 5282 5879 5608 5503 5195 5321 5718 5699 5558 5324 5090 4779 5336 5131 5309 5521 5939 5508 5327 5494 5367 5803 5427 5463 5283 5044 5624 5725 5454 5432 5128 4856 5166 5128 5612 5389 5474 5139 5641 5631 5479 5916 5588 5442 5425 5450 5411 5571 5927 5098 5066 5188 5145 4832 5382 5781 5072 5095 5368 5332 5307 5474 5189 5599 5350 5420 5155 5099 5417 5512 5646 5348 5379 5718 5194 5686 5572 5568 5017 5115 5680 5322 5168 5388 5446 5321 5445 5311 5733 5631 4994 5646 5548 5337 5639 5283 5320 5613 5345 5651 5136 5756 5173 5235 5961 5437 5317 5258 5528 5744 5347 5263 5680 5665 5225 5728 5621 5290 5435 5487 5368 5319 5659 5894 5466 5585 5504 5620 5568 5049 5007 5698 5461 5303 5252 5374 5513 5427 5101 5894 5061 5351 5147 5519 5863 5071 5252 5623 5223 5565 5479 5273 5728 5220 4803 5413 5197 5351 4879 5348 5492 5518 5373 4992 5476 5513 5461 5352 5021 5953 5475 5375 5373 5505 5359 5030 5334 5596 5196 5446 5472 5150 
4947 5133 4855 5434 5256 4876 4970 5205 5014 5282 4876 5528 5166 5275 5208 4899 4671 4933 5279 5193 4868 4840 4707 5177 5159 5263 4805 5064 5084 5398 4970 5138 5139 4972 5421 5475 4783 5674 5280 4988 4711 4603 4954 5374 4927 5056 5270 4973 5315 5066 4828 4765 5308 5313 5427 5706 5213 4917 4910 4830 5152 5224 5339 4984 5013 5424 5138 4967 5638 5369 4738 5239 5156 5122 4896 5257 5092 5021 4952 4829 5339 5090 5221 4984 5034 4953 4803 5197 5173 4882 5693 5348 4905 5155 4922 5240 5254 5174 4954 4898 5205 5473 4957 5001 4944 4467 5226 4697 5281 4888 5141 5140 5221 5276 5219 5821 5042 5188 4934 5170 5107 5239 5609 5117 4939 4907 4836 4641 4995 5324 4949 4740 4978 4692 5363 4721 4928 5467 5372 5290 5111 4903 5315 5093 5336 4989 4832 5381 5094 5172 5196 5490 4894 4899 5175 4937 4694 4853 5070 5274 5264 5182 5567 5325 4826 5120 4925 5086 5184 5119 5353 5124 5092 5372 4978 5654 5064 4892 5796 5243 5005 4951 5181 5373 5399 5025 5515 5233 4981 5336 5333 5264 5003 5003 5071 4861 5537 5431 4892 5233 5479 5231 5380 4839 4779 5414 5088 5240 4695 5073 5180 5080 5067 5221 4828 5408 4892 5289 5463 5004 5230 5393 4789 5139 4857 4700 5433 5058 4508 4925 5015 5127 4630 5165 5227 5124 5282 4627 5148 5196 5068 4859 4963 5691 5027 5105 5077 5211 4896 5114 4904 5305 5148 5095 5014 5079 
4930 5043 4772 5398 5417 5018 5260 5002 5048 5153 4925 5516 5263 5266 5232 5144 4652 5076 5612 5086 4689 4921 4998 4853 5197 5138 4744 4971 5366 5576 4811 5155 5029 5109 5272 5374 4577 5908 5534 4826 4934 4920 4849 5436 4968 5132 5203 4944 4977 4945 5180 5028 5456 5320 5361 5455 5336 5080 5190 5133 5287 4971 5051 5033 4851 5141 5209 5247 5652 5489 4712 5471 5257 5117 5085 5227 5318 5124 5272 4956 5139 5075 5376 5199 4905 4774 5031 5222 5108 5046 5519 5406 5045 5210 4856 5568 5175 5299 5120 4782 5285 5410 5300 4954 5151 4588 5160 4597 5425 5029 5266 4926 5216 5355 5467 5753 5419 4911 5139 5107 5095 5347 5711 5007 5102 5196 5059 4738 5186 5236 5145 5126 5116 4916 5381 4889 5154 5574 5183 5219 5432 4934 5154 5152 5257 5168 5035 5328 5197 5112 5570 5281 4805 5092 5178 5127 5056 5223 5495 5077 5340 5399 5504 5636 4767 5165 5109 5028 5244 5158 5244 5085 5096 5147 5035 5469 5139 5051 5666 5214 4967 5017 5225 5434 5089 4971 5554 5353 5140 5554 5209 5041 5134 5263 4964 4957 5618 5383 4921 5350 5510 5278 5338 4850 4874 5412 5093 5070 4979 5113 5324 5185 5105 5220 4747 5175 4808 5417 5699 5021 5175 5433 5038 5079 5204 4904 5243 5048 4613 5284 5159 4922 4581 5284 5062 5206 5505 4845 5359 5337 4978 5226 5267 5732 5379 5395 4911 5153 5068 5165 5037 5289 4740 4980 5005 4895 
4834 4765 4896 5198 5042 4596 5020 4993 4791 5062 4867 5010 5020 5024 4642 4909 4309 4682 5217 4768 4269 4438 4717 4868 4744 5120 4599 4870 5240 5404 4971 5371 4879 5025 4905 5282 4640 5473 4913 4548 4699 4757 4811 5008 4787 4717 5312 5289 4875 4865 4757 4680 5061 5221 5282 5222 5026 4686 4834 4805 5173 4958 4762 4885 4743 5022 5056 4723 5253 4950 4821 4894 4930 4766 4967 4796 4937 5037 4973 4839 5079 5252 5160 4969 4855 4600 4745 4930 4885 4826 5403 4995 4914 4951 4634 5083 5305 5136 4759 4673 4918 5311 4841 5220 4545 4669 5087 4451 5106 5112 4874 4850 5075 5039 5229 5490 4956 4823 4884 4789 4890 5010 5369 4581 4952 4987 4835 4615 5044 5116 4868 4812 4874 4969 5036 5052 4746 5359 4849 4711 4896 5102 5245 5167 4990 4540 4720 5044 4571 5201 5114 5162 4705 4718 4972 4792 4731 4874 4951 4919 4779 4866 5149 5174 4602 4783 4934 5194 5119 4676 4776 5058 4801 5007 4589 5342 4948 4758 5287 5086 4725 4757 4868 5309 5037 4953 5218 5095 4656 5363 5355 5014 4788 5007 4846 4810 5217 5223 4982 5103 5333 4967 5202 4892 4708 5002 4778 4919 4425 5017 5071 4741 4832 5070 4536 5048 4851 5002 5451 4545 5074 5079 4763 5104 4944 4932 5305 4670 4547 5048 4725 4965 4440 4992 5171 5213 4901 4619 4765 5059 4826 4870 4865 5132 4845 4925 4950 4849 4502 4775 5067 5037 4749 4851 5027 4722 
5057 5122 5163 5691 5665 5055 5073 5322 5251 5468 5356 5585 5481 5404 5158 5182 4773 5252 5396 5295 4828 4970 5254 5036 5239 5277 4845 5003 5483 5841 5248 5636 5658 5207 5820 5573 5149 5922 5322 5181 4978 4852 5144 5659 5398 5472 5201 5296 5241 5147 5194 5084 5445 5547 5445 5716 5648 5188 5307 5446 5662 5399 5151 5464 5370 5429 5368 5132 5964 5432 5019 5650 5105 5217 5429 5521 5336 5264 5076 5108 5248 5238 5535 5189 5304 5043 5125 5491 5393 5109 5621 5382 5434 5482 5239 5493 5488 5595 5374 5016 5635 5428 4949 5161 5031 5078 5507 4953 5316 5163 5348 5242 5428 5382 5603 5874 5586 5359 5193 5242 5454 5522 5749 5397 4970 5380 5024 4892 5374 5426 5222 5413 5302 5272 5274 5171 5365 5653 5266 5111 5180 5221 5367 5284 5322 5371 5105 5425 5284 5529 5564 5453 5217 5062 5167 5305 5148 5208 5500 5592 5430 5270 5832 6000 5257 5402 5298 5448 5289 5125 5229 5266 5203 5542 5099 5620 5110 5148 5753 5289 5198 4917 5503 5509 5211 5219 5752 5562 5052 5488 5490 5194 5149 5448 5212 5286 5870 5623 5079 5666 5462 5713 5627 5064 5143 5586 5329 5009 5049 5241 5431 4985 5078 5357 5104 5175 5168 5738 5869 5112 5447 5466 5094 5394 5233 5229 5722 5157 4714 5585 5273 5170 4962 5508 5280 5470 5272 4900 5372 5531 5255 5264 5312 5490 5381 5388 5270 5301 5160 5062 5229 5583 5195 5237 5137 5153 
5236 4948 5112 5643 5453 4631 5146 5167 5326 5300 5121 5340 5432 5475 5079 5115 4863 5217 5308 5092 4771 4642 5080 5136 5209 4962 5169 5020 5292 5274 5028 5540 5500 5562 5582 5523 4628 5828 5246 5302 4928 4706 4798 5429 5348 4998 5393 5093 5004 5108 4931 4838 5276 5159 5584 5649 5537 5407 5246 5157 5291 5110 5080 5079 5123 5644 5222 4854 5766 5515 5112 5525 4920 5110 5130 5658 5376 5065 4987 5004 5303 5126 5510 5166 5064 4644 4772 5461 5015 5296 5518 5278 5249 5174 4963 5551 5216 5064 5340 4927 5270 5363 5070 5197 5180 4790 5167 4891 5275 5154 5200 5042 5377 5466 5162 5909 5373 5369 5477 4971 5230 5324 5832 4784 4829 5135 4860 4753 5271 5273 4757 4864 5503 5149 5342 5269 5068 5695 5217 5020 5200 5192 5422 5547 5318 4998 4976 5232 5502 5300 5203 5400 4949 4930 4966 5247 5090 4986 5240 5051 5255 5041 5548 5773 4730 5349 5407 5190 5374 4751 5094 5131 5149 5313 5135 5519 5227 5118 5720 5215 5320 5011 5326 5438 5145 4825 5532 5390 4979 5384 5465 5132 5236 5274 5305 5207 5612 5498 5140 5210 5391 5544 5207 5083 4701 5438 5274 5054 5046 5014 5417 5121 5036 5346 4860 5179 4929 5343 5587 4834 5194 5756 5197 5201 5265 5047 5744 5121 4885 5335 5071 5162 4651 5331 5111 5608 5121 4840 5127 5280 5187 5176 5296 5753 5412 4954 5166 5597 4782 4992 5191 5452 5114 5246 5261 5261 
4762 4706 4630 5183 5203 4641 4631 4580 4761 4833 4722 4807 4918 5124 4584 4488 4256 4527 5125 4763 4488 4644 4607 4561 4573 4852 4449 4736 5026 5180 4648 5053 4894 4958 5034 5064 4598 5364 4694 4721 4331 4448 4676 5051 5110 4807 4828 4600 4775 4834 4424 4660 5138 5124 5033 5093 5098 4918 4895 4648 5284 4740 4518 4973 4727 5080 4897 4792 5332 5185 4507 5116 4792 4904 4774 4981 5023 5010 4844 4689 4725 4808 5300 4957 4782 4596 4958 5074 4719 4552 5082 5225 4856 4710 4469 5017 5065 4874 4760 4460 4898 5044 4843 4611 4731 4397 4812 4613 4656 4744 4878 4819 4935 5352 5210 5333 4891 4700 4903 4939 4747 5013 5585 4761 4758 4823 4665 4400 5010 4796 4378 4783 5124 4579 4976 4779 4929 5374 4859 4535 4833 4729 4915 4973 4994 4855 4693 4938 4956 4765 4972 4727 4653 4684 4827 4820 4896 4547 4992 4537 4842 4778 5185 5244 4451 5002 4752 4857 4971 4548 5233 4828 4585 4918 4747 5161 4647 4665 5412 4750 4786 4549 4930 4862 4819 4439 5044 5346 4493 4964 5081 4951 4878 4866 4825 4623 5031 5270 4683 5011 5082 5044 5058 4373 4531 4991 4708 4743 4654 4649 4918 4969 4836 5149 4507 5185 4559 4983 5439 4801 4789 5234 5127 4923 4981 4868 5147 4756 4363 4926 4703 4649 4395 4960 4739 5153 5005 4582 4660 5045 4535 4992 4705 4993 4941 4932 4739 4991 4516 4542 4799 5184 4590 4659 4899 4542 
5297 5320 5261 5842 5712 5279 5414 5129 5333 5256 5230 5416 5444 5608 5061 5312 4750 5188 5673 5185 4980 5139 5279 5107 5144 5187 4938 5102 5381 5202 5341 5465 5443 5526 5609 5789 5089 5970 5393 5334 5106 4973 4828 5509 5445 5327 5680 5262 5221 5271 5027 5078 5573 5533 5431 5577 5369 5471 5313 5187 5636 5070 5357 5248 5200 5638 5443 4975 5722 5509 5097 5600 5373 5210 5129 5473 5289 5254 5249 5154 5322 5473 5679 5383 5003 4803 5330 5202 5303 5252 5820 5255 5287 5377 5072 5750 5470 5706 5122 5163 5328 5603 5255 5220 4951 4783 5209 4983 5411 5338 4971 5212 5192 5605 5739 5820 5540 5116 5233 5542 5502 5458 5644 4983 5077 5584 4801 5088 5174 5461 4803 5085 5414 5082 5241 5159 5133 5783 5294 5166 5300 5361 5247 5420 5331 5238 5060 5496 5127 5498 5525 5648 5183 5351 5000 5236 5152 5237 5587 5187 5433 5319 5655 5867 4764 5125 5590 5238 5170 4915 5293 5310 5195 5405 5087 5589 5183 5187 6059 5458 5284 4895 5456 5729 5241 5079 5899 5671 5172 5663 5527 5257 5265 5486 5141 5232 5622 5637 5242 5226 5664 5551 5411 5222 5104 5609 5170 4992 5119 5314 5616 5256 4973 5649 4867 5390 5162 5612 6006 5007 5183 5599 5267 5438 5181 5188 5693 5077 4567 5401 5154 5231 4723 5344 5224 5542 5461 4943 5502 5700 5376 5522 5297 5558 5145 5194 5316 5347 4963 4988 5277 5526 5400 5449 5582 5302 
5009 5292 5564 6083 5596 5432 5199 5282 5378 5576 5074 5582 5363 5446 5096 5369 4996 5142 5619 5279 4916 4915 5237 5563 5211 5441 5126 5292 5688 5862 5172 5336 5552 5585 5580 5739 5082 6164 5229 5128 5079 4648 5357 5987 5418 5568 5670 5406 5621 5088 5445 4972 5666 5581 5475 5954 5653 5233 5040 5312 5679 5209 5164 5306 5356 5528 5286 4873 5598 5691 5029 5494 5169 5094 5191 5519 5403 5293 5288 5435 5600 5376 5557 5339 5160 4900 5355 5349 5294 5099 5762 5672 5310 5253 5303 5656 5643 5634 5507 5123 5685 5933 5220 5217 5223 5016 5456 4697 5441 5228 5658 5312 5273 5542 5661 6006 5456 5622 5117 5423 5240 5610 5843 5103 5286 5266 5075 4891 5601 5543 5126 5205 5285 5054 5574 5197 5309 5832 5447 5361 5367 5326 5764 5628 5517 5394 4966 5582 5560 5618 5561 5607 5281 5188 5426 5326 5106 5186 5564 5502 5444 5354 5839 5784 4988 5409 5319 5088 5721 5359 5400 5396 5265 5397 4987 5660 5211 5181 5989 5290 5285 4837 5453 5882 5372 5136 5734 5810 5217 5972 5684 5386 5069 5490 5242 5455 5645 5638 5188 5297 5568 5829 5559 5153 5135 5505 5341 5250 5318 5396 5581 5336 5300 5694 4980 5566 4950 6057 5891 5049 5423 5639 5265 5512 5266 5445 5761 5221 4831 5480 4988 5445 5049 5532 5075 5655 5463 4902 5501 5558 5328 5504 5347 5613 5354 5523 5463 5673 4996 5095 5306 5598 5286 5169 5200 5193 
4855 4773 4545 5026 5298 4911 4797 4925 4694 5369 4653 5243 5062 4963 4945 4857 4423 4901 5292 4663 4360 4654 4966 4945 4939 5119 4767 4960 5267 5116 4632 5011 5080 4961 4971 5299 4494 5389 4946 4854 4542 4605 5056 5326 5021 4796 5004 4923 4585 4914 4656 4589 5214 5131 5235 5261 5200 4922 4939 4494 4963 4884 4956 4885 4872 5113 4955 4556 5333 5046 4543 5394 4857 4787 4866 5351 5069 5217 4921 4907 4895 5113 5399 4779 4791 4445 4524 4984 4921 4841 5171 4842 4853 4808 4468 5237 5092 5005 4976 4702 4862 5199 4802 4679 4789 4303 5161 4502 5015 4820 4777 4727 5183 5042 5208 5757 5032 4972 4935 4828 4801 5077 5514 4827 4801 4877 4737 4838 5365 5325 4773 4723 5087 4811 4793 4764 4926 5222 4848 4855 4948 4763 4840 5017 4859 4905 4819 5155 4978 4930 4898 5099 4811 4827 5004 4953 4871 4950 5072 5032 4962 4791 5135 5362 4627 4984 4789 5042 5031 4605 5157 4907 4682 4938 4940 5479 4878 4728 5393 5221 4573 4419 4988 4874 4797 5079 5192 5083 4885 4967 5162 4820 4850 5067 4888 4740 5494 5208 4695 5129 5086 5096 5091 4922 4419 5043 4963 4723 4643 4822 5200 4770 4983 5117 4670 4989 4619 5171 5569 4567 5089 5404 4801 4896 4738 4793 5269 4588 4705 5241 4799 5094 4756 4995 4900 5099 5167 4480 4927 5273 4774 5022 4994 5237 4980 5090 4876 5126 4721 4775 4937 5246 4701 4724 4762 4708 
5043 4835 4842 5356 5371 4984 5030 4921 5061 5212 4880 5391 4983 5193 4959 5034 4512 4988 5426 4955 4812 4565 5149 5043 5253 5046 4886 4873 5214 5584 4811 5318 5177 5200 5229 5478 4805 5637 4854 4964 4798 4846 4844 5587 5082 5050 5276 5000 5176 4848 5118 4874 5295 5246 5377 5563 5264 4991 5024 4872 5170 4953 5212 4840 4775 5174 5122 4955 5314 5489 4951 5245 4959 5069 5147 5398 5100 5009 4945 4745 5294 5170 5500 5124 5171 4535 4994 5128 4879 5002 5338 5246 4787 5016 4654 5381 5493 5218 4939 4565 5069 5525 5010 5046 4967 4520 4932 4659 5154 5389 4915 4880 5166 5258 5312 5532 5365 5011 4990 5079 5264 5214 5728 4866 5045 5232 5050 4738 5116 5174 4992 5018 5225 4734 5377 4738 5091 5670 5122 4783 5084 5118 5251 5453 5395 5022 4858 5107 4936 5398 5322 5161 4941 5058 5074 5019 5267 4772 4989 5014 5285 5057 5395 5454 4919 5250 5184 5102 5191 4799 5256 5025 5077 5395 4873 5443 5077 4837 5389 5208 4826 5036 5250 5232 5067 4867 5505 5546 4642 5340 5208 5012 4999 5232 5035 5178 5380 5553 5136 5117 5353 5121 5173 4786 4789 5213 4839 5074 4880 5283 5279 4940 4945 5042 4785 5166 4906 5282 5768 4827 5140 5344 5094 5065 4733 4950 5472 5296 4747 5459 4832 4985 4772 5346 5032 5177 5127 4487 4974 5209 4962 5234 5029 5707 5122 5173 5247 5275 4970 5120 5068 5038 5061 5087 5061 4865 
4860 5072 4962 5688 5533 5153 4961 4915 5255 5437 5133 5053 5203 5178 4830 5241 4714 4980 5443 5112 4567 4585 5066 4927 4888 5183 4685 4999 5356 5414 5054 5221 4972 5154 5471 5190 4819 5778 5227 4931 4863 4810 4746 5338 5120 5066 5217 5002 5376 5100 5030 4877 5187 5276 5065 5660 5164 4973 4900 4948 5356 5198 4946 5178 4919 5331 5188 4991 5619 5312 4588 5252 4848 5018 5222 5075 5052 5156 5030 5036 5167 5184 5514 4880 4902 4632 5049 5403 4980 5016 5508 5220 5031 5171 4851 5462 5427 5161 4982 4887 5174 5265 5061 4910 4862 4485 5047 4585 5182 4992 5359 4994 5531 5304 5497 5700 5331 5066 5153 5055 5135 5312 5758 4853 5127 4945 5010 4782 5193 5073 5037 4895 5251 4947 5251 5009 5101 5379 5176 5219 5058 5063 5310 5267 5367 4859 4890 5370 4895 5049 5305 5127 4909 5015 4996 5234 4804 5265 5174 5129 5131 5063 5593 5391 4729 5432 5087 5340 5177 4933 5264 5377 4913 5438 4901 5310 5008 4616 5646 5135 5093 4887 5211 5438 5260 4831 5458 5442 4953 5671 5254 5223 4997 5416 5008 4926 5526 5281 5037 5481 5159 5475 5318 4772 4997 5362 5319 5170 4981 5040 5410 4892 5061 5436 4573 5118 4892 5273 5640 4842 5128 5332 5512 5132 5044 5129 5407 4615 4729 5372 4725 5234 4685 5445 5172 5473 4997 4831 4996 5202 5030 5278 4840 5503 5355 5064 5070 5035 5087 4988 5121 5363 4967 4991 5228 4943 
4972 4987 4782 5832 5503 5101 5257 5118 5038 5305 4927 5310 5307 5175 4945 4923 4603 4716 5497 5134 4703 5098 5014 5312 5129 5183 4698 5132 5271 5284 4916 5320 5194 5251 5340 5511 4688 5749 5218 5071 4605 4756 5013 5273 4977 5154 5238 5013 5100 5075 4817 4691 5619 5244 5522 5643 5476 4793 4873 5003 5303 4982 5103 4801 5102 5355 5281 4799 5553 5289 4813 5268 5035 5164 4980 5231 5120 5119 4966 5003 5552 4966 5236 5124 4969 4900 4974 5158 5195 5074 5441 5302 5039 5223 5017 5391 5184 5476 5132 4797 4911 5459 5105 4785 4962 4642 5026 4881 5233 5312 5160 4907 5525 5261 5193 5991 5293 5179 5052 5209 4886 5269 5816 4921 5083 5141 5061 4736 5118 5401 4875 4985 5211 4822 5201 5052 5214 5432 5025 5134 5335 5127 5191 5168 4933 5285 4787 5677 5032 5355 5316 5184 4845 5221 5376 5176 5081 5288 5210 5209 5308 5248 5576 5669 4769 5349 5236 5125 5365 4879 5121 5248 4899 5201 5283 5424 4935 4985 5854 5024 5106 4951 5295 5391 5231 5041 5412 5530 4804 5484 5252 5135 5174 5350 5215 4978 5641 5489 5188 5438 5273 5395 5236 4835 5084 5320 5203 5198 4958 5001 5254 4992 4737 5373 4847 5417 5025 5415 5577 4963 5130 5183 5109 5183 5210 4868 5413 4893 4654 5254 5232 5339 4667 5152 5224 5274 5059 4954 5452 5510 5111 5122 4980 5435 5343 5008 4957 5182 5060 5007 5007 5409 4966 5114 5190 5214 
5020 4829 4858 5751 5272 4999 5102 4995 5201 5302 5257 5239 5248 5407 4660 4867 4462 5058 5251 4970 4844 4657 4924 5046 5102 5253 4792 4908 5257 5388 5203 5227 5404 5397 5265 5390 4924 5907 4937 4988 4870 4805 4873 5560 5267 5197 5093 4963 5022 5209 5135 4608 5417 5431 5359 5813 5251 5027 5102 5098 5299 5414 5097 5123 4887 5465 5058 4798 5784 5251 4932 5367 4886 5114 5372 5375 5330 5139 5119 4925 5523 5288 5445 4962 5238 4521 5089 5351 5176 5043 5455 5111 5302 5203 4856 5746 5517 4974 5105 4908 5030 5306 5314 5222 5159 4569 5320 4610 5307 5353 5103 4838 5315 5681 5427 5650 5416 5201 5142 4986 5007 5319 5541 4765 4945 5255 5099 4704 5096 5232 5077 5009 5094 4945 5476 5032 4943 5536 4951 5268 5302 5228 5257 5364 5388 5104 5067 5350 5044 5155 5466 5425 4847 5062 5133 5080 5064 5084 5324 5167 5144 5231 5657 5491 4725 5435 5271 4920 5379 4945 5219 5397 5172 5189 5166 5720 4973 4901 5489 5151 5046 5072 5359 5394 5154 4897 5689 5401 4688 5414 5287 5174 5290 4999 5093 5085 5395 5681 5226 5486 5348 5510 5219 4931 4718 5443 5089 4965 5029 5108 5587 4924 5121 5535 4781 5056 5249 5349 5580 4943 5228 5318 5190 5345 5046 5036 5594 5171 4817 5319 5106 4993 4729 5189 5281 5452 5269 4564 5242 5335 5150 5163 5002 5549 5161 5188 5184 5396 4987 5145 5116 5349 5023 5078 4917 5059 
5080 5167 4864 5604 5446 5314 5260 5160 5133 5343 4808 5602 5528 5407 5203 5286 4765 4993 5647 5108 4993 4955 5281 5147 5090 5260 4925 4918 5155 5658 5247 5092 5374 5769 5444 5343 4949 5941 4969 4748 5076 4847 5062 5393 5302 5353 5212 5285 5206 5245 5132 4822 5621 5265 5508 5485 5379 5026 5186 4895 5397 5128 5121 5118 5163 5367 5068 5252 5628 5373 4896 5659 4970 5185 5061 5448 5292 5259 5240 5042 5224 5367 5243 5411 4788 4846 4973 5166 5170 5222 5515 5295 5238 5314 4710 5430 5306 5443 5273 4886 5324 5403 4965 5104 5054 4811 5171 4616 5222 5257 5069 5149 5312 5532 5272 5853 5272 4991 5116 5109 5150 5376 5694 4987 5008 5188 5363 4483 5459 5284 5018 4874 5407 4885 5433 4752 5259 5567 5161 5184 4996 5115 5374 5506 5412 5189 5092 5464 5257 5376 5484 5170 5214 4966 5241 5298 5078 5222 5638 5234 5538 5128 5623 5527 4737 5134 5177 5224 5676 4786 5295 5064 4954 5361 5047 5527 5207 5123 5714 5185 5161 5077 5221 5474 5331 5032 5729 5518 4886 5535 5458 5198 5102 5334 5420 5238 5814 5420 4974 5167 5451 5605 5162 4933 5074 5349 5041 4981 4906 5076 5663 5037 5177 5277 5000 5238 4986 5375 5831 5024 5413 5203 5012 5225 5362 5050 5616 4944 4775 5551 5205 5408 4733 5484 5438 5422 5238 4666 5131 5557 5107 5291 5131 5611 5167 5154 5095 5465 5040 4850 5288 5517 5328 5447 4898 4946 
5020 5129 5003 5723 5467 5348 5435 5303 5216 5538 5178 5428 5382 5373 4939 4916 4748 5042 5453 5359 4814 4865 5190 4935 5234 5201 4829 5209 5116 5381 5244 5420 5605 5378 5542 5536 4811 5927 5241 5002 4729 4844 4921 5471 5150 5247 5100 5093 5105 5309 4947 4957 5879 5315 5429 5723 5441 5356 5168 5348 5695 5314 5101 5204 5334 5515 5296 4950 5695 5116 5041 5516 5005 5176 5039 5397 5614 5152 4915 4928 5301 5169 5530 5154 4847 5071 5033 5010 5264 5155 5753 5321 5258 5335 4833 5827 5424 5401 5156 4935 5182 5482 5334 5107 5088 5038 5488 4799 5210 5254 5132 4783 5388 5654 5314 5696 5468 5197 5333 5230 5318 5345 6057 5027 5204 5200 5145 4724 5417 5228 4972 5291 5374 4963 5282 5150 5144 5290 5102 5068 5293 4959 5422 5448 5360 5154 4967 5561 5116 5122 5340 5295 5126 5296 4953 5286 5036 4858 5381 5082 5332 5237 5690 5763 4861 5540 5377 4902 5427 5009 5424 5405 5147 5064 5169 5406 5091 4887 5689 5229 5464 4964 5439 5488 5458 4857 5551 5225 5093 5589 5464 5062 5202 5325 5156 5227 5778 5506 5038 5455 5171 5569 5172 5090 5013 5162 5150 5071 5067 5251 5427 5240 5238 5437 4777 5568 5069 5525 5813 5337 5171 5385 5461 5359 5086 5094 5577 4868 4659 5352 5176 4777 4761 5401 5187 5322 5043 5071 5150 5198 5366 5368 5064 5621 5188 5320 5387 5461 4967 4877 5188 5585 5248 5268 5237 5187 
4767 5239 4875 5644 5502 4996 5369 5170 5174 5533 4929 5679 5416 5350 4773 5273 4690 4980 5557 5093 4743 4733 5089 5042 4947 5040 4820 5099 5088 5409 4927 5203 5123 5509 5468 5315 4788 5841 5535 4942 4731 4910 4744 5474 5103 5297 5277 5035 5148 4990 5032 4807 5538 5119 5027 5506 5465 5104 5226 4874 5410 4945 5234 5268 4977 5305 5000 5057 5510 5214 4792 5370 5226 5034 4909 5356 5230 5045 4969 4916 5445 5103 5702 5102 4763 4552 5045 5142 5199 5082 5531 5289 5157 5259 5107 5680 5296 5236 5168 4577 5263 5561 5373 5071 5180 4640 5382 4881 5295 5269 5474 4976 5374 5278 5293 5757 5273 5133 4931 4964 5244 5353 5746 4827 4925 5308 5332 5071 5221 5437 5103 4991 5241 5296 5179 5007 5088 5494 5277 5216 5147 4905 5323 5470 5131 4996 5092 5557 5060 5472 5458 5204 5038 5096 5116 5132 5023 5039 5306 5390 5183 5142 5594 5604 4621 5351 5166 5080 5273 5024 5316 5385 4996 5476 5236 5366 4878 5055 5705 5352 5445 4932 5424 5419 5184 4854 5541 5347 5067 5399 5518 5089 5115 5287 5112 4988 5512 5451 5069 5278 5273 5362 5190 4837 5041 5559 5180 5034 4916 5062 5175 5006 5156 5416 4953 5223 4803 5649 5746 5135 5153 5720 5095 5000 5016 4888 5620 4946 4844 5322 5126 4845 4572 5246 5076 5571 5109 4935 5244 5514 5260 5188 5178 5406 5519 5231 4873 5673 5048 4987 4906 5493 5004 5115 5126 5006 
5385 5302 5242 5796 5645 5385 5455 5701 5385 5732 5259 5785 5810 5386 5253 5242 5128 5229 5755 5285 5053 4694 5315 5423 5356 5576 4767 5309 5464 5861 5419 5652 5472 5749 5717 5797 5068 6071 5490 5043 5159 5091 5148 5864 5489 5477 5684 5462 5613 5272 5406 5094 6031 5627 5331 6174 5492 5524 5391 5391 5496 5410 5365 5257 5069 5571 5356 5428 6080 5494 5119 5559 5422 5597 5437 5402 5495 5594 5282 5277 5338 5268 5730 5382 5226 5040 5447 5408 5185 5390 6012 5468 5428 5428 5299 5598 5434 5453 5504 5107 5337 5751 5417 5385 5467 5002 5753 5374 5338 5410 5284 5136 5597 5755 5571 5944 5669 5410 5353 5395 5638 5487 6028 5305 5292 5558 5473 5039 5622 5700 5356 5252 5389 5361 5654 5381 5264 5715 5428 5689 5418 5472 5706 5507 5546 5247 5191 5717 5587 5755 5739 5417 5154 5151 5428 5644 5257 5276 5344 5585 5673 5379 6009 5711 5227 5768 5660 5500 5745 5126 5394 5374 5281 5469 5473 5770 5536 5316 6309 5585 5673 5355 5483 5730 5642 5141 5864 5514 5351 5725 5629 5591 5443 5666 5640 5308 6098 5697 5355 5677 5454 5600 5462 5277 5152 5496 5498 5503 5153 5374 5617 5267 5456 5608 5089 5477 5172 6009 6194 5310 5556 5664 5285 5531 5363 5410 5654 5309 5103 5583 5338 5387 5015 5634 5516 5654 5535 5223 5692 5679 5373 5380 5466 6071 5576 5568 5418 5608 5320 5518 5239 5686 5559 5654 5388 5354 
4742 4911 4850 5063 5045 4660 4907 4817 5005 4807 4717 5134 5111 5200 4749 5091 4218 4819 5095 4757 4547 4550 4615 4874 4673 4999 4674 4877 5325 5408 4981 5154 4879 5134 5255 5333 4465 5458 5058 4733 4576 4752 4771 4896 4891 4804 5305 4868 4928 4802 4683 4795 5255 5017 4977 5306 5098 4753 4751 4664 5153 5029 4999 4903 4495 5261 4796 4652 5375 4954 4612 4977 4843 4724 4787 4898 4978 5005 4727 4696 4877 5021 5045 4828 4837 4577 4858 5026 5027 4784 5473 5007 4814 4882 4700 5289 5076 5041 4987 4654 5033 5099 4783 4713 4806 4533 5092 4531 5046 4523 4758 4784 5131 5259 5068 5516 5000 5048 5094 4766 4966 4868 5436 4631 4878 4884 4535 4543 5036 5046 4637 4580 5134 4826 5106 4888 4662 5215 5045 4913 4783 4765 5268 4991 5144 4767 4896 5438 5047 5130 5047 5044 4778 4724 5011 4985 4627 5077 4943 4796 4955 4902 5595 5292 4402 4941 4908 4875 5009 4841 5105 5015 4605 4954 4882 5379 4789 4750 5446 5084 4955 4698 5124 5149 4927 4779 5048 5114 4743 5105 5020 4926 4596 4892 4728 4619 5459 5218 4698 5012 5377 4986 4836 4860 4712 5308 5077 4852 4706 4755 4873 4696 4896 5101 4400 5004 4573 5064 5504 4845 5110 5109 4833 4809 4930 4963 5315 4622 4761 5008 4948 4910 4424 5143 5127 5489 5084 4568 5097 5041 4918 4854 5016 5197 5011 4902 4876 5045 4413 4923 4774 5029 4877 4825 4676 4767 
5407 5370 5413 5997 6046 5292 5466 5535 5614 5830 5599 5675 5594 5879 5280 5539 4934 5102 5860 5326 5149 5208 5042 5490 5532 5197 5134 5395 5592 5895 5459 5805 5426 5762 5679 6002 5210 6070 5483 5122 5126 5055 5232 5785 5324 5322 5678 5369 5485 5406 5474 5438 5696 5670 5765 5867 5723 5545 5340 5299 5818 5591 5585 5640 5380 5852 5499 5315 6069 5741 5137 5620 5539 5386 5585 6040 5513 5686 5338 5057 5852 5566 5887 5249 5266 5100 5251 5479 5546 5433 5949 5695 5316 5670 5229 5881 5705 5611 5439 5083 5539 5789 5352 5483 5318 5046 5384 5112 5516 5364 5454 5297 5476 5822 5802 6104 5737 5448 5659 5335 5773 5794 6020 5325 5360 5691 5324 5293 5547 5527 5353 5379 5447 5211 5691 5547 5387 5718 5615 5194 5588 5468 6001 5680 5531 5549 5322 5801 5317 5287 5796 5812 5274 5413 5304 5747 5447 5370 5475 5415 5571 5530 6163 5763 4923 5488 5569 5543 5850 5188 5615 5581 5319 5591 5665 5785 5489 5252 6035 5611 5570 5269 5527 5634 5543 5266 5889 5636 5330 5869 6013 5600 5626 5809 5612 5453 6024 5660 5401 5404 5776 5787 5758 5595 5413 5555 5593 5455 4974 5493 5705 5386 5254 5550 5157 4993 5200 6031 6056 5150 5484 5686 5294 5365 5378 5289 5738 5336 4899 5545 5443 5240 5298 5739 5664 5629 5534 5194 5473 5668 5378 5345 5632 6293 5412 5583 5516 5822 5236 5314 5597 5805 5471 5551 5400 5230 
5251 5266 5287 5854 5791 5543 5652 5441 5398 5775 5282 5732 5552 5671 5300 5423 4996 5589 5912 5383 4983 5217 5352 5614 5327 5488 5109 5327 5570 5841 5494 5608 5627 5464 5805 5854 5045 6085 5514 5222 5078 4987 5052 5729 5359 5396 5710 5451 5432 5395 5545 5082 5725 5477 5494 5851 5599 5437 5436 5409 5743 5703 5417 5504 5275 5724 5255 5135 5890 5469 5177 5622 5353 5487 5454 5767 5560 5585 5457 5396 5637 5428 6014 5333 4973 5052 5242 5277 5549 5435 5847 5467 5525 5555 5121 5737 5750 5835 5310 5321 5467 5811 5187 5493 5047 4805 5777 4999 5626 5551 5414 5324 5687 5555 5809 6060 5588 5645 5295 5459 5705 5768 5863 5326 5305 5404 5391 4950 5653 5632 5214 5083 5265 5283 5635 5470 5429 5786 5269 5235 5356 5377 5594 5797 5655 5269 5287 5632 5528 5511 5861 5728 5273 5287 5305 5263 5367 5646 5601 5489 5762 5564 5757 5804 5225 5688 5389 5675 5582 5178 5614 5395 5312 5393 5357 5626 5495 5435 5976 5842 5265 5179 5670 5828 5619 5474 5876 5610 5425 5808 5626 5321 5467 5504 5476 5244 5715 5534 5352 5617 5714 5493 5689 5447 5347 5555 5587 5271 5130 5437 5683 5156 5238 5760 5044 5728 5089 5702 5922 5414 5476 5780 5543 5544 5158 5415 5834 5599 4976 5530 5165 5440 5128 5693 5338 5738 5464 5311 5386 5550 5558 5249 5344 6226 5433 5685 5601 5526 5331 5378 5637 5933 5306 5482 5544 5200 
5089 5248 4969 5748 5423 5349 5415 5363 5334 5514 5037 5835 5298 5422 5043 5177 4780 4975 5425 5323 4839 4802 5144 5179 5258 5109 5054 5199 5391 5636 4998 5352 5296 5298 5290 5800 4963 5950 5369 5150 4951 5044 4994 5486 5255 5505 5285 5116 5403 5095 5113 4935 5580 5446 5801 5893 5571 5106 5132 5227 5381 5219 5298 5228 5321 5498 5080 5208 5632 5563 4811 5424 5447 5061 5154 5376 5300 5147 5203 5208 5316 5213 5695 5296 5072 5039 5312 5335 5267 5240 5568 5305 5268 5443 5034 5654 5464 5690 5040 4759 5527 5633 5259 4982 5368 5030 5338 4946 5438 5230 5522 5188 5325 5236 5435 5816 5562 5079 5313 5147 5307 5526 5828 5047 4933 5317 5217 4942 5278 5435 5162 5051 5401 5082 5485 5115 5077 5907 5381 4926 5343 5140 5414 5403 5553 5233 4954 5444 5050 5515 5430 5247 5171 5246 5266 5345 5033 4912 5500 5404 5430 5262 5869 5778 4947 5444 5433 5215 5609 4964 5499 5483 5174 5372 5408 5721 5042 5132 5806 5286 5414 5095 5532 5348 5396 5055 5689 5529 5481 5495 5361 5119 5242 5348 5538 5203 5456 5573 5060 5518 5503 5518 5664 4944 5044 5318 5203 5357 5111 5390 5453 5206 5089 5364 4895 5217 5023 5566 5897 5151 5119 5651 5424 5081 5091 5081 5527 5247 4767 5369 5250 4957 4836 5454 5075 5532 5391 5116 5268 5494 5575 5203 5231 5567 5356 5467 5156 5595 5162 4986 5212 5555 5207 5144 5209 5291 
5219 5364 5346 5675 5282 5010 5485 5362 5578 5165 5082 5424 5649 5442 5038 5286 4893 5112 5602 5233 4855 5078 5050 5175 5391 5310 5011 5240 5376 5554 5209 5313 5356 5511 5735 5499 5136 5903 5492 5122 5062 4938 4818 5553 5303 5386 5473 5128 5376 5059 4981 4832 5414 5420 5472 5760 5525 5148 5215 5212 5704 5292 5150 4969 5155 5483 5061 5200 5833 5188 5017 5331 5252 5295 5401 5633 5435 5291 4994 4961 5342 5437 5651 5111 5266 4904 5093 5178 5368 5249 5779 5523 5070 5179 5115 5614 5404 5515 5210 5110 5334 5614 5256 5205 4961 4661 5418 4870 5510 5322 5432 5282 5553 5518 5466 5949 5532 5522 5355 5080 5330 5605 5770 5288 5258 5212 5087 4873 5357 5460 5035 5216 5381 5109 5433 5312 5199 5687 5367 5096 5286 5275 5658 5470 5419 5125 5245 5431 5223 5312 5356 5340 5050 5093 5330 5482 5173 5147 5182 5152 5450 5261 5752 5768 4942 5393 5191 5251 5487 4904 5413 5242 5111 5289 5296 5659 5146 5114 5733 5530 5318 5070 5452 5348 5310 5140 5744 5228 5225 5502 5424 5184 5210 5410 5233 5139 5684 5593 5170 5364 5510 5510 5595 5364 4899 5391 5425 4997 5092 5445 5436 5188 5178 5412 5011 5131 5002 5418 5786 5028 5331 5374 5114 5183 5252 5247 5626 5108 4756 5469 5398 5265 4802 5606 5290 5154 5188 4933 5114 5286 5230 5157 5131 5742 5182 5182 5149 5562 4720 4929 5399 5188 5189 5223 5211 5303 
5074 5038 5118 5732 5505 5207 5020 5187 5264 5400 5349 5291 5495 5288 5188 5251 4748 5098 5543 5134 4618 4807 5136 4939 5048 5332 4733 5075 5473 5453 5098 5160 5180 5334 5625 5596 4892 6034 5210 5048 4868 4725 5185 5274 5485 5459 5140 5351 5212 5315 5021 4890 5288 5317 5308 5410 5259 5277 5022 5058 5617 5101 5116 5164 5217 5497 5231 4996 5668 5336 4974 5559 5096 5188 5121 5467 5151 5055 5103 4996 5442 5427 5615 5101 5049 4691 4963 4968 5282 5340 5602 5148 5239 5318 4900 5584 5495 5328 5094 4752 5345 5661 5158 5053 5103 4826 5327 4927 5319 5337 5107 5112 5434 5221 5459 5670 5237 4911 5233 5180 5332 5342 5907 5051 5142 5266 5010 4960 5313 5381 4793 4972 5338 5147 5273 4856 4961 5560 5041 5186 5180 5188 5504 5422 5272 5274 4928 4974 5141 5186 5321 5291 4900 5201 5143 5187 4747 5091 5557 5316 5524 5155 5736 5862 5004 5325 5335 5228 5491 4953 5168 5259 5116 5136 5124 5552 5077 5132 5987 5208 5194 5112 5278 5372 5132 4742 5671 5256 5061 5546 5309 5439 5187 5248 5354 5074 5481 5482 4995 5443 5507 5518 5280 4893 5005 5431 5286 5057 5050 4931 5342 5202 4945 5358 4881 5134 4803 5597 5723 4931 5279 5330 5173 5217 5236 5175 5265 4916 4582 5238 5134 5114 4605 5433 5108 5518 5202 5011 5455 5397 5253 5126 5194 5596 5389 5269 5589 5190 5022 5148 4966 5375 5124 4976 5121 4945 
5124 5211 5190 6062 5646 5262 5449 5505 5674 5564 5162 5492 5692 5731 5477 5533 4982 5273 5831 5178 4896 5141 5237 5516 5303 5229 5109 5332 5365 5899 5383 5355 5479 5631 5971 5558 5290 6019 5513 5258 5058 5152 5059 5408 5375 5254 5607 5208 5388 5582 5285 5222 5631 5707 5857 5851 5662 5475 5188 5222 5735 5417 5376 5072 5112 5313 5504 5206 5669 5713 5077 5723 5241 5408 5371 5591 5417 5288 5434 4990 5417 5441 5883 5352 5270 5003 5219 5360 5419 5441 5656 5404 5307 5342 5176 5688 5415 5260 5630 5185 5295 5563 5156 5557 5010 4548 5200 5075 5630 5303 5227 5208 5515 5616 5554 6124 5602 5538 5411 5213 5503 5567 6238 5061 5432 5536 5154 5225 5396 5529 5325 5199 5493 5290 5552 5328 5044 5802 5317 5360 5563 5165 5506 5652 5638 5234 5151 5615 5412 5300 5597 5531 5355 5266 5236 5420 5259 5427 5614 5665 5592 5223 5977 5845 5018 5337 5439 5023 5511 5029 5328 5343 5660 5797 5172 5766 5306 5053 6208 5373 5452 5272 5343 5709 5355 5386 5992 5627 5358 5805 5694 5441 5532 5486 5389 5199 5892 5603 5208 5543 5664 5884 5786 5456 5372 5377 5290 5299 5019 5220 5615 5435 5178 5617 4894 5385 5225 5600 5994 5122 5307 5632 5152 5492 5244 5536 5655 5494 4962 5833 5315 5366 4739 5474 5477 5671 5385 5060 5491 5662 5437 5525 5465 5944 5412 5361 5178 5579 5496 5055 5507 5686 5461 5340 5559 5213 
5260 5122 4804 5618 5369 5062 5120 5458 5388 5562 5221 5512 5512 5156 4764 5151 4694 5156 5511 5170 4947 5060 5146 5089 5084 5327 4876 5177 5307 5429 5031 5272 5233 5469 5815 5584 5044 6013 5380 5204 5089 4853 4939 5562 5345 5398 5256 5160 5325 5284 5262 4704 5498 5303 5371 5809 5459 5192 5126 4953 5588 5504 5122 5167 4931 5436 5215 4851 5870 5430 5036 5356 5108 5057 5113 5664 5211 5320 5268 4998 5386 5462 5606 5217 4966 4848 5224 5194 5099 5189 5581 5133 5191 5609 4965 5546 5581 5476 5226 4662 5157 5391 5236 5364 4995 4570 5375 4841 5475 5248 5312 5031 5335 5465 5790 6019 5361 5269 5414 5016 5310 5342 5824 4889 5001 5347 5060 4815 5076 5412 5162 5152 5154 5086 5191 5047 5238 5710 5270 5169 5196 5021 5448 5821 5330 5122 4994 5387 5339 5112 5454 5563 5006 5126 5278 5337 5038 5313 5436 5449 5644 5302 5545 5670 4750 5596 5291 5300 5467 4583 5576 5452 5128 5450 5152 5416 5232 5334 5835 5229 5217 4994 5186 5517 5287 5056 5723 5381 5206 5782 5623 5010 5408 5008 5331 5111 5431 5596 5234 5422 5510 5642 5391 5281 5075 5409 5433 4985 5054 5010 5582 5145 5513 5593 4737 5545 5230 5512 5827 5155 5117 5482 5142 5249 5193 4892 5704 5125 4673 5435 5014 5323 4580 5321 5053 5520 5169 4688 5203 5382 5085 5398 5377 5547 5171 5192 5268 5408 5024 4798 5466 5606 5306 5085 5397 5180 
5110 4727 4787 5442 5202 5099 5088 5262 5007 5403 4802 5375 4892 5101 4854 4950 4594 4926 5400 5175 4697 4653 4937 4883 4871 4991 4592 4900 5082 5183 4889 5082 4982 5255 5344 5383 4509 5553 4980 4916 4652 4713 4902 5259 4888 4720 5097 5099 5016 5133 5002 4649 5253 5194 5136 5521 5057 5035 5185 4956 5101 4931 5045 5020 4583 5389 5190 4753 5471 5166 4785 5291 4895 4952 4842 5158 5053 4992 5098 4620 4946 4991 5108 4853 5106 4840 4843 5174 5298 4795 5523 5004 4975 5134 4604 5563 5112 5128 5019 4855 4879 5302 5007 4947 4797 4536 4833 4601 5246 4903 4864 4853 5344 5324 5364 5691 5314 5043 5134 4863 5022 5232 5612 4881 4976 5105 4893 4579 5015 5319 5052 4831 5064 4931 5080 4781 4936 5355 4823 4753 5120 4910 5194 5142 5192 5090 4780 5481 4973 5188 5254 5213 5100 4894 4975 4911 4822 5034 5190 5016 5357 5151 5330 5426 4726 5079 5150 5061 5272 4570 4986 5178 4910 5530 4925 5352 4931 5045 5638 5297 5069 4770 4876 5442 5312 4776 5310 5303 4999 5081 5225 4825 5106 5006 5149 4810 5548 5341 5230 4941 5338 5364 5054 4934 4844 4829 5083 5079 4620 4760 5145 5148 4680 5433 4487 4943 4702 5521 5468 4797 4951 5398 4873 5004 5036 5023 5404 5014 4581 5121 5007 4932 4623 5213 4936 5102 4942 4758 5314 5218 5145 4977 5024 5474 4940 5248 4877 5207 4730 4852 4960 5282 5015 4897 4874 4906 
4645 4781 4764 5371 5380 5019 4864 4772 4813 5037 4897 5462 5264 5031 4919 4666 4452 5009 5171 5080 4600 4561 4736 4965 5094 5112 4545 4668 5352 5319 4839 5260 5268 5052 5075 5559 4557 5502 5100 4802 4498 4622 4759 5157 4782 4914 5235 4719 5012 4754 4564 4695 5359 5038 4926 5382 5326 4667 4774 4959 5360 5025 4909 4966 4914 5235 4992 4825 5602 5108 4574 5137 4794 4863 4841 5207 5341 5031 4722 5000 4971 4792 5328 4853 4778 4622 4709 5181 4831 4884 5204 5156 5062 5240 4537 5110 4836 5061 4888 4574 5112 5241 4975 4704 4955 4689 5207 4571 5112 5025 4877 4762 5050 5111 5100 5345 4973 5067 4932 4892 4778 5164 5567 4745 4799 4910 4793 4649 5193 4971 4621 4735 4926 4740 4929 4578 4928 5706 4812 4996 5022 4936 4968 5120 5090 4939 4660 5051 4787 5261 5089 5154 4789 4610 5009 5149 4572 4840 5117 5127 5247 4843 5270 5043 4628 5199 4995 5043 5299 4821 5307 5076 5071 5113 4853 5270 5012 4944 5172 4986 5035 4604 5310 5349 5018 4805 5395 5066 4971 4985 5152 4822 5129 5039 5172 4901 5277 5184 4680 5053 5256 5204 5080 4703 4785 5066 4867 4940 4577 4808 5372 4830 4793 4889 4760 5063 4791 5139 5482 4773 4976 5120 4783 5211 4878 4803 5369 4921 4374 5169 4791 4873 4486 5170 4880 5091 5154 4799 4948 4970 4883 5101 4756 5381 5044 4856 5075 5130 4642 4790 4831 5413 5025 5153 4936 4843 
4911 4856 4826 5420 5252 4877 4916 4924 5132 5439 4648 5282 5325 5191 4614 4860 4561 4884 5470 5012 4892 4722 4744 4774 4765 4966 4507 5250 5319 5377 4961 5202 5088 5245 5388 5269 4727 5453 5041 4725 4701 4871 4878 5097 5019 4746 5102 4720 4778 5113 5004 4705 5364 5288 5128 5389 5261 4979 4970 4847 5367 4972 5081 5084 4867 5283 4790 4806 5515 5034 4649 5298 5048 4834 4948 5425 5125 4976 5086 4756 4993 5118 5084 4776 4920 4678 5349 5114 5044 4668 5357 5098 5017 5096 4745 5484 5231 5100 4907 4799 5141 5376 5095 4887 4894 4789 5028 4654 5032 5021 5059 5016 5332 5374 5219 5659 5071 5217 5135 5008 5045 5135 5668 4757 5242 4983 4647 4747 5277 5030 5022 4990 5148 4779 5263 4725 4967 5398 5066 5143 4911 5045 5147 5166 5242 4866 4742 5103 4841 5116 5226 5283 4879 4926 4757 5142 4622 5058 5131 5263 5201 5017 5396 5558 4564 5208 5169 4635 5092 4799 5201 5148 4879 5110 5094 5290 4999 4608 5262 5100 4980 4882 5244 5055 4805 4637 5260 5057 4733 5319 5192 5148 5170 4918 5209 5092 5303 5381 4787 5035 5190 5136 5122 4979 4687 5217 4785 4772 4685 4814 5184 5054 4751 5111 4635 5123 5061 5141 5660 4995 4760 5258 4951 5241 4958 4822 5300 4961 4304 5234 4900 4850 4811 5108 5120 5129 5028 4766 5138 5113 4840 5034 4786 5147 4976 4938 5003 5063 4783 4844 5105 5132 5066 4922 5140 4754 
5172 5172 5097 5697 5453 5294 5240 5321 5160 5847 4878 5526 5566 5412 5154 5169 5037 5126 5566 5248 4853 4865 5289 5002 5121 5345 4883 5242 5716 5644 5286 5476 5511 5656 5782 5385 4942 5933 5158 4925 5048 4918 4989 5667 5347 5183 5404 5292 5293 5305 5030 4993 5438 5538 5822 5844 5792 5390 5154 5401 5347 5238 5226 5286 5462 5651 5378 5090 5777 5490 5078 5721 5124 5229 5078 5566 5499 5244 5119 5302 5713 5564 5578 5172 5307 4924 5138 5432 5456 5443 5784 5163 5261 5349 4983 5662 5597 5558 5400 4877 5247 5520 5189 5440 5169 4776 5505 4878 5711 5142 5327 5155 5337 5570 5314 5794 5328 5209 5473 5115 5337 5453 5912 5018 5153 5444 5274 4663 5373 5369 5221 5168 5278 5032 5331 5216 5352 5500 5064 5285 5337 4984 5599 5550 5742 5238 5148 5610 5219 5230 5416 5387 5233 5192 5045 5277 5165 5108 5431 5559 5411 5147 5730 5848 4875 5598 5295 5187 5419 5051 5306 5259 5173 5451 5152 5876 5070 5323 6103 5410 5210 5067 5315 5588 5282 5062 5473 5423 5043 5563 5560 5377 5209 5258 5513 5158 5795 5572 5267 5451 5479 5686 5481 5180 5370 5627 5514 5142 5274 5385 5410 5522 5005 5624 5019 5242 4856 5645 6124 5078 5378 5467 5274 5503 5455 5181 5611 5209 4988 5654 5194 5158 5008 5399 5414 5723 5386 4985 5511 5636 5278 5300 5505 6073 5277 5405 5396 5243 4986 4954 5367 5331 5225 5358 5334 5057 
4738 5083 4742 5405 5366 4749 5171 4995 4832 5063 4751 5176 5139 5105 4934 4941 4755 4915 5519 4830 4719 4570 4880 4917 5033 4747 4708 4961 5051 5282 4994 5092 4987 5051 5354 5292 4572 5631 5176 4828 4670 4375 4673 5368 5031 5115 5233 4609 4877 4710 4776 4744 5219 5101 5066 5221 5116 4961 4947 4710 5231 4933 4930 4864 4731 4995 5030 4936 5407 5232 4830 5166 4856 5056 4931 5038 5030 5041 4776 4791 5051 4850 5442 4691 4850 4480 4794 5055 4904 4862 5300 5007 4854 4791 4581 5042 4970 5210 5019 4632 4931 5404 4924 4771 4725 4381 4995 4579 5285 5012 4995 4716 5035 5090 5240 5519 5114 5118 4815 4956 5012 5177 5608 4907 4740 5083 5010 4739 5015 5248 4921 4755 4939 4918 5244 5082 4826 5380 4788 4872 5258 4952 5169 5101 5009 4970 4681 5159 4918 5135 5208 5320 4792 4912 4750 4932 4864 4744 5088 5147 5098 4855 5448 5338 4569 5167 4916 5112 5053 4696 5005 5110 4956 5267 4924 5263 4875 4748 5583 5314 5092 4640 4953 5189 5019 4858 5257 5097 4824 5149 5359 4945 4786 5148 4996 4918 5387 5107 5189 4981 5253 4947 5334 4727 5028 5026 5119 4863 4696 4997 5119 4927 4708 5407 4570 5010 4579 5431 5623 4630 4934 5063 4864 4881 4563 4728 5247 4656 4634 5053 4700 4792 4612 5381 4945 5087 5150 4740 4784 5110 4748 5018 5063 5711 4855 5021 4911 5045 4812 4893 4910 5012 4880 4866 4920 4701 
4929 4799 4703 5374 5193 4467 5008 4864 5215 5118 4891 5066 4942 5036 4731 5130 4237 4788 5164 4633 4762 4809 4784 4813 4619 4994 4747 5044 4989 4992 4675 5135 5176 4885 5085 5296 4656 5508 5013 4642 4563 4752 4687 5227 4677 4724 5096 4881 4869 4854 4840 4618 5252 4906 5052 5160 5157 4727 5124 4591 4876 4852 4951 4983 4570 4937 4835 4787 5252 5052 4667 5106 5141 4892 4777 5142 4880 5166 4776 4571 5058 4949 5332 5013 4914 4715 4815 5177 4861 4929 4978 5128 4763 4768 4689 5463 5159 4929 4791 4487 4843 4955 4925 4931 4846 4361 4967 4740 5033 5009 5111 4459 4852 5307 5095 5457 5202 4637 4784 4787 5037 4912 5464 4754 5220 4966 4855 4579 4847 5108 4850 4863 4910 4781 5009 4800 4956 4901 4736 4837 4890 4873 5123 5145 4978 4812 4947 5160 4671 4852 5262 5099 4874 4777 4938 4895 4684 4734 5034 4725 4962 4901 5223 5530 4467 4845 4829 4910 5049 4654 4925 5093 4857 5098 4855 5299 4557 4402 5557 4998 4690 4732 5002 5006 4582 4933 5156 4980 4642 5059 5108 4584 5013 4966 4825 4698 5374 5209 4939 5061 5229 4762 4806 4744 4616 5143 5014 4787 4671 5011 4938 4793 4770 5209 4578 4935 4518 5195 5526 4695 4761 5119 4824 4816 4727 4767 5103 4777 4579 5069 4805 4931 4338 5082 5142 5074 4780 4713 4780 5181 4436 5043 5026 5254 4837 5138 4747 5244 4737 4577 4973 5076 4518 4866 4743 4471 
5117 5188 4982 5885 5716 5311 5300 5347 5095 5699 5188 5638 5242 5250 5033 5149 4711 5193 5628 5169 4820 4938 5169 5184 5193 5367 5099 4933 5266 5439 4913 5488 5493 5313 5490 5618 4718 6008 5275 5446 4947 4658 5068 5501 5347 5097 5441 5407 5300 5371 5221 4836 5788 5574 5499 6029 5581 5132 5056 5412 5287 5228 5253 5320 5264 5648 5236 5026 5629 5251 5163 5452 4925 5225 5284 5584 5504 5284 5302 4949 5439 5175 5578 5359 5092 4978 4816 5358 5130 5334 5760 5279 5187 5553 4761 5575 5675 5496 5421 4900 5167 5742 5248 5257 5120 4836 5159 5028 5308 4998 5270 5130 5460 5491 5706 5836 5625 5140 5235 5322 5464 5748 5999 5071 5011 5254 5033 4835 5310 5479 5039 5228 5130 5054 5338 5378 5283 5731 5067 5320 5105 5349 5354 5779 5330 5275 4943 5449 5370 5211 5532 5187 5049 5257 5142 5412 5006 5251 5490 5096 5646 5437 5613 5750 4820 5707 5463 5300 5451 5008 5226 5592 5110 5238 5323 5435 4901 5337 6027 5286 5331 4876 5418 5551 5381 5055 5740 5417 5027 5456 5457 5149 5321 5189 5377 5125 5692 5399 5368 5377 5514 5298 5392 5172 4884 5402 5207 5289 5083 5089 5462 5284 4982 5613 4948 5377 5114 5442 5611 5191 5443 5733 5264 5001 5250 5049 5713 4882 4956 5384 5030 5244 4863 5413 5240 5521 5201 5250 5424 5467 5285 5037 5300 5737 5482 5489 5164 5227 5058 4949 5360 5694 5022 5249 5352 5260 
4725 5147 4718 5215 5394 4721 5076 4757 4927 5146 4882 5227 5042 4928 4641 4650 4143 4794 5179 4874 4381 4751 4839 4874 4900 4820 4720 4935 5086 4996 4725 5169 4808 4854 5163 5301 4679 5594 5023 4750 4525 4422 4645 5328 4766 4621 4834 4888 4888 5045 4719 4815 5277 5204 5068 5185 5250 4796 4769 4832 5329 4796 4795 4915 5016 5212 4561 4791 5529 5169 4551 5130 4964 4781 4749 5123 4931 5098 4757 4618 4958 4853 5236 4863 4711 4885 4922 4962 4958 4945 5281 4992 4837 5172 4664 5352 5102 4955 4798 4726 5122 5066 5009 4759 4742 4711 4964 4676 5102 4869 5002 4858 4954 4935 5358 5490 4934 4932 4952 4931 4846 5072 5364 4684 4805 4840 4683 4610 4821 4857 4865 4774 4905 4446 4849 4663 4697 5329 4931 4703 4898 4842 4932 5155 5121 5095 4899 5235 4724 5058 4943 5114 4672 4466 4990 5073 4798 4880 5037 4790 5123 5177 4955 5361 4454 4995 4944 4788 4950 5000 5383 4938 4795 4933 5078 5274 4797 4611 5351 4958 4881 4533 4907 5276 5109 4813 5191 5150 4844 5082 5143 4880 4808 4927 5004 4985 5061 5211 4740 4971 5282 4796 5202 4852 4710 4878 4640 4841 4733 4815 5244 4980 4761 5245 4471 5047 4607 5045 5335 4748 4812 5460 4753 5073 4836 4511 5239 4820 4558 4917 4852 5052 4612 4919 4935 4839 4991 4661 4876 4946 4798 4940 4605 5085 4864 4873 4763 4912 4753 4696 5054 5210 4844 4736 4889 4852 
5113 5021 5019 5841 5598 5207 5196 5345 4837 5630 4979 5759 5365 5566 5008 5186 4643 5404 5671 5206 4937 5212 4967 5284 5294 5258 4870 5275 5503 5415 5230 5213 5250 5266 5764 5578 4934 5897 5318 4962 5013 4988 4922 5596 5116 5492 5244 5085 5328 5193 5254 4797 5402 5461 5813 5893 5572 5241 5146 5121 5444 5320 5279 5456 5064 5549 5368 5123 5611 5587 4886 5644 5137 5229 5515 5536 5290 5212 5182 4977 5477 5541 5486 5314 5006 4947 5140 5242 5137 5027 5543 5233 5483 5316 5018 5752 5498 5161 5320 4822 5227 5328 5380 4986 5178 5091 5251 4986 5402 5091 5158 5186 5411 5493 5482 5747 5416 5206 5385 4967 5176 5589 5824 5243 4946 5354 5036 5045 5421 5151 5281 5252 5404 5196 5490 5206 5412 5766 5095 5203 5310 5000 5577 5612 5243 5272 5105 5661 5214 5454 5359 5365 5080 5067 5285 5241 4897 4949 5547 5090 5554 5241 5612 5729 5213 5552 5361 5177 5515 4836 5616 5314 5153 5308 5219 5558 5111 5241 5954 5294 5105 5076 5258 5290 5040 5227 5895 5451 5096 5561 5495 5043 5057 5145 5254 5201 5532 5592 5126 5285 5558 5443 5304 5209 5102 5531 5285 5012 4986 5274 5436 5360 5563 5633 4962 5222 5148 5367 5859 5279 5496 5567 5219 5344 5130 5074 5580 5040 4752 5614 5271 5180 5005 5446 5153 5773 5267 5012 5098 5492 5386 5139 5077 5770 5272 5347 5004 5375 5086 5170 5231 5553 5233 5185 5199 5351 
4769 4871 4698 5249 5134 4642 5036 4822 4956 4938 4798 4983 4933 4885 4936 5097 4377 4633 5144 4844 4351 4466 4619 4918 4614 4735 4636 4808 4876 5283 4838 5061 5034 5171 5299 5317 4510 5460 5206 4907 4571 4801 4779 5096 4990 4835 5009 4828 4991 5032 4738 4632 5437 5273 4982 5255 5073 4722 4875 4925 4953 4871 4684 4844 4633 5146 4838 4646 5516 4836 4649 5129 4769 4957 4969 5228 4955 4987 5126 4791 5020 5092 4902 4884 4656 4594 4705 5040 4788 5067 5349 5242 4959 4787 4923 5370 4807 4872 4767 4715 4954 5215 4765 4939 4787 4405 4849 4585 5131 4737 4934 4675 5070 5143 5148 5494 5052 4828 4955 4746 4956 4843 5262 4551 4711 5047 4814 4574 4830 5091 4651 4823 4974 4789 4662 5004 5027 5204 4795 4792 4932 4962 5137 5110 4913 4691 4936 5161 4800 5029 4967 5044 4708 5081 4857 4950 4899 4942 4931 4679 5064 4902 5377 5412 4559 4984 5104 4978 5117 4617 4856 4774 4612 4729 4728 5161 4893 4804 5635 5187 4553 4628 5162 5158 4877 4900 5355 5020 4865 5227 5091 4762 4958 5060 5113 4943 5408 5279 4655 5199 5028 5171 5045 4740 4668 5111 4766 4517 4707 4860 4980 4779 4626 5009 4522 4865 4640 5017 5569 4722 4918 5191 4834 4895 4849 4651 5409 4667 4626 5143 4722 4881 4444 5040 5101 5034 4894 4821 5003 5425 4779 4830 4836 5304 5019 4879 4769 5239 4586 4659 5014 5015 4665 5045 4913 4644 
5289 4988 5122 5549 5555 5035 5157 5050 5025 5440 5014 5434 5123 5119 4964 5199 4589 4838 5301 5158 4650 4715 5132 5234 4920 4804 4847 5125 5152 5177 4895 5459 5050 5330 5454 5643 4691 5681 5115 5069 4886 4854 5070 5591 4997 5289 5087 5076 5096 5100 5266 4714 5895 5124 5319 5551 5465 4813 5183 4887 5410 5201 4956 5241 5055 5358 5029 4747 5715 5371 5026 5439 5200 4889 5216 5258 5375 5354 5017 5035 5402 5394 5251 5233 5032 4754 4732 5083 5198 5240 5465 5122 5051 5412 4722 5612 5331 5389 4917 4758 5215 5315 4942 5031 4749 4773 5296 4619 5233 5052 5121 5053 5221 5672 5363 5816 5247 4984 5259 4761 5428 5233 5882 4828 5198 5255 4940 4762 5185 5338 5050 4954 5090 4928 5304 4957 5234 5198 4951 4966 5192 5189 5553 5463 5182 5141 4994 5495 5234 5244 5095 5273 4984 5087 5248 5199 5213 5040 5217 5041 5140 5399 5725 5765 4726 5552 5091 5124 5397 4776 5390 5188 5104 4937 5142 5617 4940 4939 5738 5364 5197 4818 5149 5597 5323 4892 5564 5369 4951 5305 5466 4988 5068 5048 5429 5208 5517 5388 5222 5535 5188 5720 5247 5094 4884 5315 5042 4936 5040 4987 5256 4961 4991 5485 4871 5151 4610 5543 5880 4884 5281 5109 4969 5195 4972 4717 5477 5101 4507 5471 5117 5232 4926 5169 5302 5047 4896 4670 5122 5527 5031 5208 5205 5549 4946 5362 4857 5512 4937 4801 5062 5277 5182 5352 4820 5072 
4804 4806 4972 5335 5268 4684 5104 4796 5191 4935 4829 4987 5236 5254 4877 4711 4528 4805 5315 4642 4450 4562 4864 4829 4941 5023 4656 4768 5149 5260 4767 4997 5279 5324 5182 5220 4493 5930 4893 4900 4537 4437 4623 5072 5052 5079 4873 4963 4778 4754 4799 4514 5228 5093 5143 5416 5420 4888 4933 4939 5217 5217 4816 4694 4682 5088 4624 4913 5368 5069 4610 4903 4665 4855 4696 5290 5242 4877 5057 4711 4947 5140 5121 5000 4984 4448 4805 4908 4983 4829 5311 4935 5089 4931 4805 5445 5105 5141 4802 4815 5017 5219 4938 5022 4766 4417 5061 4770 4983 4901 4913 4759 4809 5193 5100 5587 5158 5169 4918 5153 4865 5135 5342 4706 4850 5077 4754 4593 5071 5300 4992 4889 5195 4959 4939 5103 4986 5165 5141 4828 4840 5016 5169 5045 5342 4990 4767 5203 4897 5336 5363 5152 4558 4909 4995 4970 4868 4974 5094 5031 5166 4827 5437 5299 4595 5161 5056 4848 5331 4572 5011 5254 4778 4945 4773 5379 4947 4869 5329 4928 5271 4861 4979 4978 5184 4577 5375 5233 4983 5276 5245 4972 5000 4921 4900 5030 5264 5093 4928 5251 5177 5098 4979 4852 4590 5138 4949 4911 4708 5061 5094 4727 4682 4979 4669 5094 4744 5083 5289 4732 4988 5114 5040 4905 4942 4841 5390 5107 4423 5148 4699 4712 4541 5027 4825 5195 5026 4564 4930 5023 4954 4814 5108 5201 4903 5123 4944 5011 4846 4589 4971 5041 4731 5049 4980 4920 
5021 5234 5037 5691 5469 5129 5131 5170 5207 5324 5036 5467 5386 5518 4928 4838 4660 5255 5361 5144 4928 4931 5215 5222 4975 5260 4926 5367 5491 5240 4982 5563 5163 5200 5398 5555 5023 5620 5267 4975 4792 4924 4872 5465 5538 5247 5291 4952 5190 5232 5083 4851 5522 5410 5455 5560 5692 5176 5295 5320 5290 5219 5135 5252 5107 5471 5158 4907 5539 5273 4792 5517 5155 5157 4983 5444 5062 5126 5226 5038 5399 5170 5537 5045 5040 4727 5260 5311 5325 4992 5714 5193 5179 5195 4936 5733 5556 5463 5181 4587 5191 5404 5318 5059 5042 4712 5238 4774 5432 5127 5375 4967 5225 5554 5478 5754 5446 5145 5175 5263 5255 5567 5901 4855 4855 5353 4920 4995 5313 5417 5072 5115 5116 4990 5098 5176 4764 5877 5086 5100 5181 5160 5273 5557 5201 5231 4953 5335 5215 5579 5541 5372 5087 5045 4925 5318 5010 5247 5500 5017 5419 5426 5442 5554 4794 5461 5569 5099 5308 5145 5409 5464 4892 5409 5137 5304 5231 5077 5749 5424 5217 4852 5396 5615 5035 4792 5658 5525 4942 5380 5439 5078 5276 5194 5056 5072 5143 5578 5429 5181 5309 5281 5392 5197 4937 5410 5428 5003 5060 5013 5573 5119 5131 5558 4899 5206 5286 5596 5700 4829 5207 5627 5214 5467 5241 5094 5637 5140 4808 5301 5169 5173 4719 5406 4946 5613 5059 4953 5275 5517 5450 5388 5155 5556 5095 5093 5114 5500 5035 4739 5379 5389 5027 4928 5303 5264 
5139 5111 5096 5759 5495 5272 5347 5111 5149 5620 5073 5503 5322 5264 5200 5164 4739 5075 5533 5393 4834 4978 5087 5121 5087 5332 4932 5100 5433 5768 5162 5317 5371 5219 5571 5335 4877 5833 5251 5089 4685 4776 5024 5541 5173 5248 5432 5202 5279 5164 4915 5032 5592 5284 5432 5526 5262 5224 5289 5194 5449 5256 5301 5147 5228 5443 5309 5008 5705 5208 4967 5370 4961 5080 5173 5579 5550 4984 4946 5207 5394 5347 5324 4869 5360 4776 4864 5150 5299 5192 6058 5298 4964 5264 4938 5449 5515 5580 5389 5051 4899 5549 5071 5309 5230 4764 5462 4975 5723 5240 5180 4954 5294 5390 5505 5506 5349 5076 5225 5112 5213 5478 5892 5067 5269 5071 5221 4696 5329 5507 5140 5001 5375 4938 5253 5055 5107 5595 5222 5244 5486 5154 5627 5481 5360 5263 5106 5637 5153 5444 5514 5252 5071 5097 5095 5093 5023 5067 5382 5350 5324 5006 5561 5572 4883 5543 5308 5080 5183 5279 5387 5167 5307 5132 5217 5738 4856 5051 5945 5451 5356 4990 5474 5224 5228 4768 5552 5278 5179 5617 5649 5337 4951 5018 5299 5102 5810 5535 5207 5416 5662 5477 5200 4953 5000 5711 5486 5082 5007 5230 5346 5398 5112 5348 4923 5482 4687 5729 5720 5220 5353 5433 5316 5291 5230 5072 5315 5210 4831 5340 5193 5425 4906 5239 4947 5513 5289 5147 5267 5518 5166 4981 5162 5835 5232 5354 5179 5375 4970 4884 5344 5458 5145 5173 5043 5029 
5225 5077 5408 5836 5624 5306 5345 5172 5397 5665 5127 5902 5606 5587 5161 5280 4546 5350 5696 5302 5091 5059 5251 5247 5052 5236 4982 5348 5579 5581 5360 5686 5400 5377 5710 5687 4974 5966 5028 4919 4954 4966 5046 5386 5338 5310 5531 5273 5228 5196 5121 5137 6108 5545 5465 5742 5523 5189 5075 5215 5648 5610 5334 5121 5258 5566 5051 5223 5830 5568 4853 5666 5405 5413 5355 5576 5391 5479 5105 5026 5298 5378 5647 5396 5504 5067 5118 5444 5375 5261 5712 5440 5357 5328 4812 5793 5510 5430 5414 5201 5384 5573 5189 5253 4837 4656 5541 5041 5419 5473 5273 5272 5521 5361 5223 5881 5511 5613 5552 5251 5349 5737 6223 5107 5256 5450 4960 4911 5631 5391 4959 5066 5361 5025 5589 5454 5188 5836 5384 5429 5292 5239 5510 5560 5466 5148 5087 5663 5246 5254 5699 5569 5074 5060 5300 5312 5090 5508 5287 5444 5612 5105 5770 5787 4868 5676 5537 5281 5402 5021 5215 5484 5232 5518 5360 5843 5291 4961 5729 5576 5085 5240 5556 5670 5365 5438 5649 5510 5281 5527 5287 5115 5204 5583 5307 5201 5816 5680 5295 5438 5581 5646 5487 5304 5211 5360 5276 5251 4963 5375 5463 5258 5155 5496 5084 5306 5286 5710 5953 5100 5551 5584 5014 5318 5359 5385 5457 5259 4966 5457 5100 5238 5162 5545 5486 5407 5385 5061 5565 5428 5119 5492 5216 5462 5343 5523 5085 5516 5212 4978 5430 5511 5166 5364 5294 5261 
5278 5201 4951 5605 5541 4903 5093 5549 5054 5588 5133 5587 5208 5271 5167 5139 4731 4932 5644 5043 4823 4796 4935 5131 5177 5484 4554 5315 5301 5415 4993 5345 4949 5127 5490 5530 4927 5905 5320 5010 4734 4725 5117 5662 5201 5242 5771 5099 5398 5053 5149 4804 5319 5493 5285 5400 5515 5142 4987 4808 5435 5340 5060 5180 4935 5422 5192 5286 5851 5257 4711 5537 4950 5189 4910 5376 5269 4987 5322 4910 5250 5021 5404 5250 4887 4895 5221 5150 5331 5233 5480 5201 4923 5408 4951 5382 5464 5323 5103 4387 5355 5357 5474 5174 5142 4601 5188 4825 5125 5188 5150 5124 5512 5418 5211 5762 5157 5255 5053 5140 5000 5404 5789 4917 5236 5038 4997 4954 5066 5685 4986 5056 5213 5078 5236 4982 5053 5620 5097 5048 5109 5105 5397 5426 5268 5199 4805 5300 5154 5292 5521 5218 4821 4911 5018 5385 4775 4927 5128 5206 5285 5340 5333 5781 4865 5450 5334 5166 5180 4855 5209 5232 4925 5532 5181 5469 5105 5025 5880 5253 5002 5104 5145 5418 5209 5087 5687 5288 4881 5583 5584 5248 5420 5207 5309 4936 5541 5313 5212 5228 5307 5423 5530 5110 4773 5350 5071 5017 4842 5070 5131 4937 5031 5498 4944 5199 4975 5441 5896 4988 5307 5699 4996 5453 5083 4841 5416 4857 4697 5457 5172 5267 4835 5432 5143 5508 5301 4818 5355 5235 5204 5115 5248 5729 4918 5157 5280 5406 4800 4925 5158 5422 5088 5154 5414 4957 
4707 5046 4948 5393 5356 4985 5012 4983 5113 5248 5095 5182 5276 5263 4823 4917 4573 4861 5324 5026 4636 4675 4889 5080 5219 5182 4606 5037 5301 5441 5037 5403 5330 5228 5367 5453 5042 5651 5155 5031 4718 4806 4847 5123 5071 5167 5084 5068 5067 4768 4800 4665 5501 5202 5357 5572 5283 4989 5002 5211 5437 4945 4963 5114 5055 5167 5162 4924 5704 5402 4708 5138 5022 4824 4913 5325 5355 5245 4879 5278 5220 5301 5391 4946 4948 4580 4809 5083 5126 5118 5468 5192 4994 5037 4814 5256 5353 5464 5055 4694 5167 5317 5065 4986 4901 4811 5313 4776 5343 5272 5310 4944 4996 5367 5288 5505 5358 5223 5242 5081 5145 5264 5810 4768 5106 4990 4964 4792 5372 5058 4724 4929 5072 4774 5088 5076 5064 5400 4941 5201 4950 4798 5232 5412 5358 4954 4880 5257 4844 5352 5047 5065 5049 5151 5127 5103 4695 4947 5153 5028 5213 5287 5542 5505 4645 5398 5088 5141 5168 5049 5242 5199 4886 4995 5174 5432 5039 4823 5773 5106 5024 4973 5141 5327 5197 4809 5427 5479 4910 5236 5288 5092 5064 5064 5199 4890 5491 5280 4891 5367 5338 5268 5508 4971 4937 5426 5121 4981 4820 5062 5338 5096 4990 5227 4860 5238 4960 5134 5547 4949 5149 5232 5085 5269 4945 5178 5590 4812 4814 5307 4963 5115 4873 5298 5069 5535 5210 4888 5236 5256 5077 4844 5093 5374 5118 5073 5171 5218 4867 4817 4934 5421 4932 5175 4867 4864 
5166 5060 4968 5362 5496 5408 5265 5252 5141 5629 4757 5388 5150 5430 5015 5252 4767 5027 5811 5181 4709 4804 5139 5009 5019 5215 5127 5246 5404 5489 5051 5165 5421 5515 5527 5254 4930 5874 5487 5105 4825 5020 5020 5541 4945 5251 5413 5303 5320 5350 5235 4854 5481 5544 5518 5735 5438 5303 5269 5085 5293 5073 5151 5181 5142 5256 5195 4880 5831 5357 5170 5782 4968 5134 5127 5487 5405 5056 5268 4971 5177 5346 5657 5209 5247 4606 4776 5028 5449 5211 5561 5141 5261 5280 4858 5570 5445 5370 5262 4880 5201 5360 5191 5275 5096 4895 5365 4714 5517 5305 5168 5018 5489 5716 5500 5738 5401 5340 5281 5179 5110 5567 5846 4989 5111 5053 5169 4776 5217 5499 5360 4736 5105 5231 5208 5124 5105 5377 5199 5337 5445 4946 5530 5636 5588 5171 5050 5546 5287 5184 5425 5099 4835 5289 5206 5156 5217 5044 5410 5337 5249 5343 5871 5679 4699 5522 5316 4864 5708 4803 5307 5346 5083 5342 5094 5704 5235 5036 6001 5570 5214 4862 5456 5552 5409 5099 5669 5392 4946 5664 5481 5577 5186 5260 5316 4994 5642 5438 5340 5669 5391 5659 5514 4997 4893 5249 5282 5009 4931 5093 5466 5394 5010 5596 4826 5269 5278 5554 5984 5131 5327 5084 5152 5046 5365 4985 5812 4790 4799 5614 5166 5001 5035 5355 5235 5420 5283 4996 5146 5237 5091 5375 5120 5555 5457 5357 4987 5346 5081 4982 5427 5635 5312 5441 5181 5123 
5358 5253 5361 5734 5862 5083 5432 5303 5375 5724 5127 5604 5573 5506 5062 5051 4903 5127 5572 5135 5044 5006 5247 5077 5239 5440 4872 5137 5490 5638 4993 5349 5482 5604 5592 5549 5000 6108 5350 5274 4973 4887 4973 5408 5189 5350 5443 5411 5221 5373 5580 4978 5644 5379 5454 5638 5596 5477 5368 5415 5637 5318 5357 5088 5327 5475 5054 4994 5869 5521 5155 5561 5456 5312 5292 5541 5606 5299 5060 5279 5352 5210 5547 5272 5173 5004 5204 5216 5425 5412 5790 5227 5235 5554 5147 5741 5162 5485 5299 5220 5325 5439 5348 5153 5234 4965 5611 5165 5409 5219 5171 5091 5525 5407 5582 5887 5606 5320 5464 5385 5445 5712 6209 5202 5267 5190 5192 5008 5478 5783 5404 5227 5581 5121 5478 5062 5106 5807 5165 4986 5334 5123 5517 5659 5692 5232 5382 5412 5391 5477 5728 5399 5051 5124 5728 5244 5066 5238 5512 5299 5507 5339 5587 5986 5111 5279 5338 5301 5622 4960 5548 5494 5185 5688 5241 6068 5065 5182 5803 5574 5343 5108 5201 5518 5617 5114 5957 5579 5303 5442 5621 5303 5306 5179 5439 5082 5766 5584 5168 5538 5657 5679 5258 5018 5061 5556 5369 5049 4842 5122 5464 5202 5049 5528 5151 5468 5161 5593 5772 5207 5507 5580 5068 5263 5442 5395 5565 5302 4699 5479 5160 5276 4980 5513 5395 5628 5373 4778 5305 5295 5014 5221 5273 5755 5359 5508 5306 5665 5215 5236 5329 5535 5192 5245 5059 5119 
4790 4994 5155 5707 5417 5266 5092 5279 5165 5608 4977 5500 5462 5459 4844 5033 4568 5036 5358 5192 4753 4874 4804 5023 5036 5174 5038 4786 5445 5525 5076 5419 5442 5239 5650 5356 4777 5674 5316 5179 4760 4799 4825 5558 5206 5385 5089 5148 5323 4926 4752 4908 5486 5621 5318 5493 5588 5039 4933 5068 5576 5289 5051 4965 5253 5480 5012 5023 5936 5206 4909 5398 4851 5143 4755 5305 5130 5174 4902 5185 5196 5183 5177 5134 5137 4909 4799 5281 5260 5375 5695 5307 5431 5404 5061 5525 5446 5205 5209 4781 5607 5580 5142 5262 5034 4796 5379 4890 5221 5014 4979 5146 5085 5541 5299 5810 5089 5048 5247 5113 5157 5467 5581 5141 5072 5038 4862 4693 4950 5221 5027 4881 5407 5012 5347 5112 5367 5511 5133 5166 5193 5053 5272 5256 5454 5067 5273 5678 4968 5211 5477 5097 5078 5179 5274 5035 4786 5193 5152 4839 5164 5181 5737 5471 4682 5433 5218 5076 5237 5171 5307 5289 5158 5201 5460 5446 4730 5104 5908 5029 5372 4977 5419 5506 5217 5093 5475 5185 5067 5581 5606 5000 5073 5117 5354 5402 5852 5377 4795 5375 5595 5570 5380 4972 4927 5533 5282 5031 5077 5183 5520 5058 5055 5471 4983 5430 4901 5199 5722 5217 5380 5512 5300 5255 5299 5022 5528 5037 4768 4970 5082 5241 4589 5332 5092 5298 5278 4952 5366 5513 4940 5304 4995 5613 5194 5496 4994 5357 4833 4907 5024 5590 4956 5094 5147 5180 
4895 4937 4787 5560 5426 5036 4829 4999 4993 5289 4693 5245 5320 5301 5188 4925 4747 5030 5308 4934 4581 4960 4889 5138 4866 5081 4510 4878 5208 5364 4888 5328 5069 5158 5270 5389 4698 5812 5213 5105 4441 4803 4913 5277 5085 4834 5231 4899 5267 5166 4822 4707 5261 4843 5255 5420 5327 5165 5010 4785 5358 5041 5369 4963 4903 5354 5078 4646 5550 5238 4760 5368 4763 5128 5020 5552 5000 5080 4921 5106 5240 4896 5306 4740 4655 4780 5022 5214 5093 4864 5496 5409 5039 5091 4750 5537 5045 5041 4939 4762 5061 5366 4711 4784 4845 4546 5142 4678 5281 4650 4979 4867 5342 5364 5264 5750 5224 5044 4984 5171 5083 5071 5668 4716 5185 5164 4815 4778 5052 5159 5023 4885 4948 4863 5293 5159 4942 5330 5089 5025 5023 4860 5390 5089 5077 4888 5061 5403 5153 5091 5058 5503 4957 5068 4877 4848 4921 4881 5001 4942 5217 5058 5588 5377 4560 5292 5263 4864 4963 4854 5147 5030 4926 5003 4627 5485 4930 5017 5594 5324 5054 4666 5165 5225 5155 4907 5549 5068 4702 5403 5274 5241 5153 5014 5150 4820 5420 5288 4996 5259 5365 5129 5198 4889 4970 5135 5145 5295 4508 4838 4892 5077 4789 5446 4571 5010 4928 5536 5730 4974 4897 5337 4943 5065 4894 4772 5501 4830 4590 5154 5012 4888 4482 5064 5018 5191 5009 4733 5023 5313 5123 4912 5105 5673 5037 5082 4866 5317 4949 4695 4751 5487 4985 5059 5011 4445 
4925 4870 5047 5400 5527 5006 5134 5020 4861 5373 5101 5492 5162 5180 4977 5154 4672 5130 5442 4878 4910 4694 5020 5032 4995 5164 4604 5003 5352 5425 5020 5338 5226 5346 5313 5483 4748 5764 5025 4927 4571 4701 4900 5032 5031 4943 5042 5021 5026 5264 5011 4749 5583 5371 5168 5528 5302 5048 4808 5101 5444 5008 5044 5182 5391 5445 5113 4963 5668 5110 4913 5400 5094 5144 5047 5504 5263 5267 5056 4887 5411 5139 5508 4971 4939 4695 4805 4864 5234 4909 5559 5350 5098 5393 4861 5389 5200 5389 5032 4894 5275 5348 4886 5031 5141 4753 5256 4935 5077 5311 5090 4737 5126 5335 5285 5813 5305 4995 4963 5149 5178 5274 5554 4981 5165 5242 4859 4811 5215 5380 4767 4873 5055 4777 5173 4913 5037 5076 5068 4960 5115 4988 5193 5200 5401 4971 4888 5395 5084 5160 5429 5360 4881 5173 5225 5156 4637 5029 5203 5027 5429 5267 5667 5810 4797 5280 5049 5035 5515 4821 5124 5164 4825 4907 5303 5544 4891 4922 5569 5009 5205 4938 5315 5212 5145 5104 5312 5026 4718 5518 5305 5040 5096 5153 4965 4842 5642 5483 5098 5180 5163 5314 5133 4974 4775 5295 5167 4785 4669 5104 5150 4794 4894 5429 4937 5095 4848 5140 5641 4895 5049 5327 5024 5134 5056 4719 5421 4983 4659 5278 5155 4714 4804 5314 5096 5077 5265 4898 5158 5202 4955 4996 5274 5562 5117 5343 4942 5175 4873 4891 5074 5476 5060 5313 5081 4988 
4793 4730 4618 5154 5136 4967 4907 4886 4933 4984 4697 5336 5183 5137 4575 4907 4211 4820 5104 4631 4334 4485 4672 4897 5072 4883 4734 4651 5102 5222 4732 4812 4934 5104 5109 5213 4587 5642 5182 4794 4551 4669 4651 5284 4855 5197 5227 5043 5007 4681 5020 4445 5253 5123 5004 5174 4974 4866 5111 4781 4919 4923 5047 4716 4706 5021 4590 4556 5137 4864 4594 5066 4640 4871 4866 5080 5132 4826 4860 4858 5106 4714 5419 4867 4730 4432 4905 5136 4844 4957 5409 4942 4839 4939 4773 5403 5070 5002 4747 4417 4697 5235 4985 4988 4830 4441 5079 4703 5110 5009 4844 4965 4926 5136 5147 5433 5052 4838 4818 4642 4961 5091 5605 4592 4875 5005 4812 4692 5152 5290 4648 4651 5032 5104 5134 4781 4904 5495 4902 4743 4771 4821 5133 5246 4796 4853 4810 5303 4916 4862 5043 4743 4796 4831 4740 4869 4964 4758 4822 4856 4956 4935 5129 5208 4491 5056 5029 4875 5093 4380 5010 4833 4930 5015 4765 5242 4628 5076 5422 4898 4974 4712 4984 5265 4900 4722 5230 5048 4837 5115 5141 4857 4682 5054 5082 4553 5176 5246 4865 5163 5251 5119 5090 4686 4683 4964 5037 4847 4767 4827 4864 4718 4681 5122 4669 4932 4563 5139 5448 4912 5055 5239 4893 5066 4825 4920 5413 4809 4646 4970 4897 4648 4222 4967 4783 5324 4887 4633 4653 4837 4855 4926 4976 5397 5164 5011 4888 5085 4544 4854 4542 5073 4873 4584 4723 4516 
4921 5147 4943 5337 5348 4978 5007 5250 5227 5576 5068 5555 5333 5198 4938 5153 4657 4928 5382 5125 4816 4907 4820 5138 5117 5307 4892 5266 5368 5444 4845 5484 5006 5157 5555 5344 4734 5586 5398 5010 4875 4797 5230 5464 5069 5071 5435 5167 5222 5227 4936 4690 5252 5222 5155 5667 5404 4969 4985 4921 5406 5225 5287 5044 5096 5336 4733 5213 5661 5360 4902 5502 5242 5583 4771 5360 4911 5060 5009 5014 5370 5104 5290 5273 4842 4872 5125 5413 5483 5131 5547 5257 4884 5179 4777 5465 5594 5151 5167 4866 5380 5540 5186 5216 5007 4909 5300 4795 5066 5049 5150 5118 5219 5176 5402 6033 5052 5247 4963 5075 5379 5253 5700 4990 5145 4960 5154 4591 5240 5394 4959 4817 4945 4898 5319 5098 5185 5650 5224 4976 4946 4918 5344 5398 5419 4997 4938 5412 5208 5227 5297 5525 5085 4962 5374 5129 4829 5061 5362 5446 5487 5399 5650 5718 4575 5219 5125 5187 5415 5156 5312 5525 5198 5140 5261 5651 5148 5045 5612 5468 5012 4976 5125 5487 5170 5011 5597 5369 4870 5378 5348 5244 5273 5230 5309 5041 5522 5250 4993 5259 5528 5254 5635 4790 4873 5256 5084 5050 4833 4954 5284 5083 4890 5435 4932 5100 5012 5433 5844 5163 5315 5467 4924 5320 4924 4883 5618 5041 4789 5103 5035 5370 4700 5384 5179 5356 5219 4813 5378 5329 5132 5175 5087 5650 5137 5243 5096 5552 4795 4830 5114 5489 4948 5133 5127 4878 
4640 4770 4594 4993 4830 4622 4796 4735 4910 4972 4811 5019 4853 5182 4487 4737 4469 4626 5082 4706 4615 4448 4721 4838 4698 4920 4364 4558 4894 5109 4620 5087 4924 4928 5043 5164 4271 5276 4589 4936 4357 4428 4396 4846 4753 4850 4786 4563 4849 4742 4375 4378 5214 4881 5007 5164 4867 4626 4631 4625 4969 4668 4811 4749 4512 5139 4859 4747 5428 4789 4432 4830 4488 4953 4706 4976 4964 4860 4727 4469 4844 4924 4974 4695 4748 4441 4302 4876 4694 4672 5303 4776 4797 5146 4333 5044 5046 4995 4737 4658 4543 5071 4744 4555 4830 4371 4880 4756 5193 4827 4845 4438 4869 5040 4909 5430 4968 4705 5121 4800 4791 5050 5312 4479 4649 4824 4637 4428 4788 4875 4703 4520 4740 4766 5122 4569 4899 5013 4963 4875 4711 4574 4908 4903 4854 4793 4389 5084 4854 4775 4834 4804 4615 4661 4532 5151 4793 4782 4866 4716 4812 4565 5048 5345 4388 4926 5002 4631 4884 4460 4991 4856 4651 4863 4906 4778 4606 4698 5311 4887 4745 4624 4969 4791 4930 4689 5220 5234 4569 5283 5061 4667 4901 4859 4969 4627 5185 5109 4830 4861 5099 5260 4765 4965 4330 5154 4837 4692 4598 4765 4741 4481 4601 4856 4469 4752 4555 4928 5139 4455 4610 5149 4717 4794 4735 4618 5171 4618 3904 4694 4727 4703 4580 4985 4585 4769 4528 4506 5012 4807 4983 4695 4858 5311 4630 4757 4600 4913 4715 4629 4861 4971 4771 4644 4498 4698 
4956 4985 5049 5153 5426 4881 5225 4843 5063 5200 5281 5260 5025 5398 4986 4997 4734 5233 5185 4929 4901 4492 4880 5282 4902 4990 4761 4984 5212 5475 4937 5242 5142 5365 5482 5422 4791 5845 5401 5082 4711 4706 4959 5355 5229 5339 5130 5311 4973 5013 5188 4748 5319 5458 5113 5622 5281 5155 5301 5145 5447 5011 4956 5357 5083 5276 4782 4961 5587 5101 4628 5162 4950 5337 5210 5391 5147 5058 5048 5019 5302 5397 5618 5098 5039 4513 5007 5005 5094 5031 5604 5493 5192 5217 4955 5472 5382 5397 4901 4774 5343 5564 5338 5137 5194 4951 5336 4833 5299 5148 5432 4785 5062 5539 5112 5685 5155 5120 5206 5136 5320 5187 5645 4966 4876 5132 4832 4761 5274 5345 4948 4778 5261 4911 5347 5048 4925 5624 5126 5159 5124 5136 5271 5193 5304 5153 5111 5369 5077 5282 5555 5149 4978 5067 5236 5164 5369 5106 5376 4915 5077 5234 5467 5648 4881 5324 5117 5030 5388 5118 5394 5387 4982 5209 5100 5461 5196 4923 5708 5306 5340 5089 5184 5354 5299 4810 5473 5316 4903 5466 5074 5236 5026 5230 4970 5086 5473 5592 5159 5468 5430 5195 5351 4912 5105 5584 5070 5036 4822 4961 5274 4955 5286 5353 5131 5274 5013 5425 5568 4828 4987 5413 5121 5080 5197 4903 5452 4892 4805 5305 5012 5062 4621 5371 5340 5348 5023 4930 5068 5331 5149 5061 4982 5507 5315 5212 5134 5170 4973 4791 5011 5269 5148 5192 5137 4959 
4805 4716 4822 5367 5156 4953 5046 4942 4709 5144 4659 5297 4852 4923 4772 4659 4384 4872 5328 4780 4728 4723 4812 4790 4878 4985 4596 4893 4904 5030 4597 5010 4975 5022 5046 5198 4802 5586 4852 4758 4431 4522 4503 5216 4965 4730 5244 5036 5037 4931 4658 4519 5091 5109 4994 5234 4974 4902 4672 4814 5280 4977 4857 4532 4724 5406 4810 4620 5354 4842 4507 5215 4775 5199 4635 4984 5013 4779 4739 4797 4880 4812 5051 5064 4883 4599 4760 4995 4983 4715 5112 4989 4672 4885 4693 5009 4826 5247 5075 4340 4958 5242 4850 4928 4652 4217 4989 4319 4847 5013 4696 5062 4854 5195 5149 5400 5180 4932 4785 4997 5020 5305 5506 4885 4703 4717 4718 4412 5022 5081 4894 4718 4962 4658 4954 4753 4762 5459 4786 4801 4821 4726 5038 5069 5165 4856 4750 5235 4880 4949 5410 5003 4743 4838 4929 4841 4708 4966 5198 4994 4962 5045 5116 4956 4759 5264 4988 4818 5147 4661 4936 5029 4635 4983 4700 5340 4912 4864 5495 5070 4942 4589 4770 5167 5051 4707 5243 5182 4848 5330 5167 4984 4981 5086 4817 4798 5323 4978 4847 4782 5061 5123 5079 4848 4630 4923 4733 4855 4576 4793 4961 4785 4808 5370 4582 5033 4785 5194 5364 4983 4682 5046 4646 5008 4835 4960 5188 5042 4292 5095 4945 4799 4563 5064 4934 5085 5008 4745 4964 5251 4737 4968 4941 5201 4678 4829 4661 5071 4633 4776 4854 5206 4819 5011 5003 4727 
5232 5327 5267 5682 5679 5484 5505 5429 5213 5507 5056 6022 5627 5628 5290 5344 4889 5154 6013 5582 4833 5205 5314 5543 5398 5265 4985 5104 5651 5772 5363 5539 5249 5549 5783 5711 4953 6108 5668 5356 5125 5054 5187 5666 5330 5388 5670 5183 5362 5445 5278 5281 5998 5859 5592 5849 5682 5384 5613 5433 5702 5359 5767 5703 5235 5711 5358 5142 5902 5434 5145 5816 5345 5507 5327 5687 5629 5270 5627 5362 5427 5557 5808 5586 5258 5063 5359 5417 5464 5301 5837 5447 5562 5520 5013 6045 5372 5858 5438 5103 5489 5987 5388 5042 5430 4992 5586 5072 5603 5373 5425 5367 5491 5709 5774 6272 5808 5493 5553 5550 5701 5635 6076 5090 5223 5724 5242 5198 5674 5460 5116 5451 5488 5316 5439 5372 5630 6070 5498 5435 5544 5209 5396 5631 5426 5383 5237 5718 5454 5523 5738 5526 5413 5632 5279 5457 5573 5331 5634 5590 5572 5427 5996 5847 4852 5612 5732 5371 5574 5342 5688 5546 5069 5332 5436 5868 5496 5272 6219 5756 5302 5025 6002 5845 5383 5214 5968 5523 5301 5822 5587 5357 5527 5601 5381 5286 5865 5809 5323 5521 5774 5525 5515 5282 5307 5631 5477 5362 5383 5586 5593 5444 5238 5559 5240 5595 5094 5989 6189 5218 5353 5721 5570 5347 5565 5125 5919 5308 4940 5763 5461 5061 5001 5908 5318 5561 5582 5173 5518 5813 5564 5330 5388 5948 5567 5551 5196 5683 5299 5367 5264 5656 5350 5440 5423 5361 
4999 5323 5216 5600 5523 5202 5211 5195 5201 5597 5133 5603 5210 5423 4960 5179 4763 5102 5446 5232 4590 4751 5020 5160 5125 5402 4935 4999 5415 5519 5175 5481 5118 5398 5654 5424 4809 6078 5499 5358 4784 4755 5038 5446 5238 5453 5290 5244 5342 5127 5212 4769 5421 5450 5341 5463 5424 5135 5163 5024 5365 4959 4931 5274 5096 5394 5279 5223 5620 5422 4860 5556 5118 5417 5299 5289 5278 5149 5158 5280 5406 5322 5563 5140 5352 4799 5143 5264 5259 5143 5571 5219 5220 5416 5244 5777 5372 5308 5250 4866 5361 5562 5228 4975 5107 4685 5553 5134 5553 5405 5236 5101 5302 5328 5181 5927 5542 5211 5031 5127 5384 5433 5622 4956 5046 5409 5150 5089 5168 5562 4976 4956 5293 5319 5454 5253 5107 5729 5113 5208 5295 5079 5487 5417 5112 5033 5150 5709 5046 5498 5253 5425 4983 5031 5275 5569 5145 5377 5301 5433 5463 5555 5680 5433 4702 5433 5406 5356 5581 5117 5333 5233 5019 5237 5405 5571 5112 5230 5743 5052 5243 4945 5375 5717 5248 5008 5652 5630 4961 5719 5140 5296 4915 5224 5194 5203 5693 5595 5115 5744 5415 5421 5414 4988 4956 5655 5178 5228 4897 5287 5300 5003 5148 5470 4742 5144 4980 5591 5832 5101 5198 5562 5027 5185 5249 5008 5469 5195 4731 5236 5131 5261 4820 5536 5257 5541 5461 5161 5288 5473 5270 5017 5301 5594 5185 5275 5091 5490 5009 5201 5024 5528 4950 5065 5304 5157 
5325 5194 5303 5916 5557 5357 5286 5231 5247 5747 5376 5586 5514 5618 5048 5363 4857 4975 5931 5349 5237 4922 5626 5248 5204 5235 4913 5210 5465 5637 5293 5545 5424 5459 5538 5476 5142 5967 5397 5313 4908 4826 4936 5842 5232 5461 5286 5261 5436 5394 5399 5021 5533 5395 5522 5577 5512 5382 5462 5414 5695 5474 5439 5443 5275 5560 5445 5579 5971 5315 5044 5512 5160 5421 5545 5541 5422 5125 5032 5070 5276 5259 5750 5303 5112 4894 5119 5349 5347 5226 5882 5340 5176 5493 5142 5493 5612 5767 5465 5057 5307 5606 5468 5226 5336 4890 5323 4984 5662 5144 5321 5353 5434 5543 5713 5665 5575 5269 5252 5370 5425 5575 6066 5003 5305 5204 5249 4965 5301 5575 5220 5115 5330 5197 5628 5127 5197 5872 5210 5152 5280 5263 5468 5754 5554 5381 5094 5423 5434 5444 5694 5396 5091 5524 5368 5399 5062 5276 5651 5532 5139 5133 5740 5677 4888 5803 5457 5239 5547 5078 5578 5449 5239 5428 5213 5663 5151 5077 5790 5259 5375 4758 5422 5796 5497 5188 5922 5466 5143 5652 5647 5361 5447 5238 5324 5041 5950 5528 5422 5681 5680 5643 5586 5214 5178 5615 5402 5045 5023 5115 5619 5254 5164 5791 4896 5252 4964 5740 5730 5008 5155 5561 5459 5200 5322 5185 5473 5117 4874 5629 5164 5279 4777 5427 5084 5543 5451 4912 5336 5492 5460 5308 5370 5856 5299 5245 5427 5429 5246 5125 5463 5551 5260 5378 5369 4915 
4961 5023 5212 5494 5473 4670 5347 5078 4976 5338 4857 5614 5180 5192 4724 5095 4974 4951 5378 5025 4591 4673 4858 4765 4844 5213 4699 5110 5072 5231 4957 5380 5024 5444 5470 5247 4671 5845 4996 4730 4995 4874 4618 5279 5011 4942 5351 5189 5216 4961 5222 4676 5410 5354 5249 5479 5206 5128 5111 5084 5137 4910 4979 5168 4935 5298 5009 4776 5540 5145 4910 5172 5053 5040 5136 5034 5221 4989 4966 4994 5391 5060 5409 5041 4972 4747 4954 4930 4930 5318 5590 5335 5193 5240 5032 5504 5438 5057 5304 4920 5125 5199 4824 4876 4984 4677 5330 4550 5231 5162 5114 5182 5223 5504 5249 5535 5519 5258 5331 4909 5226 5396 5672 4834 4875 5194 4993 4803 5214 5362 5337 4908 5070 4885 5236 5181 5192 5281 5194 5081 5198 5077 5466 5452 5166 4992 4866 5193 4922 5334 5203 4945 5017 4989 4977 4910 5121 5061 5144 5212 5118 5207 5550 5746 4704 5242 4891 4927 5441 4995 5297 5192 4908 5185 5124 5610 5180 4879 5767 5296 5096 4919 5013 5300 5281 4983 5350 5314 4894 5620 5496 5115 4907 4987 5042 5114 5543 5158 4947 5471 5265 5514 5256 4723 4919 5250 5277 5005 4909 5191 5468 5038 5209 5279 4589 5370 5057 5588 5795 4936 5195 5461 5155 5208 4976 4906 5390 4970 4669 5385 4885 5156 4770 5176 5191 5512 5179 4674 4852 5383 5015 5105 5088 5365 5063 5172 5111 5300 4665 5228 5161 5118 5199 5012 5159 5181 
4933 4860 5009 5397 5518 4971 4874 4919 4996 5571 5004 5288 5274 5134 4848 5147 4563 4933 5486 5042 4655 4744 4944 5179 5239 4900 5011 5065 5153 5225 4825 5261 5035 5161 5533 5291 4888 5583 5140 4969 4688 4877 4964 5277 5149 5033 5116 5330 5099 5024 4828 4829 5274 5217 5263 5378 5153 5048 4971 5083 5318 5185 5280 5227 4766 5288 5171 4847 5632 5134 4738 5485 4948 4889 4916 5620 5196 5176 4918 4963 4946 5292 5241 4881 5069 4697 4825 4959 5246 4743 5199 4990 5071 5457 4545 5518 5281 5000 4902 4713 5306 5348 5104 4952 4782 4528 5080 4520 5239 5078 5037 4895 5248 5118 5482 5697 5252 5048 5124 4938 5237 5316 5667 4680 4991 5000 4683 4880 5013 5075 4873 5104 5087 4849 5223 4718 4969 5311 5073 5066 5034 4845 5023 5376 5063 5142 4966 5433 5117 4979 5253 5068 4947 5024 4926 5095 5043 5132 5117 5138 5055 5043 5303 5714 4688 5260 4912 5103 5103 4957 5213 5160 4937 5145 5037 5466 5322 4746 5396 5536 4840 4912 5419 5369 4909 4699 5419 5156 4797 5269 5324 5054 4986 5138 5111 4952 5378 5448 4972 5163 5181 5393 5203 5064 4813 5066 4974 4883 4755 5001 5511 4970 4955 5212 4853 5013 5297 5168 5764 4977 5049 5264 4988 5365 5106 4924 5402 5001 4540 5492 4930 5127 4739 5161 5115 5265 4914 4572 4903 5239 5125 5162 5010 5492 5254 5174 5096 5279 4908 5034 5146 5297 5140 5130 5029 4827 
5170 5090 4788 5810 5503 5055 5252 5373 4933 5491 5132 5599 5302 5496 5198 5246 4772 5206 5525 5183 4885 4775 5254 5333 4922 5286 5054 5026 5356 5316 5103 5555 5182 5435 5544 5513 4783 5822 5387 5102 5030 4832 5160 5715 5251 5564 5361 5290 5176 5166 5017 4911 5618 5448 5578 5779 5552 5322 5096 5275 5328 5305 5093 5506 4988 5480 5383 4873 5631 5326 5041 5493 5014 5349 5260 5464 5391 5212 5122 5162 5571 5180 5568 5291 5234 4557 5001 5179 5145 5361 5802 5303 5144 5184 4896 5424 5255 5398 5469 4784 5182 5529 5167 5157 5081 4819 5481 4856 5516 4872 5464 5270 5201 5395 5448 5664 5120 5199 5362 5247 5114 5554 5796 4628 4970 5313 5039 4917 5486 5410 5087 4993 5399 4950 5465 5098 5140 5477 5093 5139 5228 5013 5630 5611 5392 5132 5008 5540 5498 5403 5650 5421 5346 5172 5334 5440 5061 5217 5462 5262 5285 5425 5700 5832 4855 5621 5239 5453 5541 5025 5162 5600 4928 5143 4923 5465 5148 5280 5965 5384 5389 4818 5448 5554 5394 5303 5592 5429 5046 5546 5629 4991 5109 5130 5362 5119 5701 5510 5193 5437 5222 5518 5592 5104 5245 5479 5308 4980 5178 5206 5732 5170 5043 5605 4928 5375 4908 5667 5751 4880 5604 5456 5118 5180 5016 5288 5704 5005 4927 5572 5017 5238 4983 5464 5140 5507 5009 5209 5303 5549 5377 5284 5245 5591 5311 5338 5250 5244 5031 4962 5186 5368 5093 5383 4938 5043 
5752 5488 5668 6264 6038 5473 5707 5533 5716 5980 5326 5724 5809 5659 5463 5676 5052 5546 6039 5358 5138 5204 5530 5456 5516 5643 5268 5440 5581 5963 5561 5785 5649 5673 5836 5999 5293 6411 5525 5409 5274 4960 5278 5773 5540 5543 6081 5759 5531 5429 5738 5058 6000 5762 6029 6102 5694 5467 5484 5452 5789 5860 5548 5440 5696 5725 5683 5226 6113 5944 5413 5908 5430 5455 5661 6066 5680 5745 5567 5357 5939 5466 5795 5565 5308 5214 5584 5660 5934 5571 5981 5782 5692 5855 5507 5931 5708 5867 5498 5294 5825 5958 5645 5575 5324 5081 5876 5289 5885 5768 5723 5303 5769 5975 5890 6275 5859 5686 5640 5426 5648 6060 6284 5321 5607 5683 5393 5148 5448 5752 5480 5520 5496 5601 5789 5404 5512 6047 5669 5540 5660 5748 5817 5948 5845 5734 5345 5895 5835 5614 6109 5706 5507 5470 5644 5457 5574 5651 5713 5578 5709 5674 6078 6279 5097 5800 5539 5652 5809 5214 5884 5699 5359 5700 5391 5797 5663 5471 6155 5988 5424 5263 5677 5831 5779 5352 6160 5841 5386 5888 6164 5773 5427 5760 5345 5636 5761 5919 5599 5638 5845 5762 5686 5659 5633 5728 5836 5640 5286 5705 5840 5430 5637 6017 5301 5550 5544 6019 6320 5474 5327 5816 5596 5732 5513 5380 5897 5514 4974 5988 5432 5634 5151 5718 5682 5919 5706 5247 5643 5766 5433 5862 5626 6113 5538 5876 5756 6096 5274 5222 5588 5998 5456 5527 5691 5430 
5436 5530 5613 5815 5820 5308 5469 5687 5605 5910 5567 5791 5547 5733 5148 5230 4793 5274 6045 5335 5260 5257 5102 5214 5316 5687 5324 5536 5792 5972 5267 5874 5730 5683 5871 5878 5122 6025 5498 5240 5191 5174 5634 5709 5701 5373 5788 5602 5420 5437 5538 5254 5572 5771 6004 5899 5787 5526 5468 5439 5739 5764 5639 5514 5427 5916 5606 5462 6100 5720 5222 5895 5552 5499 5203 6064 5704 5308 5749 5510 5366 6049 5659 5451 5389 5061 5366 5737 5580 5106 5774 5575 5541 5732 5083 5836 5821 5702 5386 5156 5595 5738 5416 5524 5432 5143 5706 5201 5549 5220 5589 5581 5534 5899 5912 6241 5688 5298 5733 5362 5590 5785 6248 5395 5547 5633 5172 5069 5813 5644 5160 5292 5538 5526 5454 5592 5419 5849 5617 5411 5572 5470 5554 5705 5744 5452 5267 5684 5511 5412 5844 5864 5108 5327 5423 5434 5387 5505 5491 5617 5512 5618 6004 5982 5027 5517 5602 5634 5717 5419 5586 5767 5356 5752 5435 5940 5505 5322 6123 5731 5179 5271 5687 5914 5442 5230 5784 5796 5459 5747 5780 5824 5603 5424 5500 5651 5812 5903 5384 5614 5895 5595 5817 5451 4980 5831 5710 5239 5077 5386 5707 5515 5314 5623 5042 5458 5517 5988 6193 5299 5407 5795 5292 5733 5468 5347 5883 5248 4862 5550 5328 5508 5158 5606 5745 5767 5589 5226 5592 5820 5814 5257 5719 5803 5647 5431 5498 5750 5257 5404 5716 5855 5559 5464 5650 5416 
5046 5277 5177 5795 5607 5084 5223 5095 5224 5347 5153 5311 5559 5454 4937 5171 4799 5113 5596 5056 5022 4930 5173 5427 5151 5366 4840 5121 5361 5429 4997 5415 5332 5354 5552 5457 5004 5954 5260 5345 4726 4735 4915 5681 5261 5537 5248 5149 5439 5134 5045 4840 5422 5498 5386 5741 5500 5215 5275 4965 5563 5153 5116 5239 4989 5467 5432 5235 5835 5454 4810 5255 4965 5277 5086 5341 5193 5222 4921 5153 5407 5253 5703 4855 4898 4904 5188 5351 5348 5222 5714 5355 5008 5234 4920 5568 5316 5560 5277 4882 5192 5778 5176 5153 5080 4906 5155 5085 5453 5327 5271 4884 5334 5468 5505 5888 5594 5275 5082 5384 5218 5526 5890 4985 4956 5029 5018 5033 5099 5456 5021 5114 5178 4977 5328 5260 5004 5289 5167 5089 5282 5253 5303 5276 5300 5237 5252 5389 5301 5330 5274 5468 4832 5206 5347 5317 5217 5367 5326 5212 5193 5513 5649 5941 4811 5406 5275 5096 5191 5235 5267 5121 5050 5217 5133 5406 5220 5296 5780 5279 5399 4941 5353 5677 5455 4840 5749 5653 5008 5623 5385 5176 5155 5373 5111 5123 5651 5785 5554 5348 5393 5468 5467 5091 4925 5614 5299 5226 5056 4922 5397 5142 4930 5647 4883 5417 4958 5585 5607 4997 5390 5483 4888 5428 4986 5215 5493 4915 4648 5315 5074 5348 4616 5479 5413 5452 5056 4842 5304 5550 5258 5299 5130 5797 5306 5114 5182 5395 5211 5142 5120 5460 5274 5227 5274 4939 
5435 5396 5460 5825 5975 5520 5661 5360 5498 5702 5182 5993 5540 5757 5310 5419 5197 5305 5713 5462 5066 5030 5401 5570 5580 5331 5296 5279 5589 5616 5410 5682 5496 5889 5741 5679 5250 6079 5793 5424 5175 5216 5236 6038 5463 5530 5612 5441 5250 5546 5609 5105 5858 5842 5623 5872 5824 5470 5376 5352 5643 5470 5354 5589 5198 5788 5376 5157 6080 5455 5529 5825 5342 5286 5553 5714 5666 5406 5404 5309 5534 5542 5857 5508 5270 5249 5305 5580 5591 5506 5615 5525 5479 5551 5341 6036 5453 5600 5593 5284 5279 5727 5472 5260 5270 5110 5440 5052 5605 5303 5471 5422 5497 6067 5858 6086 5777 5336 5272 5210 5815 5497 6148 5226 5158 5561 5464 5140 5445 5803 5327 5187 5561 5377 5460 5286 5450 6111 5334 5428 5531 5365 5749 5786 5520 5528 5684 5624 5452 5581 5566 5790 5264 5532 5320 5771 5459 5581 5994 5624 5781 5551 6108 5838 5065 5803 5567 5350 5716 5122 5658 5435 5279 5361 5276 5823 5595 5305 6067 5778 5484 4856 5580 5944 5544 5210 6044 5677 5511 5765 5864 5541 5391 5443 5595 5569 5829 5850 5391 5667 5689 5985 5878 5208 5047 5538 5349 5267 5257 5523 5884 5452 5186 5690 5274 5600 4974 5983 6006 5188 5395 5841 5492 5612 5449 5443 5866 5459 5025 6077 5294 5579 5035 5622 5558 5660 5400 5086 5469 5914 5483 5747 5257 6057 5494 5608 5317 5939 5467 5233 5426 5589 5383 5472 5466 5504 
4901 4853 5095 5503 5526 5050 5445 5024 5287 5611 4845 5688 5274 5306 4913 4775 4764 5110 5253 4900 4800 4756 4956 5244 5102 5040 4901 4986 5345 5398 4907 5471 5364 5340 5425 5618 4942 5661 5283 4888 4972 4669 4839 5410 5147 5053 5194 5073 5194 5072 5106 4846 5541 5380 5487 5788 5539 5202 5144 5153 5272 5147 5238 5210 4815 5431 4891 4854 5592 5183 4790 5183 5207 5086 5247 5473 5198 5175 4818 5080 5392 5198 5701 5208 4869 4810 5025 5153 5017 4867 5846 5135 5079 5243 4955 5365 5565 5357 5015 4913 5108 5296 5349 4880 5039 4918 5558 4885 5204 5098 5355 5060 5388 5074 5561 5876 5720 5176 5322 4880 5341 5216 5700 5223 4925 5071 5008 4755 5345 5226 5069 5210 5194 4959 5161 5199 5126 5389 5181 4838 5177 5004 5210 5395 5215 4789 4959 5320 5154 5287 5253 5367 5362 5072 4977 5034 5076 4908 5230 5356 5154 5190 5575 5653 5090 5394 5199 5048 5220 4983 5467 5394 5110 5110 5129 5437 5036 4951 5725 5232 5148 4931 5315 5462 5091 4872 5502 5526 5074 5156 5043 5143 5140 5085 5109 5224 5540 5399 4892 5290 5281 5240 5218 5095 5040 5113 5369 5039 4883 5300 5275 4799 5068 5268 4915 5334 5070 5394 5614 5019 5056 5467 5306 5355 4779 5017 5837 4917 4628 5405 5014 5044 4856 5431 5067 5259 5266 4860 5201 5389 5137 5194 5196 5493 5304 5091 5214 5268 5128 5222 5226 5469 5387 5224 5204 5141 
5333 5188 5257 5631 5807 5182 5375 5479 5364 5630 5256 5851 5539 5607 5392 5197 4819 5058 5642 5428 4947 5242 5038 5170 5224 5553 4988 5392 5630 5608 5120 5419 5495 5496 5540 5635 4884 5971 5365 5058 4808 4927 5317 5722 5079 5373 5241 5482 5417 5362 5454 5131 5819 5704 5470 5815 5597 5373 5426 5474 5852 5381 5385 5326 5223 5688 5096 5061 5841 5370 4911 5547 5413 5253 5249 5597 5849 5254 5231 5374 5401 5456 5662 5243 5045 5048 5167 5031 5540 5676 5853 5545 5164 5540 5251 5963 5554 5604 5188 5153 5453 5685 5323 5279 5053 4994 5620 5112 5439 5043 5290 5106 5757 5544 5710 5969 5259 5098 5461 5359 5480 5471 6137 5249 5371 5356 5021 5025 5580 5354 5383 5283 5704 5148 5515 5328 5371 5679 5235 5189 5664 5415 5828 5629 5638 5373 5152 5710 5359 5323 5607 5694 5099 5172 5482 5613 5219 5234 5490 5291 5549 5569 5751 5940 5168 5473 5520 5424 5806 5348 5690 5665 5367 5461 5677 5989 5240 5240 5944 5561 5445 5222 5293 5409 5402 5254 5838 5482 5283 5710 5880 5380 5404 5146 5566 5317 5653 5465 5253 5587 5654 5636 5577 5063 5237 5593 5456 5142 5102 5449 5482 5328 5268 5681 5036 5772 5029 5574 5938 5148 5487 5638 5334 5362 5326 5312 5564 5099 4668 5386 5143 5373 4967 5559 5422 5490 5521 5162 5213 5435 5372 5489 5166 5771 5179 5601 5368 5359 5005 5244 5410 5635 5447 5392 5250 5096 
4797 4924 4754 5353 5303 5122 4886 4928 5216 5277 4852 5230 5314 5151 4600 4955 4646 4815 5271 4986 4347 4574 4831 4899 4850 4976 4615 4913 4976 5313 4833 5017 4956 5263 5274 5418 4613 5620 5255 4722 4559 4609 4631 5257 4898 4848 5175 5140 5113 4729 4762 4651 5389 5059 5108 5392 5140 5002 4903 4636 5279 4903 5214 4902 4686 5165 4740 4716 5532 5186 4488 5071 4773 4803 4936 5381 5140 5213 4982 4774 5184 5005 5287 4809 4710 4503 4808 4974 5239 4935 5189 5246 4942 4876 4781 5384 5278 5174 5144 4499 4912 5333 4671 5123 4872 4430 5223 4562 4989 4894 5055 4713 4923 5133 5285 5681 5240 4994 4951 4792 5108 5140 5690 4633 4982 4954 4962 4618 5016 5174 4899 4689 4899 4886 4931 4824 4834 5240 5088 4830 4920 5019 5311 5297 5155 5124 4745 5382 4939 5052 5146 4895 4780 5051 4847 4769 4967 4828 5161 5019 4879 4862 5114 5434 4561 5247 5198 5001 5207 4733 5166 4965 4745 4809 4840 5310 5105 4753 5372 5191 5066 4576 4980 5238 5240 4600 5812 5174 5088 5403 5114 5050 5145 4996 5137 4920 5363 5062 4892 5157 5162 5251 5320 4787 4770 4964 5155 4873 4725 4855 4913 5035 4800 5027 4677 5055 4701 5298 5543 5055 4888 5235 5062 5147 4900 5041 5333 4880 4466 5218 4702 4824 4527 5137 4736 5355 4956 4735 5083 5073 4918 4915 4981 5212 4977 5034 4968 5220 4650 4462 4979 5201 4754 4976 5146 4549 
5057 5051 5000 5469 5528 4962 5082 5072 4866 5304 4996 5545 5084 5203 5182 4770 4475 5016 5479 4974 4348 4821 4876 5139 5190 5200 4774 4735 5117 5241 4792 5022 5061 5124 5465 5197 4748 5650 5228 4845 4776 4768 4931 5230 4981 5064 5178 5158 4981 5109 5199 4869 5301 5329 4968 5659 5479 5151 5049 4923 5340 5276 5081 5194 4883 5396 5070 4839 5762 5329 4871 5573 4863 5067 5034 5281 5238 5162 4982 4769 5278 5139 5476 5039 4880 4802 4888 5042 5056 5093 5175 5095 5139 5040 4752 5367 5207 5230 5159 4731 5249 5492 4973 4740 4944 4442 5326 4840 5113 5075 5216 4961 5147 5573 5282 5613 5349 5366 4961 4916 5141 5183 5744 5040 4684 4942 4868 5028 5174 5150 4780 4898 5318 4677 5101 4888 4974 5449 5048 5237 5307 4985 5173 5450 5245 4994 5124 5285 5050 5307 5300 5299 4816 4757 4965 5207 4880 5104 5421 5246 5468 5111 5614 5472 4684 5261 5028 4945 5482 4731 5122 5216 4972 5253 5087 5654 4983 5201 5592 5447 4933 4872 5111 5261 5302 4811 5618 5311 4984 5324 5306 5073 4961 5250 5188 5074 5304 5337 4973 5367 5178 5306 5634 4835 4858 5420 5151 4972 4863 4937 5225 4982 5151 5245 4615 5304 4789 5559 5567 5058 5164 5459 4761 5135 4929 5056 5303 5131 4500 5347 4929 5052 4574 5513 5121 5791 5110 4822 5082 5506 4997 4911 5131 5400 5010 5231 5142 5449 4955 5147 5097 5447 5129 5203 5125 4953 
5869 5671 5620 6112 6048 5632 5766 5428 6021 5725 5563 5923 5879 5811 5504 5939 4965 5421 5926 5378 5252 5403 5781 5585 5401 5492 5364 5609 5860 6007 5528 5918 5974 5975 6173 6210 5423 6403 5953 5705 5468 5343 5491 6064 5784 5647 5933 5555 5798 5605 5592 5486 5987 6073 6032 6107 5944 5818 5521 5645 5901 5717 5640 5682 5809 5890 5626 5481 6219 5956 5224 5932 5712 5833 5730 5912 5612 5917 5695 5299 5819 5807 6209 5804 5575 5054 5729 5956 5665 5711 6210 5875 5607 5712 5365 5998 5887 6062 5697 5198 5642 5751 5667 5757 5538 5301 5875 5490 6033 5696 5731 5665 5764 5890 6155 6412 6024 5857 5977 5612 6096 5956 6427 5416 5551 5735 5458 5458 5650 5859 5309 5540 5878 5281 5761 5684 5811 5960 5663 5424 5656 5614 5743 5894 6002 5593 5319 5779 5909 5573 5908 5944 5718 5423 5865 5909 5562 5701 5637 5720 5945 5859 6132 6244 5464 5910 5874 5739 5844 5432 5559 5791 5442 5887 5556 5893 5614 5646 6460 5954 5647 5378 5807 5959 5766 5620 6217 6040 5358 5874 5880 5862 5951 6010 5961 5565 6200 5966 5707 5927 5998 5877 5920 5480 5610 6095 5907 5359 5613 5621 5816 5735 5376 6131 5389 5621 5596 6237 6455 5225 5640 5896 5670 5554 5859 5630 6223 5479 5196 5981 5353 5688 5442 5852 5784 5757 5953 5388 5754 6001 5526 5907 5940 6184 5461 5849 5895 5830 5604 5474 5498 6047 5600 5903 5897 5689 
5044 4975 4761 5424 5388 5025 4926 5046 5278 5384 5089 5287 5262 5291 4858 4818 4867 4981 5355 5010 4736 4876 4846 4891 5036 4995 4840 4823 5273 5387 5185 5118 5309 5327 5342 5516 4995 5971 5100 5227 4955 4954 4911 5469 5103 5393 5089 4934 5019 4924 5143 4668 5327 5393 5369 5623 5544 5357 5077 4833 5029 5129 4837 5119 5102 5300 5110 4773 5524 5360 4927 5343 5023 4830 5090 5390 5017 4892 5036 4834 5175 5321 5388 5023 4893 4721 4949 5055 5167 5163 5487 5150 5045 5124 4913 5522 5511 5502 5103 4896 4779 5316 5059 4894 4755 4794 4992 4674 5124 5151 5216 4914 5153 5503 5301 5644 5152 4718 5058 4916 5167 5123 5482 5019 5075 5379 4900 4795 5060 5263 5260 4994 5343 4785 5346 4867 5326 5496 4841 4990 5201 5073 5285 5341 5484 5148 4759 5414 5264 5085 5106 5258 5186 4898 5172 5020 5106 4960 5353 5183 5180 5212 5617 5552 4640 5514 5191 4929 5343 4929 5303 5284 5199 5134 5307 5350 4998 4688 5746 4909 5177 4855 5047 5292 4918 5014 5480 5440 4975 5383 5459 5004 5131 4916 5177 5072 5548 5254 5037 5259 5537 5711 5182 4799 4782 5364 5168 4878 4971 5244 5528 4808 5048 5486 4722 5112 4779 5397 5621 4641 5023 5322 5196 5082 5114 5002 5445 5118 4595 5133 4969 5127 4725 5383 5040 5201 4928 4911 4913 5581 5107 5245 4925 5661 5077 5178 5074 5294 4960 4695 5304 5298 5137 4823 4846 5016 
5040 4810 5083 5560 5398 5016 5119 5210 5172 5690 5169 5280 5067 5144 4939 5026 4623 5102 5495 5134 4818 4842 4909 5003 5116 5320 4829 5085 5110 5352 4896 5394 5171 5443 5465 5185 4893 5794 5150 5137 4909 4841 4945 5411 5163 5208 5388 5128 5134 5126 5255 4723 5348 5273 5383 5894 5396 5430 5025 5104 5485 5244 4985 5164 4973 5461 5039 4898 5469 5171 4841 5376 4932 5165 5211 5393 5398 5026 5174 4807 5558 5365 5549 5148 5233 4847 4983 5152 5231 5127 5484 5130 5059 5421 4742 5530 5363 5151 5093 4562 5151 5414 5160 5144 4813 4601 5171 4617 5251 5270 5036 4962 5325 5319 5323 5773 5614 5376 5335 5059 5420 5506 5957 4918 4766 5164 4953 4801 5150 5515 5143 4918 5066 5217 5233 5057 4703 5291 5026 5119 5100 4802 5428 5520 5457 5328 5105 5260 5088 5340 5255 5306 4881 4954 5014 4919 5141 5241 5477 5392 5273 5147 5677 5557 4726 5435 5113 4857 5561 4827 5239 5293 5046 5384 4906 5833 4993 4995 5563 5341 5305 5018 5183 5389 5176 4713 5389 5218 5113 5421 5282 5131 4985 5171 4993 4965 5541 5310 5004 5395 5271 5438 5459 4778 4660 5254 4998 4959 4951 5128 5170 5101 5039 5469 4747 5064 4879 5673 5646 4961 5215 5317 5003 4950 4891 5011 5605 5348 4760 5526 4915 5071 4654 5291 5196 5529 5160 4998 5035 5436 5238 4994 5218 5531 5306 5310 5283 5389 4864 4991 5259 5041 5041 5120 5213 5055 
5127 5200 5149 5590 5699 5177 5118 5227 5378 5554 5130 5634 5472 5501 5061 5174 4726 5213 5490 5257 4823 5054 5151 5150 5137 5363 5071 5093 5157 5554 5045 5535 5316 5271 5367 5383 4966 6001 5344 4992 4849 4832 5139 5442 5142 5241 5216 5498 5404 5315 5172 4755 5423 5452 5485 5642 5644 5288 5207 5064 5328 5130 5338 5368 5571 5604 5193 5031 5413 5225 4746 5448 5042 5089 5660 5767 5495 5357 5186 5156 5292 5462 5697 5491 5117 4842 5196 5433 5479 5196 5556 5545 5105 5223 4891 5614 5336 5687 5020 4873 5284 5660 5078 5039 5236 4801 5481 4836 5303 5226 5105 5040 5272 5420 5527 5839 5210 4963 5165 4953 5345 5436 5901 5013 5279 5137 5216 4965 5288 5403 5020 5117 5489 5251 5540 5303 5202 5844 5196 5017 5151 5363 5482 5453 5302 5327 5303 5476 5455 5287 5316 5467 5223 5282 5157 5331 5114 5240 5518 5203 5542 5176 5447 5747 4874 5293 5406 5327 5481 4772 5395 5366 4977 5171 4861 5630 5222 5202 5711 5370 5136 5050 5547 5442 5209 4816 5571 5422 5012 5564 5355 5361 5311 5437 5447 5164 5544 5769 5229 5358 5667 5513 5354 4980 5114 5405 5271 5117 4834 5178 5495 5356 4928 5403 4910 5397 5067 5601 5971 5159 5227 5638 5252 5176 5244 5317 5684 5108 4642 5524 4846 5242 4861 5380 5275 5798 5240 4837 5159 5635 5162 5025 5271 5715 5233 5427 5344 5450 5031 4922 4966 5529 5097 5075 5346 4995 
4708 4693 4700 5439 5226 4539 4826 4945 4649 5183 4642 5105 5035 4845 4746 4703 4537 4733 5172 4734 4428 4544 4477 4913 4730 4878 4612 4633 4852 5064 4760 4842 4848 5036 5260 5175 4681 5282 5092 4665 4682 4671 4579 4955 4730 5176 4632 4725 4574 4927 5053 4698 5120 5089 5336 5245 5274 4808 5085 5027 5091 4693 4465 4656 4802 4996 4842 4652 5697 5015 4753 4778 4780 4925 4726 5048 5031 4767 4890 4780 5044 4724 5327 4632 4760 4443 4932 4785 4763 4869 5392 4946 5005 4872 4543 5107 5010 5077 4939 4469 4840 5195 4932 4661 4489 4458 5052 4604 5297 5039 4727 4755 4824 5147 5084 5485 4994 4908 4951 4754 4994 5178 5562 4737 4589 5191 4797 4662 4792 5118 4846 4524 4789 4749 4940 4953 4796 5062 4856 4879 5232 4640 5094 5103 4857 4830 4628 4945 4884 4920 5253 4971 4657 4791 4668 4883 4646 4978 5003 5021 4985 4963 5353 5122 4320 4987 4981 4715 5083 4406 4920 5058 4871 4870 4805 5255 4674 4959 5534 4904 4758 4889 4936 5327 4698 4542 5170 5291 4838 5265 5150 4834 4862 4741 4946 4882 5392 5130 4793 5099 5021 5064 4985 4538 4827 5012 4851 4486 4639 4927 5027 4894 4707 5055 4611 5015 4832 5134 5400 4573 4849 4948 4796 4612 4506 4654 5111 4943 4420 5003 4935 4689 4419 5027 5015 4993 4840 4743 5100 4932 4896 4768 4902 5174 5035 4832 4762 4975 4701 4928 4959 5007 4775 4705 4900 5003 
5350 5673 5452 6086 5982 5378 5551 5495 5489 5919 5316 5876 5833 5880 5384 5596 5160 5245 6090 5602 5344 5178 5522 5535 5655 5704 5272 5501 5739 5927 5653 5830 5779 5921 5827 5746 5397 6223 5678 5493 5410 5443 5290 5850 5586 5915 5711 5671 5521 5761 5502 5244 6026 5962 6098 5879 5749 5530 5759 5286 5855 5522 5561 5380 5614 6321 5623 5429 6530 5754 5277 5933 5589 5664 5493 5847 5729 5755 5318 5420 5767 5451 6241 5405 5509 5225 5409 5700 5814 5725 5930 5650 5582 5761 5591 5970 5807 5933 5646 5334 5628 5822 5492 5509 5547 4906 5760 5094 5691 5702 5531 5482 5785 5986 5732 6221 5996 5691 5674 5562 5576 5814 6274 5438 5375 5604 5361 5422 5633 5733 5376 5618 5865 5384 5717 5633 5351 5817 5551 5650 5824 5366 6126 5898 5992 5627 5686 5939 5387 5883 5798 5943 5223 5532 5530 5628 5387 5709 5836 5846 5903 5505 6205 6209 5247 5884 5766 5443 5598 5263 5886 5888 5298 5741 5786 6255 5318 5543 6418 5729 5709 5655 5862 6039 5827 5416 6030 5928 5435 6103 5983 5797 5646 5544 5623 5575 6298 6009 5797 5978 6116 6005 5902 5075 5420 5932 5732 5512 5484 5597 5763 5474 5501 5962 5174 5893 5451 5928 6376 5504 5518 5872 5613 5619 5494 5375 5980 5352 5292 5798 5385 5478 5185 5861 5713 6077 5779 5346 5773 5870 5425 5772 5734 6021 5688 5788 5509 5875 5393 5534 5681 5852 5555 5588 5741 5628 
4844 4728 4902 5169 5460 5153 4931 4852 5049 5346 4787 5431 4990 5131 4819 4824 4602 4801 5190 4882 4499 4574 4876 4975 4843 5173 4761 4733 5370 5424 4972 5245 5208 5344 5307 5416 4821 5635 4874 4694 4810 4701 4913 5247 5009 4870 5007 5114 4965 4860 5015 4778 5334 5065 4938 5589 5087 5118 5111 4935 5018 5046 5300 4765 5086 5127 4938 4711 5415 5285 4632 5315 5001 4890 4803 5372 4885 5197 4911 4895 5016 5146 5565 5204 4822 4355 4589 4848 4953 4815 5348 4682 4918 5121 4689 5432 5345 5126 4757 4542 5087 5273 4590 5127 5032 4433 5186 4512 5126 4941 4815 4845 5129 5071 5090 5443 5384 5071 4852 5041 5147 5428 5336 4914 4855 5217 4964 4485 5420 5062 4957 4671 5081 4676 5110 4899 5062 5175 5006 4667 4996 4994 5182 5162 5328 4776 4956 5386 4804 5275 5168 5071 4741 4881 4841 5078 4856 5057 5152 5017 5346 4913 5558 5419 4734 5089 5137 5107 5349 4618 5182 5052 4957 4940 5000 5476 4999 4912 5533 5286 4979 4849 5081 5297 4804 4808 5410 5561 5078 5334 5115 4890 4858 5089 5143 4954 5463 5185 4864 4976 5072 5341 5129 5009 4919 5026 5114 4892 4909 5093 5199 4679 4965 5051 4709 4894 4765 5125 5718 4784 5206 5221 4999 5121 5131 5045 5602 4904 4584 5383 5150 4876 4813 5171 4761 5250 5247 4722 5178 5248 4865 4835 4996 5616 5043 4897 5181 5497 4698 4841 5032 5325 5163 5182 5050 4778 
5001 4669 4947 5315 5200 4935 5022 5031 5092 5220 4956 5268 5180 5288 4813 4910 4490 4735 5429 4706 4609 4855 4954 5071 4810 5093 4551 4855 4975 5185 5011 5143 5095 5080 5108 5255 4668 5429 5037 4740 4621 4676 4867 5362 4775 5177 4990 4888 5151 4955 4936 4808 5196 5181 5054 5402 5105 5002 4831 4843 5306 5002 4947 4906 4853 5369 5024 4675 5554 5067 4466 5190 5022 4900 4630 4973 5037 4927 4735 4697 5097 4998 5367 4971 4590 4676 4779 5034 4971 5103 5200 5018 4905 5060 4705 5587 5000 4871 4757 4542 4950 5181 4989 4745 4996 4567 5203 4515 5085 5083 5133 4781 5358 5052 5084 5342 4977 5095 5093 4808 4819 5070 5535 4653 4711 5001 4773 4655 5236 4913 4675 4904 5114 4720 5235 4894 4862 5280 5107 4841 4881 4744 5337 4985 5166 4787 4772 5055 4874 4892 4934 5260 4918 4764 5023 5012 4724 4845 5076 4974 5145 4999 5670 5276 4524 5034 5135 4930 5166 4719 5238 4873 4856 4998 4885 5379 4848 4845 5559 5025 4989 4751 5077 5269 5053 4855 5410 5088 4941 5530 5157 4846 4972 5028 5105 4777 5365 5184 4702 5029 5185 5346 5069 4686 5089 5000 5021 4986 4674 5009 5105 4844 4892 5381 4762 5026 4700 5278 5728 4780 4821 5226 4998 4961 4936 4968 5347 4842 4456 5028 4740 4833 4388 5254 5039 5228 4753 5051 5055 5113 4891 5112 4799 5313 4882 4980 4857 5140 4723 4794 4774 5160 4895 4989 4739 4818 
4750 4859 4933 5408 5377 4789 5112 4531 5006 5335 4749 5338 5145 5195 4655 5156 4285 4923 5200 4945 4759 4622 5058 4958 4523 4988 4698 5046 5388 5094 4755 5182 5262 5401 4999 5403 4414 5559 4995 4788 4634 4532 4742 5251 5130 4789 5204 5008 4915 5003 4921 4655 5357 5328 5276 5410 5181 4644 4834 4584 5088 4903 4946 4942 5116 5322 4695 4805 5403 5098 4572 4968 4725 4730 4826 5160 4974 4977 5045 4709 5066 5114 4955 4876 5010 4606 4907 5203 4960 4959 5459 4954 5113 4843 4770 5471 5155 5274 4939 4787 4867 5244 4827 4778 4903 4630 4892 4833 4910 4848 4879 4837 5283 5230 5023 5438 5056 4809 5231 4857 4988 5280 5690 4819 4827 5099 4784 4573 5234 5107 4850 4924 5228 4822 4883 5009 5149 5316 4684 4908 4908 4838 5148 5239 5311 5099 4948 5243 5014 5038 5137 5130 4766 4593 5091 4975 5116 5114 4950 4833 5016 4958 5342 5287 4754 5153 5105 5087 5213 4860 4918 5077 4669 4986 5021 5337 4934 4671 5450 5022 4939 4694 5038 5201 5049 4846 4988 5122 4778 5328 5416 4989 5003 5118 5154 4892 5350 5356 4978 5096 5262 5160 5063 4889 4597 5212 5001 5023 4782 4971 5326 4908 4672 5228 4689 5414 4593 5144 5449 4707 5097 5463 4958 4959 5021 4957 5353 4848 4792 5268 4557 5200 4593 4901 5176 5196 4834 4860 4882 5225 4700 4892 4899 5206 5257 5210 4971 4854 5033 4641 4967 5079 4841 5028 4883 4807 
4947 4801 4992 5541 5137 5050 5027 5222 5076 5238 4937 5256 5193 5040 4782 4860 4529 4735 5244 5126 4497 4820 4810 4790 5178 4961 4386 4675 5099 5372 4939 5162 5070 5089 5242 5269 4657 5708 5063 4944 4537 4466 4766 5606 4909 4894 5161 4960 5096 4980 4901 4896 5372 5263 5155 5476 5273 5205 4914 4963 5410 5237 4967 4706 4852 5394 5040 4690 5508 4954 4791 5109 4950 4893 5111 5041 4852 5170 4989 4957 5148 5058 5367 5052 4810 4885 4776 5019 5111 4858 5381 5007 4950 5210 4845 5289 4922 5314 4936 4638 5090 5575 5228 4964 5080 4517 5369 4692 5061 5007 4613 4716 5343 5348 5201 5772 5286 5033 5073 4866 5374 5436 5682 4933 4853 5039 4775 4439 4876 5280 5072 4990 5129 4851 5104 5024 5108 5736 5029 4933 5007 4998 4960 5109 5108 5064 4988 5247 4949 5282 5359 5331 4960 4991 4813 5028 5062 5225 5069 4997 5122 5068 5235 5365 4818 5383 5341 5163 5230 4947 5225 5020 4942 5070 4916 5386 4952 5097 5522 5007 5038 4772 4867 5395 5168 4766 5356 5324 4934 5145 5063 5107 5156 5368 4848 5041 5379 5235 4976 5264 5364 5410 5223 5072 4617 4904 4891 4912 4954 5139 5104 4874 4752 5242 4483 5346 4857 5318 5409 5047 5063 5226 4961 5085 4856 5010 5479 4978 4446 5371 5052 5363 4464 4972 5056 5141 5234 4513 4943 5357 5005 5116 5063 5750 5034 5057 5131 4985 5099 4984 4692 5176 4966 5022 5084 4802 
5133 5179 5049 5444 5661 5112 4931 5101 4987 5414 4954 5298 5433 5456 5079 5144 4556 5272 5568 4999 4837 4805 4870 4890 5095 5009 5011 5086 5308 5464 5080 5077 5254 5083 5521 5593 4885 5766 5105 4987 4829 4673 4963 5256 5281 5303 5241 5039 5140 5035 5020 4854 5562 5178 5372 5311 5487 5305 4881 4691 5184 5473 5126 5244 5207 5265 5091 4973 5430 5421 4930 5687 4981 5148 4963 5414 5104 5076 4976 5031 5263 5266 5455 5135 5015 4468 4938 5103 5289 5065 5627 5354 5067 5039 4887 5417 5584 5287 5178 5009 5354 5385 5074 4933 4882 4758 5358 4531 5200 4852 5134 4968 5212 5321 5199 5645 4976 5000 5177 5116 5104 5536 5815 4908 5231 4988 5033 4905 5293 5630 5098 4824 5258 4862 5430 4879 4981 5554 5133 5026 5145 5132 5313 5458 5475 5248 4889 5231 5323 5191 5397 5164 4973 4828 5418 4898 4952 5011 5381 5016 5238 5337 5451 5541 4694 5193 5127 4905 5199 4983 5496 5230 5056 5135 5122 5464 4975 4857 5700 5221 5128 4772 5226 5476 5236 5176 5417 5328 4870 5209 5349 5079 4929 5087 5201 4992 5545 5426 5120 5322 5475 5273 5012 4864 4915 5431 5148 5025 5138 4866 5537 4847 4971 5483 4692 5396 4804 5426 5669 5072 5375 5371 5147 5246 5057 5082 5483 5024 4828 5194 4874 5216 4709 5416 5032 5309 4969 4623 4980 5208 5148 5249 4822 5543 5204 5245 5275 5362 5085 5041 5192 5420 5048 4912 4774 4730 
4783 4734 4738 5456 5109 4823 5122 5076 4986 5151 4922 5265 5088 5076 4805 5076 4482 4554 5344 4956 4632 4637 4913 4860 4656 5009 4519 4995 5171 5325 5159 5132 5250 5322 5338 5169 4584 5867 5140 4623 4595 4559 4706 5039 5225 4741 5092 4690 4936 4973 5118 4861 5357 5413 5201 5544 5309 5023 4967 5143 5286 4992 4831 4992 5026 5388 5173 4636 5593 4956 4885 5190 5010 4921 4875 5289 5164 4731 4773 4553 5178 4885 5397 4953 4877 4646 5081 4984 4982 5047 5556 5153 5083 4965 4742 5395 5155 5222 4868 4904 5022 5392 4774 4791 4635 4648 5186 4695 5110 5050 5062 4841 5127 5284 5109 5478 5359 5019 5223 5081 5002 5289 5734 4836 5053 5282 4918 4734 5093 5337 4785 4991 5224 4832 5096 5163 4827 5207 5191 4907 4924 5039 5192 5118 4987 4969 4745 5162 4929 5171 5244 5197 4944 5070 5045 5093 4574 4873 5139 5158 5104 5112 5559 5486 4700 5337 5223 4905 5265 4848 4785 5053 4852 5049 4989 5163 5003 4865 5681 5046 5071 4750 5049 5206 5054 4638 5123 5280 4867 5361 5465 5187 5159 5182 4840 4785 5652 5399 5185 5249 5039 5133 5050 4817 4983 5287 5047 4675 4832 5237 5047 4969 5104 5282 4624 5243 4890 5402 5335 4888 5007 5233 5058 4959 5014 4970 5454 4811 4705 5302 5070 4887 4475 5426 5045 5240 5091 4677 4920 5113 4988 5005 4925 5308 4987 4913 5017 5230 4740 4795 4877 5065 4932 5011 5091 5076 
5034 4838 4709 5481 5616 4799 4715 4967 5066 5257 4919 5172 5163 5016 4858 5031 4574 4851 5334 5053 4346 4536 4892 5150 4944 4909 4692 4999 5046 5363 5013 5102 5174 5356 5534 5495 4864 5886 5306 5013 4714 4702 4697 5122 4873 4976 5145 5096 4818 4959 4963 4685 4933 5176 5326 5610 4982 5195 4977 5042 5146 5125 4973 4969 4983 5153 5094 4635 5682 5298 4616 5108 4921 4596 5261 5287 5277 5041 4803 4821 5201 5149 5294 4674 5011 4450 4814 5187 5200 4824 5500 5029 4957 5082 4859 5181 4993 5155 5041 4887 4939 5084 4966 4737 4966 4683 5328 4781 5390 5010 5197 4970 5124 5001 5491 5533 5203 4950 5123 4774 5155 5381 5545 4761 4855 4871 4804 4966 4973 5175 4900 5032 5040 4851 4829 4968 4838 4944 5018 4799 5120 4999 5530 5412 5007 4976 4860 5208 5189 5071 5005 5372 5083 4905 4955 4988 4795 5151 5273 5194 5188 5004 5426 5400 4711 5189 5344 4939 5226 4587 4969 5082 4910 5132 4754 5370 4935 5184 5516 5303 5014 4712 5133 5197 5342 4580 5653 5473 4829 5337 5309 4984 5034 5018 5164 5010 5455 5416 5097 5314 5385 5386 5230 4831 4882 5307 5357 4716 4627 4849 5187 4788 4971 5185 4573 4981 4855 5444 5586 4680 5106 5199 4803 4960 5128 5082 5460 4930 4404 5397 4858 4955 4836 5182 5101 5341 5100 4712 4928 5174 4959 5229 4907 5354 5019 5095 5059 5053 4729 4654 5030 5329 4966 4858 4782 4895 
4876 4737 4503 5323 5200 5024 4847 4870 4738 5013 4758 5023 4851 4981 4730 4911 4687 4721 5386 4828 4617 4393 4703 4741 4871 4893 4419 4784 5102 4837 4870 4916 5102 5002 4877 5073 4350 5156 4743 5092 4403 4482 4739 4904 4698 4694 5020 4760 4860 4653 4796 4664 5225 5140 4907 5104 5303 4690 4944 4784 5112 4693 4788 4869 4794 5240 4982 4675 5396 4956 4680 5214 4932 4991 4712 4955 4843 5018 4976 4514 5069 4929 5176 4657 4918 4562 4691 4822 4754 4814 5147 4788 5028 4985 4718 5323 4969 4922 4779 4820 4679 5029 4902 4618 4870 4448 4922 4675 5050 5020 4806 4829 5227 5033 4964 5258 5297 4910 4741 4630 4860 5095 5397 4646 4811 4985 4739 4486 5048 5064 4777 4739 4891 4710 5010 4654 4810 5351 4707 4791 4897 4937 4983 4992 5186 4667 4535 4891 4770 4958 5080 4852 4805 4762 4611 4791 4594 4843 5051 4948 5029 4770 5231 5307 4420 5054 4771 4901 5175 4384 4821 4774 4663 5084 4844 5313 4775 4647 5436 4889 4830 4762 4975 5151 4785 4753 5304 4672 4935 5202 5030 4777 4826 4993 4917 4647 5347 4987 4944 4868 5106 5118 4723 4627 4703 4881 4734 4764 4631 5000 4808 4740 4541 5167 4680 4964 4580 5105 5558 4714 4715 5152 4817 4993 4691 4510 4912 4686 4574 5241 4690 4482 4388 4993 4676 4825 5034 4720 5000 5005 4762 4728 4922 5335 4864 4744 4543 4836 4498 4636 4830 4997 4844 4700 4676 4839 
4845 4960 4963 5296 5206 4949 5135 4964 4879 5259 4796 5286 5345 5115 4973 4966 4494 5012 5378 5051 4669 4740 4951 5026 5200 4825 4600 5090 5049 5059 4895 5075 4960 4923 5317 5099 4798 5627 5134 4958 4598 4613 4647 5402 4917 5270 5039 5036 5188 5079 4975 4650 5104 5387 5434 5388 5379 4829 5076 4920 5293 5166 5016 5285 4978 5285 4835 4936 5456 5320 4850 5362 4869 5093 5038 5321 4977 5015 4839 5080 5183 5029 5280 4864 4690 4912 4825 4980 4922 4972 5178 4962 4896 5009 4800 5447 5095 5175 4973 4695 4910 4986 5122 4955 4929 4716 5230 4638 5130 4985 5219 4875 5131 4998 4983 5568 5164 5047 5074 5007 5158 5117 5747 4836 4654 5141 4990 4747 4976 5005 4917 4812 5143 5037 5269 4935 5150 5257 4889 4856 5063 4780 5330 5264 5153 4952 4962 5148 4901 5303 5065 5089 4859 4817 5069 5147 5012 4875 5111 4991 5229 5284 5432 5780 4625 5467 5051 4674 5430 4876 5533 4980 4729 4923 4941 5416 4998 4878 5513 5186 5080 4920 5237 5124 5010 4837 5423 5079 4931 5539 5318 5138 4765 4917 5034 4554 5301 5216 4908 5405 5133 5293 5405 4913 4921 5253 4972 4914 4756 4842 5310 4754 4824 5358 4384 5064 4987 5278 5501 4683 5109 5173 5246 5090 5008 4796 5353 4844 4680 5424 4908 4891 4633 5174 4930 5499 4917 4913 4878 5157 5162 4891 5080 5340 5081 5071 4905 5014 5062 5264 4903 5160 4850 5014 4845 4937 
5293 5415 5084 6137 5651 5341 5524 5498 5579 5538 5486 5646 5779 5505 5291 5466 5048 5287 5808 5198 4961 5239 5369 5522 5014 5767 4823 5362 5524 5978 5593 5362 5505 5665 5807 5913 5086 6270 5636 5338 5237 5044 5185 5936 5601 5319 5716 5447 5554 5301 5263 5299 5630 5459 5481 5995 5641 5482 5564 5456 5714 5387 5590 5430 5372 5593 5467 5472 6041 5726 5127 5814 5186 5764 5203 5785 5646 5433 5135 5051 5931 5393 5781 5258 5210 4890 5394 5598 5544 5526 5891 5810 5396 5482 5355 5875 5741 5425 5458 5192 5283 5781 5348 5324 5310 5057 5728 5078 5773 5473 5747 5344 5665 5814 5678 5770 5648 5607 5621 5608 5413 5539 5964 5277 5557 5592 5568 5016 5480 5813 5341 5207 5774 5164 5566 5436 5286 5818 5429 5222 5427 5235 5727 5469 5701 5682 5173 5668 5467 5736 5792 5653 5359 5305 5386 5469 5348 5825 5766 5424 5613 5716 6177 5832 4986 5625 5897 5460 5714 5232 5437 5585 5283 5608 5153 5736 5444 5352 6106 5761 5503 5365 5512 5684 5820 5046 5938 5843 5144 5827 5724 5642 5464 5529 5353 5267 6139 5727 5429 5990 5693 5742 5694 5305 5421 5884 5701 5262 5418 5392 5214 5586 5478 5729 5248 5677 5225 5807 6299 5161 5334 5752 5446 5458 5329 5303 5779 5239 5235 5525 5178 5123 4871 5759 5361 5684 5711 5438 5620 5673 5619 5513 5364 6042 5509 5317 5454 5678 5278 5364 5162 5763 5355 5275 5407 5445 
4920 4728 4629 5257 5227 4517 5056 4918 4870 5118 4618 5048 5261 5036 4615 4775 4400 4934 5158 4896 4221 4614 4770 4872 4888 5115 4448 4686 4867 5032 4763 5095 5023 5031 5111 5309 4694 5555 5229 4853 4519 4762 4688 5116 4791 4953 4894 4852 4946 4677 4863 4559 5008 4983 5054 5302 5071 4878 4860 4943 5403 4739 4795 4860 4847 5021 4850 4492 5209 4930 4433 4934 4738 4837 4734 5319 4964 4663 4683 4927 4923 4869 5477 4866 4838 4391 4703 4743 4705 5057 5210 4833 4929 5036 4672 5175 5063 5012 4719 4305 4765 5374 5091 5005 4782 4582 4775 4687 4735 5055 4858 4555 5118 4844 4950 5295 5183 4994 4910 4878 4801 5224 5403 4347 4843 4872 4934 4402 5018 4851 4624 4736 4901 4818 4919 4750 4761 5329 4692 4690 4906 4883 5062 5172 4911 4719 4910 4841 4593 4800 5096 5138 4650 5220 4837 5147 4681 4703 4936 5017 5123 4867 5360 5460 4603 5050 5112 4736 5030 4664 4696 4937 4708 5095 5043 5303 4976 4892 5689 4952 4743 4621 5003 5055 4699 4678 5232 4977 4873 5288 4880 4898 4817 5006 5018 4766 5226 5361 4648 4929 5043 5224 5012 4596 4797 4996 4888 4538 4664 4747 5053 4920 4667 4704 4437 4909 4781 5328 5496 4626 4884 5220 5083 4768 4746 4751 5318 4829 4514 5116 4724 4723 4581 4912 4589 5260 4910 4931 4897 5054 4750 4750 4893 5170 4916 4800 4860 5272 4548 4642 4867 5145 4959 4990 4804 4756 
5519 5401 5302 6054 5874 5679 5734 5440 5400 5917 5413 6005 5832 5798 5266 5171 4935 5412 5905 5492 5373 5012 5613 5335 5506 5601 5172 5262 5735 5666 5431 5964 5810 5635 5662 5913 5381 6344 5687 5440 5190 4947 5406 5849 5492 5664 5745 5754 5529 5478 5506 5148 6020 6045 5813 6106 5717 5371 5738 5339 5834 5807 5401 5439 5575 6039 5467 5534 6140 5674 5380 5723 5562 5568 5405 5757 5454 5440 5353 5178 5530 5692 6066 5567 5269 5216 5247 5471 5623 5642 6057 5504 5593 5762 5300 5923 5711 6214 5611 5431 5542 5913 5612 5548 5499 5143 5853 5220 5706 5577 5702 5632 5727 5665 5648 5983 5656 5562 5529 5413 5603 5891 6162 5397 5266 5451 5413 5148 5658 5752 5419 5654 5583 5409 5660 5352 5559 6097 5469 5702 5557 5436 5851 5782 5911 5236 5391 5892 5560 5598 6020 5707 5451 5323 5775 5568 5413 5547 5894 5552 5792 5588 6197 6057 5152 5874 5676 5643 5805 5277 5850 6116 5364 5828 5660 5768 5523 5409 6379 5492 5727 5182 5718 5936 5776 5519 6112 5853 5427 5838 5893 5560 5781 5486 5471 5665 6082 5699 5845 5616 5816 5879 5732 5447 5458 5715 5681 5421 5341 5704 5826 5216 5390 5736 5243 5557 5338 5874 6264 5302 5659 5907 5492 5307 5571 5478 6051 5344 4958 5513 5633 5568 5274 5887 5423 5577 5638 5358 5703 5800 5544 5588 5401 5895 5532 5603 5601 5708 5464 5130 5497 5878 5346 5583 5573 5714 
4603 4372 4649 5033 5234 4812 4958 4529 4902 5209 4728 5135 4805 4854 4470 4702 4098 4716 4869 4842 4314 4300 4783 4665 4724 4640 4587 4640 4647 4946 4538 4985 4987 5276 4922 5011 4296 5555 4857 4430 4336 4562 4535 4985 4565 4705 4619 4794 4720 4807 4936 4413 5265 4797 4985 5028 5095 4584 4641 5053 4989 4572 4445 4656 4711 4983 4699 4373 5163 4696 4475 4700 4822 4846 4867 5049 4690 4603 4672 4639 4905 4844 5104 4823 4696 4390 4331 4780 4868 4811 5212 4849 4755 4836 4748 5028 4873 4823 4623 4623 4645 5091 4907 4788 5032 4512 4897 4300 4824 5139 4806 4578 5228 4849 4953 5229 4945 4674 4583 4445 4744 5072 5437 4418 5020 4717 4550 4367 4968 5076 4555 4769 4891 4765 4825 4727 4858 5154 4596 4639 4836 4658 5004 5173 4840 4811 4824 4996 4637 4770 5062 4765 4599 4759 4655 4659 4824 4675 5010 4793 4917 4915 5064 5362 4612 4981 4789 4667 5184 4579 4692 4808 4911 4706 4709 4977 4826 4723 5364 4751 4532 4342 4866 5012 4835 4321 4933 5014 4649 5089 4822 4596 4820 4739 5041 4814 5132 5087 4791 5088 4860 4898 4720 4709 4563 4759 4587 4656 4597 4747 4820 4650 4396 4820 4477 4616 4390 4943 5247 4778 4781 4992 4867 4743 4747 4710 5174 4786 4386 5063 4826 4797 4513 4890 4646 5061 4696 4563 4785 5004 4562 4764 4676 5009 5029 4921 4677 4844 4689 4652 4801 4676 4754 4647 4708 4821 
5327 5307 5270 5778 5647 5095 5365 5399 5479 5789 5542 5715 5477 5583 5160 5503 5170 5218 5868 5228 4900 4954 5282 5282 5203 5816 4958 5398 5411 5569 5023 5764 5510 5689 5814 5787 5077 6229 5667 5175 5011 5285 5026 5908 5348 5194 5735 5633 5507 5382 5275 5255 5928 5337 5591 5784 5480 5512 5365 5238 5746 5278 5681 5468 5422 5547 5396 5117 5913 5495 5043 5543 5298 5244 5475 5511 5745 5611 5439 5044 5680 5521 5712 5329 5133 5021 5362 5345 5530 5566 5949 5501 5415 5307 5315 5910 5712 5680 5227 5089 5502 5866 5436 5422 5279 5001 5658 5101 5805 5456 5500 5351 5540 5513 5613 5950 5422 5613 5473 5334 5701 5496 5941 4910 5454 5502 5363 5195 5562 5629 5409 5309 5698 5243 5488 5294 5452 5623 5439 5512 5412 5503 5532 5682 5666 5220 5163 5745 5541 5533 5507 5617 5161 5113 5477 5495 5180 5382 5534 5528 5430 5300 5609 6118 5115 5454 5465 5295 5629 5105 5488 5525 5410 5637 5355 5858 5377 5398 5846 5538 5589 5430 5449 5813 5423 5089 5981 5450 5486 5915 6070 5505 5475 5306 5423 5428 5835 5867 5279 5662 5680 5616 5532 5226 5324 5742 5406 5446 5132 5456 5556 5260 5417 5439 5066 5664 5237 5723 6053 5272 5244 5848 4998 5425 5384 4978 5729 5333 4895 5975 5178 5320 4981 5477 5349 5593 5402 5192 5793 5535 5149 5270 5446 5523 5603 5315 5579 5662 5245 5066 5401 5803 5310 5418 5393 5247 
4671 5009 4827 5360 5292 4852 4923 5089 5096 5167 4989 5366 5219 5080 4912 4895 4512 5015 5347 4966 4367 4714 4714 5066 5128 5136 4768 4703 5275 5528 5143 5057 5195 4948 5281 5448 4765 5921 5074 5122 4704 4494 4797 5343 4931 4917 5017 4687 4933 4889 4884 4788 5314 5187 5274 5497 5137 4875 5084 4845 5280 5028 4804 4778 4924 5430 5147 5020 5568 5123 4770 5434 4802 5055 4842 5389 5316 5051 4753 5078 5143 5172 5307 4946 4893 4626 4655 5262 5287 4988 5466 5173 5148 5292 4769 5356 5219 5029 5065 4767 5073 5313 4723 4867 4912 4381 5270 4371 5330 4818 4951 4934 5045 5395 5363 5739 5612 5149 4990 4944 4862 5174 5498 5009 5050 5070 5002 4818 5036 5177 4923 4867 5061 4688 4925 4925 4844 5388 4874 4790 4781 4943 5258 5274 5056 5007 4967 5379 4914 5184 5214 5488 5112 4895 5153 5096 4861 5013 5174 5203 5153 4954 5541 5199 4620 5298 5063 4936 5337 4901 5108 4926 4775 5069 4829 5418 4951 4976 5631 4923 5318 4643 5097 5564 5265 4778 5278 5409 4928 5242 5312 4993 4730 5044 5225 4851 5595 5520 4944 5410 5250 5210 5334 4984 4604 5263 5019 4927 4943 5046 5240 5025 5067 5320 4884 4935 4470 5356 5434 4885 5143 5491 4840 5281 4800 4965 5396 4847 4927 5210 4791 5001 4662 5334 5030 5040 5230 4658 5122 5609 5115 4820 5212 5737 5168 5114 4738 5205 4799 4851 4893 5326 4970 5022 4811 4803 
5004 5011 5008 5512 5364 4880 5303 5073 5081 5485 5090 5251 5364 5310 5076 5143 4655 5087 5335 5162 4674 4582 5061 5109 4902 5305 4971 4956 5513 5462 4959 5236 5231 5442 5310 5348 4841 5681 5274 4950 4782 4733 4974 5253 4943 5085 5471 5127 5136 4962 5238 4644 5259 5125 5148 5567 5238 4891 5259 4862 5475 4888 5118 5041 4861 5447 5119 4820 5683 5229 4598 5457 5047 5311 4875 5217 4993 5054 4896 5174 5179 5156 5369 5066 4889 4561 4832 5290 5150 4982 5528 5140 4846 5293 4823 5431 5141 5290 4997 4975 5178 5341 5061 5066 5282 4587 5237 4613 5039 5162 5094 4914 5261 5167 5267 5822 5289 5274 5074 4853 5120 5194 5635 4858 5155 5050 4881 4663 5507 5250 5081 4880 5157 4833 5461 4983 4981 5653 5033 4854 5040 5142 5297 5061 5339 4875 5064 5331 5122 5249 5348 5233 4813 5022 5167 5137 5142 5001 5045 4893 5121 5157 5455 5518 4747 5188 5091 4996 5213 4887 5578 5199 5038 5132 4762 5444 5190 5014 5743 5357 5083 4835 5121 5340 5127 4988 5488 5317 4921 5409 5261 5022 4829 5005 5174 4998 5789 5374 5374 5286 5354 5352 5125 5210 5105 5245 5145 5090 4704 4614 5569 4997 4844 5170 4816 4979 4744 5137 5791 5103 5237 5486 4890 5111 4945 5116 5575 4885 4625 5373 4935 5258 4757 5375 5162 5455 5056 4569 5284 5189 5039 5041 5083 5822 5125 5237 5231 5426 4674 5117 5035 5127 5101 5232 4862 4758 
5183 5438 5005 5798 5777 5213 5383 5517 5385 5426 5329 5714 5521 5465 5366 5252 4765 5150 5705 5231 4907 5103 5164 5359 5183 5566 5143 5267 5602 5803 5270 5548 5546 5546 5864 5672 5031 5901 5495 5254 4943 5177 5193 5519 5490 5270 5569 4936 5292 5369 5184 5061 5645 5555 5396 5801 5510 5233 5195 5144 5273 5372 5288 5457 5114 5531 5493 5208 5845 5302 4984 5779 5216 5437 5184 5580 5481 5453 5183 5074 5407 5343 5458 5179 5360 4970 5328 5581 5484 5106 5752 5369 5211 5459 5350 5575 5557 5349 5286 5098 5335 5584 5445 5075 5276 4989 5424 4959 5552 5403 5277 4879 5333 5570 5858 5903 5588 5300 5422 5318 5357 5416 5764 5134 5580 5482 5136 5157 5310 5703 5154 5133 5496 5241 5334 5210 4945 5767 5510 5013 5466 5269 5521 5642 5565 5399 5167 5476 5495 5517 5585 5551 5381 5151 5304 5409 5107 5364 5556 5415 5545 5630 5828 5862 4912 5466 5395 5143 5529 5065 5410 5580 5208 5444 5317 5740 5234 5042 5950 5489 5520 5135 5531 5818 5292 5179 5593 5766 5028 5548 5507 5300 5235 5380 5363 5110 5749 5696 5201 5653 5633 5562 5480 5040 4876 5544 5393 5125 5321 5182 5488 5158 5240 5616 5056 5377 5111 5617 5986 5189 5281 5665 5194 5388 5248 5128 5806 5079 5086 5447 5118 5029 5002 5609 5089 5572 5504 5326 5540 5440 5122 5293 5235 5685 5224 5420 5374 5596 5224 5262 5489 5701 5524 5233 5264 5108 
4963 5155 4969 5717 5566 5168 5236 5204 5209 5399 5126 5387 5486 5253 4921 5129 4478 5392 5646 5311 4887 4757 4902 5151 4985 5201 4841 5425 5477 5382 4978 5205 5268 4994 5490 5510 4966 5925 5203 5136 4935 4625 4977 5458 5088 5318 5125 5150 5238 5193 4975 4761 5595 5412 5368 5775 5412 5089 5341 4986 5590 5170 5250 5486 5109 5362 5001 5142 5904 5461 5178 5429 5136 5022 5192 5405 5309 5449 5009 4968 5355 5332 5748 5270 5239 4702 4900 5112 5299 5180 5542 5260 5145 5087 4854 5577 5448 5450 4997 4965 5296 5522 5140 5009 5195 4794 5372 4967 5333 5138 5306 4786 5388 5419 5194 5940 5382 5279 5465 4907 5277 5108 5823 5210 5183 5104 5032 4860 5295 5311 5033 5074 5143 5009 5535 5073 5199 5531 5104 5091 5303 5169 5463 5433 5327 5287 5183 5559 5124 5270 5276 5180 4853 5107 5067 5147 5096 5231 5255 5271 5270 5329 5559 5885 4837 5450 5291 5154 5665 4831 5325 5158 5019 5207 5233 5558 4891 4952 5582 5080 5224 4955 5431 5358 5314 4883 5458 5257 4958 5599 5262 5219 5068 5180 5455 5037 5463 5426 5171 5515 5103 5325 5498 5019 5011 5420 5435 5137 5007 5190 5392 4980 5006 5486 4794 5176 4903 5380 5863 5174 5455 5535 5098 5298 4881 5147 5429 4952 4762 5494 5248 5138 4731 5437 5141 5513 5117 4797 5077 5322 5048 4984 5314 5670 5228 5121 5267 5384 5042 5151 4923 5454 5093 5112 4956 4972 
5177 5332 5233 5695 5807 5373 5247 5266 5251 5620 5107 5638 5565 5528 5106 5378 4907 5427 5713 5474 5046 5189 5466 5391 4899 5518 5057 5373 5702 5821 5229 5584 5492 5366 5554 5652 4975 6163 5442 5316 5069 5221 5292 5763 5319 5587 5544 5519 5466 5536 5296 5207 5709 5663 5741 5971 5629 5466 5329 5402 5258 5492 5347 5687 5320 5685 5254 5100 5807 5699 5283 5671 5308 5353 5273 5645 5442 5509 5526 5311 5514 5515 5651 5321 5273 5152 5357 5746 5294 5357 5954 5373 5307 5296 5083 5862 5672 5720 5177 5036 5558 5800 5523 5494 5380 5016 5575 5110 5502 5384 5540 5169 5590 5729 5644 6040 5577 5357 5414 5337 5680 5535 6250 5197 5234 5473 5228 4938 5539 5265 5316 5351 5325 5231 5568 5594 5480 5709 5297 5317 5373 5324 5527 5777 5697 5256 5403 5664 5457 5360 5627 5547 5422 5373 5455 5241 5125 5429 5626 5296 5672 5478 5826 5885 4829 5642 5533 5643 5674 5219 5468 5493 5242 5426 5222 5643 5081 5362 6204 5288 5304 5137 5490 5483 5429 5128 5925 5794 5392 5907 5841 5371 5357 5516 5353 5265 5620 5648 5360 5560 5678 5518 5564 5423 5301 5874 5561 5463 4980 5301 5599 5266 5307 5681 4933 5553 5300 5519 6145 5105 5568 5644 5540 5314 5349 5358 5782 5148 5028 5454 5364 5446 5122 5695 5671 5858 5334 5281 5447 5545 5221 5353 5368 5591 5554 5489 5284 5641 5214 5317 5601 5831 5213 5243 5391 5333 
4954 4949 4795 5314 5400 4835 5133 4925 5004 5114 4540 5097 5080 5157 4658 5042 4430 4875 5133 4903 4588 4467 4776 4844 4799 4864 4718 4883 5079 5349 4999 5030 5036 5178 5289 5130 4710 5715 5129 4704 4788 4727 4562 5388 4950 4936 5175 4799 5163 4862 4941 4595 5452 5173 5078 5299 5389 4865 4726 4803 5147 5001 4776 4920 4803 5201 4973 4684 5135 5022 4786 5125 4656 4987 4989 5191 4877 4683 4838 4783 5116 5046 5268 4958 4916 4353 4724 5082 5136 5100 5353 4863 4982 5175 4853 5207 5148 4734 5045 4667 5047 5016 4863 4980 4862 4561 5044 4508 5038 4971 4911 4836 5427 5217 4964 5436 5277 4888 4997 4761 4831 5305 5531 4671 4964 4750 4838 4727 4954 5248 4857 4931 5063 5001 5048 4998 4944 5176 4714 4984 4841 4813 5257 5115 4991 4709 4934 5314 4858 5039 4985 4889 4766 4803 4934 5066 4851 4708 4937 4789 5113 4895 5447 5329 4823 5059 5176 4864 5327 4917 4931 4846 4867 5234 4867 5174 5021 4798 5440 5047 4906 4751 5045 5174 5090 4860 5252 5198 4834 5230 5212 4698 4855 5048 5103 5055 5454 5377 4958 5115 5095 5254 5199 4989 4798 5298 5142 5035 4707 5051 5356 4621 4787 5156 4538 5018 4708 5205 5448 4818 5035 5472 5380 5082 4908 4954 5381 4792 4489 5198 4727 4947 4521 5188 4897 5247 4863 4712 4917 5158 4795 4988 4891 5513 4769 5007 5074 5129 4808 4835 4898 4940 4849 5104 4830 4724 
5564 5323 5140 5920 5830 5245 5472 5547 5489 5411 5373 5858 5458 5641 5744 5152 4963 5328 5901 5496 5247 5048 5564 5465 5606 5709 4826 5436 5344 5827 5499 5626 5736 5402 5451 5794 5223 6107 5323 5573 4868 5000 5506 5768 5379 5685 5558 5514 5545 5322 5300 4932 6220 5519 5831 5971 5499 5414 5490 5506 5658 5710 5602 5427 5257 5647 5781 5460 6269 5766 5274 5555 5245 5482 5483 5779 5617 5255 5411 5143 5648 5618 5763 5290 5415 5024 5244 5697 5387 5443 6025 5447 5344 5548 5356 6033 5469 5753 5414 5174 5398 5969 5267 5504 5554 5261 5469 4976 5713 5550 5517 5272 5390 5746 5517 6072 5773 5294 5463 5752 5530 5753 6138 5445 5194 5536 5479 5096 5496 5800 5631 5366 5670 5349 5720 5086 5466 5869 5663 5435 5693 5669 5755 5606 5830 5566 5328 5725 5298 5594 5979 5824 5208 5469 5190 5628 5244 5308 5818 5437 5674 5470 6062 5827 5222 5685 5517 5316 5885 5248 5814 5398 5521 5640 4934 5940 5357 5361 5861 5702 5629 5204 5480 5673 5553 5224 6039 5946 5529 6012 5919 5560 5489 5362 5388 5387 6088 5861 5518 5792 5730 5981 5677 5208 5241 5815 5348 5520 5150 5493 5617 5447 5554 5579 5235 5389 5002 5704 6139 5293 5663 5748 5637 5469 5448 5338 5902 5115 5000 5594 5511 5522 4842 5887 5685 5843 5423 5035 5606 5773 5729 5647 5510 6133 5315 5601 5448 5585 5249 5242 5428 5582 5506 5627 5337 5186 
4972 5096 5035 5357 5432 5062 5073 5204 5101 5267 5064 5585 5258 5228 5040 5144 4607 5077 5622 5095 4522 4944 4980 5091 4948 5340 4883 5177 5356 5482 5096 5431 5346 5427 5474 5462 4944 6036 5424 4995 4751 4823 4882 5565 5145 4889 5555 5147 5102 5317 5131 5106 5826 5369 5227 5438 5351 5149 4891 5140 5301 5022 5144 5132 5459 5353 5044 4823 5511 5349 4786 5477 5437 5316 5204 5367 5296 5171 5261 4760 5386 5067 5286 5233 5406 4904 4875 5412 5476 5085 5785 5283 5079 5206 4997 5820 5125 5259 5386 4905 5219 5485 5013 4924 5167 4905 5355 4779 5492 5221 5220 5027 5382 5211 5509 5939 5369 5307 5147 4959 5204 5553 5863 4870 4976 5116 5304 4827 5378 5200 5069 5136 5185 4921 5140 5153 5160 5774 5301 4956 5325 5173 5439 5503 5505 5221 5119 5385 5377 5090 5351 5293 5176 5090 5080 5267 5206 5064 5314 5265 5586 5182 5582 5632 4839 5206 5222 4909 5494 4872 5390 5073 5067 5113 5099 5624 5318 5129 5745 5217 5172 4591 5283 5392 5240 4961 5710 5412 5052 5544 5510 5255 4976 5169 5230 5034 5467 5546 4924 5249 5450 5457 5323 4988 4983 5371 5100 5109 4990 5189 5436 5284 5051 5247 5055 5374 4953 5397 5796 4887 5284 5727 4977 4971 5290 5151 5618 5068 4644 5206 4796 4876 4877 5345 5231 5503 5323 5021 5146 5257 4745 5274 4766 5351 5112 5346 4920 5299 4913 4861 5288 5113 5137 5106 4925 5284 
5097 4940 4787 5696 5357 4962 4984 4986 5308 5194 5027 5324 5276 5214 4997 4917 4666 5033 5262 5008 4707 4879 4904 4872 4865 5092 4771 5037 5369 5220 4584 5299 5156 5321 5041 5525 4875 5672 5300 5065 4715 4995 4783 5217 5078 5021 5266 4975 5247 4879 4966 4976 5288 5241 5528 5424 5359 5338 5099 4948 5317 5073 5081 5064 4923 5408 5353 4899 5414 5240 4831 5459 5029 5051 5181 5400 5190 4860 4892 4690 5128 4879 5469 5021 4928 4837 5190 5240 5226 5019 5446 5233 5083 5134 4835 5288 5363 5332 4810 4771 5163 5419 4956 4938 4977 4715 5092 4806 5096 5222 5083 5016 5157 5287 5253 5747 5331 4956 5082 4792 5152 5147 5868 4859 5004 5104 4722 4963 4985 5287 4897 5023 5213 4953 5185 4987 4951 5517 5057 4980 5283 5103 5184 5423 5296 5044 4847 5454 5175 5170 5259 5205 4948 5031 4966 5117 4739 5179 5295 5020 5233 5127 5537 5560 4720 5220 5202 4957 5425 4641 5159 5415 5072 5455 4953 5497 4963 5094 5723 5145 5138 5226 5072 5367 5078 4845 5220 5670 4947 5297 5241 5133 4945 5354 4899 5137 5386 5410 5044 5220 5586 5337 5377 4749 5145 5002 5428 4915 4689 5082 5180 4954 5171 5252 4931 5208 4949 5358 5606 4918 5139 5410 5102 5258 5260 4985 5604 4947 4608 5397 4903 5072 4540 5270 5046 5298 5185 4674 5098 5193 5034 5188 5098 5565 4984 5143 5150 5343 5072 4896 5029 5300 5196 5302 5135 4829 
5362 5637 5328 5932 5977 5637 5372 5744 5577 5923 5205 5912 5763 5465 5336 5589 5123 5351 5888 5499 5102 5130 5313 5588 5714 5754 5365 5283 5701 6009 5299 5780 5398 5601 5811 5919 4976 6211 5625 5409 5245 5492 5308 5978 5299 5436 5714 5436 5815 5664 5239 5279 5726 5720 5781 6048 5732 5344 5316 5315 5753 5774 5375 5583 5538 5810 5343 5161 6041 5809 5309 5917 5403 5704 5480 5914 5657 5713 5756 5263 5799 5413 5573 5413 5286 5182 5714 5351 5740 5514 6182 5360 5430 5690 5192 6060 5568 5478 5651 5106 5786 5800 5471 5362 5741 5017 5727 5308 5543 5423 5705 5264 5722 5841 5570 6412 5546 5471 5407 5447 5692 5747 6017 5379 5293 5444 5371 5085 5809 5862 5417 5220 5518 5422 5353 5576 5440 5784 5566 5655 5407 5343 5533 5865 5923 5278 5213 5839 5482 5626 5791 5601 5320 5243 5577 5597 5467 5489 5787 5347 5831 5630 5990 5999 4943 5684 5400 5647 5767 5319 5781 5525 5336 5599 5656 5947 5471 5442 6169 5647 5452 5132 5554 5790 5727 5501 6079 5648 5389 5908 5791 5560 5468 5544 5453 5523 5884 5993 5400 5770 5855 5572 5856 5545 5022 5818 5755 5578 5303 5290 5858 5324 5594 5915 5189 5464 5252 5584 6323 5331 5652 5816 5283 5650 5618 5310 5830 5404 4926 5642 5577 5601 5202 5463 5658 5807 5574 5247 5613 5637 5538 5383 5644 6206 5661 5677 5329 5948 5464 5485 5518 5794 5409 5513 5398 5509 
5234 5116 4932 5622 5655 5109 5086 5387 5359 5402 5166 5468 5482 5638 5147 5154 4629 5032 5451 5030 4701 4770 5327 5352 5096 5249 4935 4945 5256 5500 4988 5425 5752 5636 5529 5607 4752 5895 5163 5027 4814 4724 4976 5568 5396 5516 5290 5117 4934 5035 5474 4984 5673 5441 5458 5787 5302 5086 5348 5341 5517 5251 5329 5282 5060 5493 5077 5012 5712 5604 4991 5313 5061 5223 5126 5661 5281 5110 5376 4971 5442 5200 5552 5079 5123 4762 5107 5388 5351 5405 5573 5087 5284 5439 5165 5644 5368 5502 5064 4763 5349 5627 5433 5296 5294 4785 5421 5058 5435 5335 5293 4892 5284 5582 5468 5848 5266 5350 5078 5206 5345 5303 5838 4882 5194 5323 5184 4729 5215 5288 5041 5134 5129 5072 5365 5073 5136 5521 5075 5038 5291 5066 5390 5446 5242 5172 5148 5714 5225 5314 5841 5359 5008 5181 5150 5159 5045 5206 5413 5200 5368 5071 5617 5730 4869 5509 5475 5068 5592 4836 5204 5192 5271 5496 5055 5765 5321 5362 5765 5149 5108 5041 5428 5840 5340 5038 5585 5457 5077 5632 5613 5334 5262 5367 5339 4980 5564 5544 5395 5508 5475 5410 5383 4992 5178 5567 5534 5249 4789 5072 5298 5032 5195 5254 4775 5291 4894 5794 5863 5176 5173 5553 5287 5159 5298 5053 5699 5244 4837 5338 5257 4985 4754 5445 5324 5541 5117 4776 5496 5245 5357 5144 5256 5622 5359 5140 5280 5428 5154 5023 5301 5523 5213 5145 5241 5203 
5244 5105 5277 5802 5709 5102 5359 5216 5463 5771 5142 5662 5684 5684 5160 5293 4998 5232 5834 5174 4902 4885 5381 4991 5291 5331 4887 5302 5451 5882 4969 5734 5279 5749 5828 5518 4931 6120 5566 4765 5100 4921 5187 5575 5164 5103 5632 5326 5213 5443 5437 5187 5689 5471 5785 5789 5315 5449 5188 5288 5693 5182 5348 5172 5254 5601 5319 5202 6116 5699 5203 5486 5224 5286 5423 5473 5549 5397 5342 5033 5563 5375 5631 5385 5074 4835 5119 5465 5614 5474 5508 5366 5306 5290 5238 5695 5693 5558 5232 4989 5602 5794 5251 5273 5416 4809 5572 4819 5450 5343 5705 5300 5563 5818 5695 6005 5570 5385 5356 5148 5422 5694 5906 5020 5179 5385 5207 5148 5484 5234 5325 5356 5463 5108 5390 5137 5315 5741 5428 5208 5491 5259 5712 5492 5624 5126 5252 5738 5515 5148 5607 5423 5192 5186 5097 5392 5249 5400 5441 5494 5441 5317 5946 6021 4908 5362 5407 5509 5538 5153 5574 5561 5274 5702 5357 5879 5364 5101 5953 5565 5200 5079 5539 5729 5366 5106 5821 5818 4982 5552 5706 5308 5411 5292 5449 5402 5855 5597 5320 5422 5575 5527 5751 5188 5214 5580 5446 5412 4962 5331 5572 5409 5270 5535 5058 5239 5177 5603 5997 5327 5162 5470 5257 5528 5476 5380 5659 5244 5088 5531 5186 5394 4801 5541 5516 5607 5567 5003 5535 5674 5286 5712 5178 5951 5555 5635 5411 5645 5115 5221 5262 5405 5006 5149 5519 5199 
4764 5019 5094 5192 5336 4895 5012 5032 4807 5259 4854 5227 5292 5066 4889 5064 4638 5024 5215 5095 4594 4682 5061 4939 5105 5143 4830 4913 4939 5230 4921 5439 5195 5236 5140 5290 4890 5571 5183 4922 4756 4687 4988 5285 5084 4973 5236 4942 4956 5169 4958 4838 5450 5205 5422 5495 5390 5126 5075 4831 5248 5038 4987 5056 5000 5307 5146 4823 5382 5164 4811 5256 5005 4998 5051 5329 4957 4946 4876 5032 5046 5311 5545 5131 4859 4632 5054 5134 5035 4893 5388 4947 4979 5195 4839 5494 5023 5153 4972 4623 5294 5655 5201 4980 4984 4795 5391 4678 5040 4900 5104 4782 5110 5203 5152 5698 5095 5061 5117 4928 5212 5283 5945 4641 4852 5055 4975 4862 5258 5158 5105 5077 5322 4853 5079 4904 4921 5479 5102 4959 4903 5163 5316 5051 5349 4974 4998 5277 5083 5188 5374 5281 4876 5143 4929 5162 4786 4923 5240 4935 5170 5055 5476 5688 4689 5216 5138 5111 5414 4619 5179 5092 4687 5140 4968 5370 4927 4974 5602 5146 5055 4738 5345 5337 5149 4868 5313 5133 4974 5135 5326 5073 4979 5151 5080 5255 5340 5464 4884 5230 5230 5251 5219 4805 5050 5383 5064 4797 4840 5081 5343 5026 5003 5188 4583 5089 4708 5179 5594 4784 5174 5287 5302 5114 4924 4873 5356 4870 4535 5447 4917 5030 4748 5189 5131 5330 5261 4791 5169 5306 5252 5206 5068 5543 4976 5085 5030 5237 4666 4928 4847 5031 4916 4885 5051 4925 
4781 4556 4552 5222 5093 4913 5041 4883 4815 5046 4928 5207 5241 4985 4746 4634 4309 4881 5090 4773 4604 4572 4765 4770 4859 4952 4400 4717 4974 5011 4674 5124 4799 4992 5170 4994 4449 5414 4856 4630 4658 4619 4685 5053 4572 4978 4821 4903 5001 4879 5142 4275 5097 5160 4909 5514 4787 4682 4787 4862 4911 4638 4813 4982 4591 4967 4778 4742 5326 4739 4455 4843 4582 5041 4990 4882 4904 4921 4657 4724 4918 4663 5312 4909 4631 4560 4865 4702 4846 5019 5281 4896 4670 4944 4786 5338 4942 4842 4827 4350 4966 5316 4965 4808 4974 4472 5038 4532 4919 4842 4811 4552 4873 5018 5126 5110 4992 4771 4869 5029 5042 5009 5193 4651 4930 4849 4646 4488 5047 5008 5012 4753 4828 4470 5040 4782 4666 5342 4486 4930 4913 4715 5213 5113 4916 4669 4889 5183 4611 5063 5329 4757 4614 4754 4722 4679 4931 4630 4862 4773 5132 4996 5110 5287 4681 4967 4922 4871 4955 4569 5114 5082 4819 4810 5016 5394 4918 4789 5454 5005 4876 4850 4690 5220 4848 4759 5246 5045 4681 5051 4931 4815 4796 4668 5068 4799 5127 5046 4792 5016 4810 4965 4929 4696 4687 5235 4875 5009 4781 4706 5084 4783 4730 5171 4474 4922 4788 4844 5342 4485 4814 5211 4872 5081 4725 4866 4971 4942 4187 4992 4735 4883 4581 4888 4845 5037 4819 4742 5077 5202 4897 4700 4551 5609 4884 4747 4921 4866 4436 4942 4547 5087 4867 4834 4815 4701 
5311 5233 5168 5391 5465 4994 5527 5697 5446 5554 5373 5737 5558 5531 5266 4946 5025 5321 5600 5162 5021 4945 4996 5189 5394 5347 4947 5145 5498 5642 5177 5593 5564 5611 5562 5454 5146 6168 5447 5122 4908 4788 5015 5492 5230 5511 5349 5308 5230 5492 5436 4982 5401 5715 5714 5927 5477 5329 5264 5102 5607 5368 5304 5164 5166 5598 5363 5097 5897 5203 5204 5390 5261 5347 5447 5840 5418 5244 5289 5359 5097 5274 5704 5436 5062 4859 5009 5355 5312 5377 5551 5469 5270 5410 5178 5468 5371 5494 5226 4864 5375 5786 5331 5075 5195 4834 5608 4865 5446 5354 5253 5083 5407 5610 5822 6034 5580 5369 5285 5099 5037 5596 5756 5134 5117 5315 5089 4925 5444 5578 5115 5177 5326 5203 5402 5310 5069 5970 5367 5346 5144 5144 5470 5477 5472 5091 5056 5502 5246 5448 5390 5713 5151 5151 5449 5436 5191 5009 5503 5408 5434 5342 5792 5795 5021 5594 5534 5083 5501 5263 5590 5332 4986 5421 5402 5889 5420 5130 5867 5382 5321 5072 5427 5703 5291 5274 5630 5502 5088 5557 5587 5295 5200 5430 5268 5465 5686 5718 5451 5561 5594 5645 5596 5300 5059 5426 5451 5180 4899 5411 5535 5250 5344 5611 4970 5283 5299 5677 5776 5131 5313 5496 5267 5297 5115 5014 5740 5242 4692 5692 5147 5293 4975 5525 5293 5218 5506 4972 5458 5606 5510 5272 5306 5840 5211 5453 5148 5546 5037 5236 5310 5241 5373 5269 5255 5134 
4541 4827 4910 5301 5248 5007 4922 4832 4806 5051 4903 5230 5272 5280 4704 5132 4511 5019 5384 4907 4685 4576 4999 5034 4766 5006 4480 4913 5271 5481 4907 5177 4904 5395 5348 5312 4745 5700 4918 4906 4697 4667 4770 5063 5125 5118 5335 4840 5050 4860 4855 4548 5430 5325 5041 5503 5300 4990 4749 4775 5527 4933 4868 4685 5237 4897 4882 4839 5376 5164 4567 5133 4728 4815 4835 5017 4865 4811 4772 4800 5002 5416 5345 4894 4929 4554 4828 5152 4698 4905 5370 5159 5007 4826 4998 5244 5094 5313 5126 4744 4992 5268 5052 4923 5071 4729 5198 4796 5056 5031 4832 4760 5042 5364 5216 5433 5256 4951 5144 4880 5030 5179 5364 4703 4902 4984 4938 4422 5261 5024 4722 4570 5077 4627 4895 4687 4977 5591 4965 4910 4682 5186 5354 5132 5302 4837 4825 5115 5239 4966 5182 5074 4602 4712 4833 5064 4701 5056 4980 4987 5112 4859 5435 5475 4576 4919 5042 4570 5213 4857 4901 4947 4816 4942 5047 5336 5019 4830 5506 4903 5018 4582 5311 5219 5157 4862 5500 5014 4825 5176 5149 5038 4777 5065 4973 4905 5331 5274 4675 5020 5079 5291 4882 4810 4785 5096 4753 4606 4765 4820 5148 5038 4800 4956 4861 5040 4912 5365 5736 4764 4920 5247 4656 4918 5002 5076 5267 4708 4610 5343 4591 4876 4784 5070 5089 5318 5236 4680 5071 5083 4928 4982 5051 5102 5071 5058 5032 5224 4649 4596 5005 5175 4902 4856 4878 4940 
5213 5215 5388 5886 5505 5106 5440 5146 5324 5627 5349 5559 5670 5549 4900 5195 4724 5209 5623 5313 4829 5027 4957 5234 5335 5220 4730 5075 5597 5640 5298 5391 5247 5250 5503 5572 5183 6019 5191 5466 4759 5048 5162 5785 5309 5249 5426 5425 5161 5292 5365 5059 5812 5492 5524 5714 5588 5331 5191 5051 5629 5414 5082 5667 5348 5605 5340 5140 6057 5337 5061 5476 5001 5173 5397 5654 5522 5424 5035 5130 5310 5181 5487 5200 4992 4893 5204 5322 5391 5383 5637 5390 5463 5370 5075 5640 5608 5361 5282 4926 5265 5731 5401 4955 5236 4925 5365 4927 5508 5340 5411 5184 5506 5830 5617 5647 5553 5267 5453 5147 5152 5334 5991 5118 5403 5165 5015 4918 5586 5654 5051 5255 5557 5124 5429 5178 5158 5814 5301 5586 5227 5226 5525 5549 5344 5472 5074 5693 5335 5441 5415 5410 5165 5175 5480 5490 5142 5379 5349 5308 5244 5403 5603 5804 4841 5763 5326 5219 5501 4970 5694 5289 4890 5260 5337 5622 5145 5075 5828 5180 5214 5074 5319 5521 5281 5056 5590 5363 5290 5438 5762 5624 5353 5456 5323 5195 5859 5614 4786 5314 5544 5492 5292 5097 5230 5616 5206 5351 5206 5242 5644 5310 5260 5517 5038 5746 5239 5559 6026 5047 5482 5459 5293 5523 5398 5176 5488 5053 5075 5522 5238 5247 4819 5389 5418 5504 5423 5098 5341 5560 5152 5357 5252 5549 5326 5315 5496 5362 4950 5207 5214 5560 5167 5224 5012 4993 
4880 5093 4730 5351 5490 5154 5058 4858 4797 5180 4732 5312 5382 5079 5053 5133 4603 4914 5586 4850 4801 4837 4995 5120 5037 5066 4650 4762 5345 5272 5060 5233 5104 5293 5472 5493 4789 5805 5204 5126 4741 4943 4918 5729 5262 5155 5550 4940 5115 4848 5048 4882 5388 5302 5047 5515 5187 5122 5089 5178 5290 5114 4946 5092 4934 5315 4981 4694 5494 5245 4705 5219 5224 5131 5094 5421 5126 5270 5198 4872 5188 5062 5507 5198 5075 4798 5074 5184 4922 5079 5556 4946 5156 5098 4901 5344 5031 5157 5189 4647 5052 5417 5028 4952 4978 4576 5075 4820 5191 5273 5065 4966 5303 5275 5330 5640 5439 5141 5022 5127 5245 5320 5681 4910 5039 4994 4809 4841 5305 5371 4825 4988 5163 5074 5294 5099 5004 5508 4865 4968 5049 5128 5165 5416 5136 4900 4923 4990 5085 5087 5106 5034 4868 5065 4984 5007 5017 4853 4894 5023 5403 5169 5292 5510 4745 5170 5094 5060 5436 4639 5128 4828 4895 5049 5153 5580 5046 5122 5920 5134 5015 4679 5253 5336 4809 5106 5531 5334 5021 5389 5401 5036 4984 5199 4878 4683 5460 5570 4987 4854 5467 5163 5388 4732 4968 5153 5102 4849 4897 4949 5174 4899 4941 5247 4531 5211 4725 5318 5721 4779 4870 5486 5021 5042 4764 5181 5365 5004 4703 5329 4673 4937 4697 5362 4959 5496 5167 4992 4933 5229 4663 5115 5016 5485 5043 5195 5111 5282 4802 4871 5160 5257 5276 5162 5071 4860 
