45 100 64 0 0 80 0 0 89 177 54 56 52 15 79 72 2 32 26 48 50 56 145 92 84 131 38 0 120 72 55 33 40 18 145 50 165 0 0 18 26 93 89 80 157 189 128 51 12 212 275 131 61 113 128 142 117 0 130 43 18 96 109 63 107 71 135 148 4 53 100 36 20 112 39 16 15 90 32 38 35 169 97 22 72 6 201 42 64 201 105 75 38 30 160 108 12 20 153 32 24 38 109 105 18 161 40 113 73 165 82 93 35 117 79 201 96 40 54 130 175 76 116 63 101 64 135 107 0 41 215 81 52 2 166 69 250 20 81 76 106 6 58 75 75 59 69 45 32 155 128 8 36 38 6 7 46 34 94 179 137 197 6 136 69 64 86 23 3 93 84 86 46 76 85 139 96 54 24 95 144 110 20 71 40 42 22 47 122 11 67 143 68 33 64 77 67 78 132 98 232 98 40 24 72 45 40 41 0 62 50 6 75 103 53 127 18 45 96 62 102 16 108 35 18 80 149 96 152 83 54 144 48 66 18 5 43 24 51 159 90 60 60 9 53 95 137 87 47 181 8 128 42 72 18 103 
55 62 0 98 36 81 0 113 48 58 45 1 118 79 82 100 14 65 116 8 25 23 131 55 170 76 121 130 24 164 101 80 23 97 64 54 20 87 56 9 116 47 96 63 12 51 73 3 22 193 86 72 20 48 6 42 141 107 230 41 36 127 137 323 115 88 119 38 40 4 246 22 125 24 21 63 74 123 14 120 0 58 26 69 45 157 104 73 63 114 71 105 68 72 133 40 7 57 89 81 140 8 0 35 99 130 38 44 81 91 98 18 0 54 99 32 99 199 0 49 194 108 109 65 56 27 81 120 255 170 131 107 0 88 116 39 48 0 35 41 111 121 53 37 28 124 64 21 8 118 28 32 137 67 21 53 47 170 24 44 33 215 68 121 74 111 92 21 68 178 0 152 68 117 107 74 45 188 111 122 141 14 81 32 104 86 3 154 107 113 76 141 36 22 59 7 97 130 82 137 56 0 48 68 99 95 61 55 112 48 67 46 43 22 74 50 41 36 69 0 180 54 55 90 29 45 20 129 70 84 137 35 7 94 60 84 142 104 0 22 56 200 96 122 30 16 190 188 16 106 144 42 70 51 22 56 
62 30 112 53 77 35 64 9 21 32 56 105 20 25 27 67 39 75 76 229 40 71 15 15 66 113 68 102 76 24 44 85 37 76 114 141 56 14 53 35 114 203 130 59 74 84 28 48 90 125 210 60 62 42 12 137 50 207 179 63 8 82 36 40 160 179 109 129 16 0 59 3 85 123 38 24 46 28 99 142 64 134 126 0 0 97 40 49 60 62 102 92 114 58 83 225 5 38 55 161 0 84 37 110 72 120 67 89 50 175 52 14 53 98 84 50 56 107 131 47 142 80 117 54 32 0 30 53 85 45 39 224 104 84 99 12 169 43 43 2 100 175 58 98 0 143 130 42 0 24 135 4 117 121 147 0 36 35 151 32 119 186 111 117 92 34 126 54 63 98 52 173 25 46 41 73 105 84 4 46 125 109 62 62 136 16 127 115 24 84 70 16 16 51 0 45 90 114 57 83 69 20 120 93 106 88 73 211 138 60 8 5 228 65 170 79 4 16 124 126 28 28 264 92 42 158 118 49 114 136 107 204 76 52 77 79 86 85 30 70 53 33 162 104 40 87 15 212 68 131 48 155 93 37 75 95 
79 57 20 71 27 78 54 42 42 77 75 7 57 21 79 16 14 171 40 184 67 14 24 6 127 92 21 18 40 78 11 1 0 10 106 139 113 21 0 94 32 46 64 54 84 76 70 53 35 108 0 121 18 97 40 48 4 12 113 83 0 12 40 59 103 158 6 0 0 0 23 58 127 74 93 0 45 56 0 9 0 4 40 35 0 148 173 11 55 102 156 45 93 0 15 46 39 61 0 65 110 20 2 119 79 46 30 85 0 107 21 42 0 101 59 118 48 78 47 60 15 74 90 71 21 53 30 29 20 2 33 26 17 32 24 19 45 59 26 18 6 86 0 6 62 120 8 10 24 147 22 6 127 0 63 9 37 132 15 120 66 1 6 0 25 9 114 32 1 10 34 72 40 68 20 30 16 13 0 5 77 76 68 45 35 92 0 94 116 59 40 40 18 30 74 28 85 4 10 21 53 18 89 14 137 0 6 111 0 184 0 49 35 32 36 50 70 50 46 28 48 5 12 51 0 16 42 5 43 76 114 130 0 18 16 15 56 26 48 96 66 137 30 99 23 0 132 58 0 38 80 84 128 129 16 65 
86 12 12 74 143 27 75 26 114 47 38 88 64 48 93 21 23 55 9 71 5 47 94 18 227 67 67 93 117 36 17 62 2 20 79 154 114 40 32 0 25 53 101 59 32 0 107 26 18 21 215 24 0 40 75 36 83 0 21 105 0 108 12 9 54 77 116 76 56 54 85 35 20 75 25 9 23 0 29 104 32 124 51 26 151 0 109 38 12 15 32 104 76 34 33 36 42 51 138 114 94 171 30 36 48 60 26 9 62 93 56 45 10 0 45 148 47 80 86 141 146 48 28 21 0 96 77 51 32 9 54 182 84 20 18 115 34 61 57 68 144 88 58 67 37 109 28 27 178 27 39 64 56 90 43 20 153 77 66 45 100 136 0 113 28 44 0 6 73 52 19 132 59 49 97 109 68 18 88 17 59 67 133 76 20 9 87 19 192 97 42 102 11 99 159 104 69 7 106 197 8 92 41 86 53 19 21 24 74 95 0 5 90 89 57 113 84 0 120 15 44 59 217 82 6 70 132 17 15 117 86 73 66 61 24 3 41 38 75 30 12 9 40 49 0 0 20 71 0 74 95 26 0 66 0 102 
129 203 63 89 16 182 82 146 75 73 21 37 169 20 72 211 128 10 73 90 135 130 98 28 47 75 84 63 51 95 52 126 30 77 173 53 102 12 0 72 44 12 34 59 66 117 50 60 103 201 91 52 75 43 49 177 157 113 154 159 42 111 125 24 109 89 179 138 56 114 204 124 56 45 92 48 43 52 0 71 7 7 36 87 54 190 35 63 21 176 80 86 47 75 85 36 69 74 104 89 65 5 102 177 75 72 129 8 25 172 117 57 0 12 82 204 43 57 42 120 98 33 137 24 0 30 155 22 91 124 177 77 64 8 53 128 148 19 8 142 55 34 61 67 39 95 8 57 8 12 14 78 0 38 88 40 9 92 12 73 161 72 8 7 116 6 116 87 35 8 40 80 26 138 58 63 46 60 128 18 8 44 45 30 104 73 69 95 89 169 24 114 74 21 17 171 64 111 19 5 25 72 64 0 48 125 79 30 36 97 76 16 96 68 109 50 13 112 175 229 82 0 72 20 27 95 84 60 115 98 76 129 119 75 0 75 65 20 87 28 52 22 117 28 113 68 82 154 9 112 58 0 78 39 71 201 
119 143 15 56 0 19 72 146 183 31 24 7 161 25 10 217 50 132 2 137 0 12 0 47 41 85 91 43 51 84 17 79 21 29 77 89 53 45 32 67 40 3 58 40 56 63 63 0 82 72 57 56 0 13 30 63 64 134 50 32 58 106 0 178 31 117 167 86 12 158 104 0 44 30 123 8 145 91 40 81 0 0 23 72 32 108 50 72 55 114 73 110 152 174 84 57 88 72 119 96 137 79 29 85 27 6 94 99 41 48 124 5 106 13 38 99 5 59 15 0 75 0 65 72 56 16 30 121 225 186 111 49 43 99 122 96 38 0 63 71 55 166 40 25 0 213 16 0 8 99 20 67 0 80 237 21 31 64 99 144 63 65 66 26 37 30 131 106 59 32 35 66 8 0 115 67 40 33 126 20 73 69 153 0 60 72 0 45 82 131 30 161 28 24 0 25 147 15 114 144 8 84 102 81 113 44 1 84 8 116 77 6 93 21 108 66 83 52 94 151 66 33 45 89 40 98 122 59 16 112 112 73 44 84 64 161 23 37 20 81 103 201 21 0 58 41 61 150 71 166 70 109 48 113 60 151 
0 8 70 16 104 68 28 18 26 189 24 89 28 73 77 128 8 80 96 42 7 83 3 125 76 100 129 1 72 49 14 19 79 96 154 59 235 18 49 30 5 11 114 138 50 84 105 58 29 49 149 69 39 15 145 54 80 36 22 78 36 54 29 68 60 140 111 36 41 90 121 5 22 108 51 21 0 76 22 39 22 23 30 147 36 120 88 68 47 173 108 109 135 0 93 56 52 59 0 46 33 28 175 110 21 161 72 68 130 59 86 8 14 51 61 127 54 58 86 84 109 9 107 45 49 80 30 45 70 5 85 15 20 0 28 67 64 20 52 19 93 24 165 68 4 21 17 38 55 114 47 79 120 39 111 88 28 29 48 112 62 111 10 136 90 72 36 33 14 38 73 9 0 55 78 176 155 71 64 10 89 21 40 45 115 22 19 28 103 7 19 0 38 84 0 104 27 5 75 102 28 100 119 15 54 0 76 3 3 100 26 0 20 57 102 152 13 23 145 20 50 23 36 43 0 122 178 3 49 42 21 50 68 18 49 192 24 36 0 82 61 93 51 0 35 94 97 77 15 92 0 145 15 48 27 76 
20 73 0 4 9 98 8 40 168 44 54 14 56 25 3 30 2 16 0 0 8 16 25 45 7 50 32 76 0 63 28 101 9 44 0 4 20 24 14 5 40 66 69 36 131 0 20 16 21 10 18 79 0 45 0 21 40 69 19 88 0 28 45 48 58 83 12 71 0 59 76 72 24 35 32 0 35 52 0 32 40 0 32 4 12 0 8 0 0 0 48 2 6 20 32 0 67 12 6 0 5 8 35 78 48 56 8 48 16 46 121 77 48 0 0 32 27 42 9 59 146 0 60 34 0 0 133 44 22 15 127 0 33 6 40 91 92 0 4 19 47 8 0 25 81 4 57 0 0 56 32 24 8 0 130 0 25 0 12 36 110 86 48 37 86 91 0 20 8 8 0 51 24 55 0 134 39 56 118 1 0 4 77 46 51 32 51 45 40 35 76 119 35 0 0 14 18 64 16 77 54 16 0 0 15 118 20 32 5 23 0 21 56 107 69 16 0 35 32 42 32 10 92 10 49 42 12 20 0 0 132 88 4 4 38 39 0 3 48 35 7 79 15 18 76 35 45 51 11 18 84 84 0 0 56 79 
116 60 67 0 27 45 74 49 56 227 42 0 15 54 51 132 9 47 0 81 54 53 60 57 0 58 117 34 8 24 0 20 30 50 48 99 166 64 55 92 121 158 86 1 104 26 101 12 87 33 133 118 50 152 39 68 170 213 2 49 36 27 33 93 12 51 138 139 85 4 63 6 36 47 21 0 23 96 45 117 14 32 44 0 81 174 24 65 153 72 42 6 92 40 170 156 96 36 170 105 30 42 41 57 107 59 145 53 95 10 113 54 93 0 25 136 5 1 40 0 89 138 81 176 0 151 64 52 73 124 101 0 2 36 0 182 247 1 54 8 126 120 16 95 40 199 30 38 4 94 73 76 179 45 40 86 101 67 94 96 165 179 42 81 45 16 54 106 83 106 0 18 0 48 140 88 0 18 6 7 139 0 28 84 174 121 24 132 62 40 66 77 17 45 56 14 80 56 66 81 90 6 141 121 159 160 1 124 95 64 100 10 164 88 2 149 156 0 72 3 72 109 242 0 115 64 54 1 54 98 152 64 19 72 44 118 125 64 69 137 26 127 108 107 29 0 24 130 70 18 6 0 106 104 85 144 
199 57 77 85 2 38 81 189 243 55 27 36 81 35 9 220 107 194 20 20 57 79 159 75 81 79 118 31 150 119 52 65 30 10 38 77 12 48 83 8 87 19 5 86 73 142 56 0 0 58 33 72 65 57 96 37 0 198 153 89 79 101 4 34 51 59 83 49 54 71 75 49 9 68 27 30 90 109 5 88 18 59 44 0 150 36 20 21 55 79 73 84 169 135 95 35 94 47 17 57 130 61 68 227 70 16 69 145 12 36 92 49 127 94 59 60 85 8 18 16 86 112 6 2 1 30 0 81 110 20 104 9 52 152 82 41 8 62 75 0 12 77 100 108 0 217 78 49 8 57 0 133 113 92 86 72 4 147 81 48 108 26 27 69 8 78 138 118 9 18 59 10 36 48 127 87 79 79 96 91 101 81 15 127 123 42 107 111 168 105 111 92 119 51 37 33 132 154 115 107 54 124 88 0 20 87 15 126 71 148 53 0 36 164 100 63 0 48 142 113 51 68 72 88 12 139 12 26 72 36 44 203 79 106 0 97 16 71 75 66 142 151 101 53 48 104 7 18 9 92 48 121 141 126 31 196 
117 147 25 82 60 25 8 89 65 72 20 0 36 50 39 63 146 46 0 0 96 50 10 27 61 78 18 1 48 166 0 109 9 81 68 93 0 0 0 24 12 82 55 17 20 27 66 106 126 81 37 24 24 88 0 33 89 18 193 120 0 55 40 62 20 0 127 30 73 49 37 80 84 84 45 129 66 75 10 33 0 27 43 0 6 176 68 5 99 77 0 57 48 27 166 91 0 0 45 7 135 0 90 62 81 115 63 0 77 28 147 45 0 0 96 70 0 9 66 30 30 0 0 51 0 33 98 18 45 70 114 18 12 150 0 196 109 18 0 20 0 102 45 84 0 87 0 2 8 1 69 12 33 93 0 102 63 80 36 99 150 68 18 57 88 0 85 56 81 40 69 21 33 0 122 72 114 77 45 9 72 75 7 6 87 123 61 31 85 98 3 55 74 12 84 20 121 120 20 86 20 0 21 27 0 45 15 14 0 36 99 48 42 20 9 0 57 0 144 0 27 18 0 1 81 21 23 9 6 63 45 86 65 14 0 50 7 14 39 0 0 149 21 28 68 79 62 132 0 138 214 46 0 0 22 137 
94 89 99 75 99 30 28 12 108 30 64 0 95 5 27 102 187 201 0 0 39 98 96 18 123 125 88 0 93 118 139 175 136 121 0 114 47 0 93 57 46 70 96 41 30 37 193 8 119 96 91 42 54 128 0 112 99 17 175 130 52 146 45 17 46 43 69 2 0 125 9 48 205 135 121 86 63 46 57 72 51 90 75 14 46 42 116 18 59 16 0 0 94 53 195 87 128 87 71 88 216 33 151 54 48 74 65 28 0 42 31 62 12 66 0 45 42 0 0 43 42 128 51 51 11 16 97 88 73 99 91 72 25 100 61 98 203 32 54 0 6 93 68 30 34 105 28 3 55 47 122 40 81 61 49 76 48 55 46 53 83 149 15 56 96 57 150 43 51 0 0 78 104 8 97 24 39 75 48 7 80 49 24 13 20 123 101 86 60 48 39 163 32 28 34 12 130 105 140 82 22 14 105 107 60 84 5 54 111 70 3 67 73 1 125 43 30 0 32 0 35 48 72 121 0 90 108 14 70 139 21 0 122 75 30 55 45 137 27 28 126 97 51 161 48 51 51 174 18 84 106 211 74 2 57 62 
120 73 46 36 3 105 126 12 27 28 42 61 100 50 31 44 39 63 108 9 63 152 101 68 112 112 107 117 34 12 54 124 0 63 50 3 193 48 58 79 82 67 167 208 4 120 40 12 86 39 0 109 10 31 51 88 66 18 153 2 157 91 138 28 99 178 128 54 47 79 96 16 33 35 87 0 54 18 66 120 9 16 159 116 132 68 147 90 114 14 152 135 72 81 112 78 59 0 10 29 0 62 73 82 0 43 51 64 91 6 78 12 83 0 50 132 63 32 20 72 190 24 18 0 32 8 54 96 200 155 64 10 56 90 59 95 27 10 0 36 28 119 72 2 8 189 12 35 2 180 82 56 56 70 111 77 54 100 78 11 157 91 29 74 114 16 48 143 152 64 30 0 52 135 147 98 155 16 99 51 129 37 64 4 81 0 90 125 131 89 29 114 91 28 9 59 114 94 30 114 18 48 92 6 51 27 42 125 81 69 72 85 11 149 27 28 0 43 76 60 83 0 45 63 12 28 121 8 117 15 113 0 15 74 91 23 194 22 70 131 125 11 18 19 135 84 96 30 9 162 38 116 48 78 27 70 
71 53 79 34 74 55 58 0 79 36 88 62 92 18 49 93 16 74 79 45 92 81 66 16 0 74 145 106 86 40 130 149 92 0 21 127 48 15 51 104 22 8 47 165 52 126 53 88 72 103 153 6 73 80 16 46 3 127 44 16 62 40 156 0 40 60 53 0 3 112 61 48 42 52 78 51 36 52 40 245 58 8 63 8 0 109 22 0 40 44 49 51 59 2 16 48 2 0 21 67 42 53 85 2 120 18 64 17 23 45 75 14 10 56 48 72 88 0 54 96 68 132 45 28 54 57 0 50 116 72 130 99 29 16 22 44 12 17 19 63 15 186 15 30 6 0 32 0 95 85 35 0 18 140 51 118 40 30 36 90 0 171 51 6 6 126 64 50 35 0 40 108 106 137 105 42 16 59 35 29 71 52 51 45 28 191 117 21 4 16 28 35 88 93 15 91 16 30 121 32 50 3 2 4 36 0 61 36 85 7 0 139 65 79 69 16 73 44 25 89 0 35 28 77 0 153 12 56 51 113 48 114 97 96 69 74 0 12 18 127 107 27 110 21 16 94 63 96 7 32 24 138 30 0 0 35 
35 51 44 118 85 11 107 129 163 83 104 128 54 57 159 36 54 29 20 53 35 93 22 30 126 145 42 35 187 13 35 236 24 0 109 119 281 64 0 151 59 114 222 114 36 42 48 25 72 96 102 4 0 76 69 62 161 48 91 52 84 201 32 71 37 164 128 24 229 27 120 36 36 57 43 120 73 132 38 0 70 39 136 78 60 18 16 9 73 9 0 6 24 138 198 53 133 56 10 22 21 54 59 66 56 54 13 68 78 55 60 81 177 0 44 254 42 51 107 105 150 77 63 82 0 180 23 18 63 121 14 18 77 7 20 124 156 68 76 2 170 94 18 49 58 12 0 0 176 107 90 0 21 49 142 35 112 72 69 56 93 64 0 78 76 45 27 77 172 98 118 57 53 100 241 214 39 68 96 77 54 52 64 89 147 64 69 111 81 97 54 175 21 121 12 23 15 139 110 222 112 28 136 40 106 104 21 34 0 127 49 45 64 81 73 114 52 26 82 99 57 70 132 152 21 28 174 0 53 127 50 48 124 26 52 39 37 8 114 58 0 50 0 0 86 0 97 62 64 62 125 23 92 41 9 57 
0 42 0 55 33 6 112 68 159 66 9 0 32 0 61 43 5 27 0 8 42 0 28 32 84 31 97 32 21 37 0 106 0 50 20 2 24 0 39 42 6 44 110 93 5 51 60 53 0 69 130 57 8 5 21 40 37 50 45 37 0 51 45 34 39 73 24 94 112 35 24 0 4 45 46 47 40 24 0 11 28 114 111 0 125 62 25 75 4 41 0 101 21 21 74 83 0 48 78 88 21 6 0 37 90 7 77 102 3 67 30 0 75 30 15 152 47 8 86 6 104 95 0 33 15 69 62 0 7 25 21 57 41 0 54 45 58 62 15 27 39 60 26 0 0 66 30 42 76 22 109 0 100 62 113 79 77 48 27 32 73 206 55 123 0 107 85 15 63 0 18 21 75 60 97 117 89 13 54 25 33 14 91 86 6 4 42 52 14 30 27 66 18 158 0 2 3 26 75 116 73 15 36 0 19 0 42 6 32 17 28 47 85 30 84 61 49 26 86 24 18 9 133 28 6 66 117 24 13 69 18 75 61 49 16 47 5 8 24 31 58 26 7 0 10 1 29 12 3 145 84 83 20 50 93 33 
82 112 27 24 5 42 8 35 28 110 75 18 92 42 14 28 14 29 14 0 41 0 10 80 0 143 103 27 108 42 66 48 0 32 21 27 123 0 0 160 104 95 9 32 10 28 64 32 16 34 14 64 16 62 32 0 112 22 40 72 0 42 68 44 87 71 59 0 40 0 77 88 6 8 44 7 68 66 42 46 0 35 58 23 11 0 66 0 27 57 91 80 81 0 58 0 56 54 16 59 0 16 18 87 112 32 103 58 40 0 65 118 0 100 40 93 0 0 0 63 58 28 51 65 21 72 48 47 25 43 125 99 24 41 79 50 119 0 71 32 0 72 36 2 32 75 44 41 48 112 8 63 95 78 9 0 31 0 48 105 21 131 7 58 35 35 135 30 21 35 0 18 0 117 14 88 76 34 0 35 0 14 52 45 137 36 20 84 0 69 24 70 8 0 63 11 0 66 36 62 63 20 56 24 78 100 0 8 0 48 0 32 0 36 56 32 74 65 56 24 129 57 17 88 7 24 4 10 60 0 42 25 0 56 0 28 27 63 52 35 24 30 48 52 56 16 46 103 0 28 24 0 9 0 107 106 
146 42 28 56 98 121 21 81 81 67 21 63 55 10 49 27 60 74 63 8 0 75 117 100 82 46 134 8 0 53 65 1 39 9 10 123 63 0 36 0 135 0 130 57 0 113 90 34 54 5 27 65 0 42 72 64 5 63 118 4 84 135 8 63 119 35 56 10 58 15 27 0 0 0 72 15 106 0 61 18 7 7 0 107 56 137 139 46 51 24 0 0 75 107 0 37 70 61 72 20 81 27 144 94 0 28 57 25 8 20 0 73 151 85 60 10 95 69 105 159 40 0 35 117 3 99 0 6 92 48 102 0 0 44 5 6 8 103 68 8 0 47 7 36 0 0 43 47 3 6 33 28 0 18 45 143 0 93 45 6 112 3 14 95 52 6 42 0 30 10 0 50 45 91 54 42 20 42 30 56 0 35 0 31 10 30 0 0 54 77 49 0 97 32 0 63 61 92 56 94 9 20 124 9 16 63 64 34 120 40 64 0 3 92 116 0 0 34 19 83 45 5 18 111 23 8 49 87 65 7 0 58 0 0 72 0 150 0 93 54 121 15 137 63 62 127 28 28 5 63 5 30 56 63 89 112 
63 32 0 114 6 54 12 41 200 142 24 27 63 18 6 35 79 47 42 88 33 43 81 8 56 40 64 87 113 67 101 82 16 6 44 60 89 0 45 48 54 83 69 109 0 148 96 62 51 76 20 30 48 5 8 44 48 74 135 93 36 96 117 15 50 102 66 32 18 50 0 114 15 18 63 4 9 175 10 51 0 0 23 23 48 98 42 6 82 60 69 146 21 25 94 106 106 36 25 0 93 28 5 18 83 45 18 0 78 15 49 41 4 3 64 51 16 0 28 0 121 66 96 40 70 81 81 30 142 82 40 54 57 76 22 45 55 14 49 65 8 103 40 132 66 64 63 0 18 112 45 55 62 124 41 65 79 0 15 57 0 130 10 30 97 80 48 50 52 42 48 82 62 12 57 72 55 48 74 28 44 105 32 6 0 117 19 11 63 30 63 192 0 18 36 51 129 56 83 0 0 75 159 5 0 61 71 104 35 72 25 59 48 24 145 56 96 18 79 0 16 20 48 12 51 78 44 35 106 68 61 48 6 48 0 0 36 1 38 65 146 21 93 0 74 93 59 82 68 135 28 104 169 73 42 28 
30 111 45 100 80 20 81 46 60 141 127 202 51 76 155 94 50 57 0 77 94 98 54 83 190 26 6 71 98 172 73 33 100 131 105 118 101 151 71 97 46 135 85 132 11 8 12 42 10 109 149 82 77 0 162 160 38 5 119 80 28 255 83 117 51 71 53 118 62 0 75 16 13 121 83 8 45 63 0 44 94 90 144 72 35 37 30 50 236 91 68 20 135 0 197 40 143 20 80 39 35 66 107 37 42 201 142 38 124 105 43 128 8 20 2 144 19 75 53 105 19 144 11 20 112 76 133 92 82 173 109 78 33 8 58 89 55 16 86 36 160 80 121 36 205 141 167 119 71 193 110 8 93 166 56 60 40 0 74 72 156 82 24 176 0 73 77 177 62 21 131 134 42 192 106 70 114 10 42 203 35 0 0 0 117 43 72 25 108 52 30 25 10 98 44 9 96 107 138 0 137 56 144 7 66 14 55 124 65 100 83 43 110 120 12 96 77 73 7 127 131 45 56 28 4 51 5 2 233 106 143 16 6 112 126 106 126 60 69 118 126 32 50 59 94 74 109 64 79 128 23 151 97 123 87 57 
183 91 34 75 18 28 73 6 107 41 31 21 57 69 0 79 17 21 34 18 66 34 64 27 94 63 143 53 12 61 2 39 40 26 58 85 45 38 74 90 132 95 45 76 1 125 16 74 8 166 22 86 56 162 6 97 42 91 74 47 41 99 120 68 12 40 207 40 26 41 25 24 94 33 36 98 101 19 25 54 56 119 62 31 83 72 89 40 54 89 28 67 80 103 168 135 3 18 39 57 126 115 53 78 100 172 68 129 25 60 181 0 35 36 64 96 0 34 137 17 75 11 70 24 84 9 134 30 84 42 59 99 56 0 25 66 20 9 91 32 33 78 89 4 117 81 19 18 77 20 154 40 140 24 68 78 81 40 10 21 124 94 34 72 27 65 130 70 99 54 69 58 48 95 156 44 101 49 135 95 80 90 10 158 59 5 192 228 170 87 8 82 32 33 4 46 166 63 98 160 132 24 72 77 52 22 14 76 57 71 54 86 31 63 32 16 44 20 53 29 45 0 47 43 0 119 190 81 83 63 36 48 78 51 84 101 2 115 166 87 107 69 133 53 74 74 35 127 80 122 90 52 9 80 51 48 
70 2 84 63 6 84 21 12 99 124 0 32 51 34 95 15 30 83 28 90 146 42 130 93 41 92 143 66 0 75 53 54 67 9 114 114 0 5 3 69 60 0 27 178 0 134 139 105 77 161 147 79 47 69 40 77 0 120 34 98 159 75 65 91 28 47 258 60 101 9 68 56 2 55 0 49 45 0 22 36 14 73 30 92 19 42 3 18 28 55 22 48 63 80 133 53 21 78 37 53 133 0 42 60 45 22 59 158 92 87 74 90 21 46 155 38 54 55 24 104 70 78 56 107 9 62 32 198 51 106 319 27 64 21 36 135 32 66 2 114 3 41 27 12 0 24 49 28 56 133 43 67 63 45 0 106 34 52 0 42 12 60 96 101 18 49 14 20 46 62 44 83 93 58 121 38 0 24 56 114 82 157 20 127 0 103 99 17 142 32 40 120 113 32 4 87 61 51 116 32 90 39 14 15 69 21 87 71 82 76 23 53 63 105 27 12 61 19 72 29 18 10 39 0 0 124 15 111 67 28 16 158 84 18 12 14 0 137 110 60 8 75 0 34 6 221 108 56 13 86 0 83 68 126 106 168 
146 68 68 34 64 117 21 43 168 28 0 105 74 57 38 80 42 50 51 51 80 48 0 21 7 42 0 0 21 12 77 42 21 21 14 162 59 36 46 0 15 97 26 44 57 46 72 38 49 70 93 62 35 66 110 122 0 109 65 33 2 18 67 43 81 43 50 26 43 0 90 2 12 61 126 35 146 24 0 50 0 10 13 14 17 80 68 0 42 113 95 51 0 96 3 58 8 0 62 7 2 0 126 57 0 63 75 39 45 53 23 72 151 123 66 90 53 163 177 113 33 49 49 146 0 36 34 39 106 74 98 58 41 0 8 63 91 75 96 27 69 56 40 199 12 55 21 18 69 56 36 87 32 0 36 196 45 74 31 87 148 38 12 51 40 16 63 39 10 84 0 31 0 93 34 21 3 56 106 40 45 69 12 42 39 0 8 153 72 48 3 0 111 80 2 84 36 120 12 42 105 0 42 0 18 76 21 3 77 79 28 24 54 0 67 71 22 41 0 87 7 28 68 22 20 33 38 84 63 27 42 106 5 77 102 119 71 0 78 148 55 15 135 0 61 72 0 65 8 6 40 87 52 49 0 149 
132 117 96 183 54 2 35 7 212 48 82 70 85 9 107 82 18 77 40 66 24 123 123 21 73 149 48 48 59 17 0 96 60 18 213 253 130 38 68 74 10 44 40 72 155 98 82 28 3 137 60 71 72 64 100 48 89 186 152 8 104 121 101 100 69 102 191 30 23 24 107 111 136 132 77 15 90 63 56 127 58 190 73 75 86 74 33 119 81 109 90 135 139 116 58 9 89 0 9 130 0 161 27 233 5 14 43 265 63 76 190 0 24 49 0 85 65 112 66 63 157 36 96 121 30 123 23 47 138 140 45 55 96 61 38 91 14 104 57 4 24 104 97 97 46 348 71 13 99 60 18 22 54 150 78 13 30 112 56 41 68 68 35 96 106 117 52 198 8 45 113 96 34 103 133 74 124 46 19 118 88 73 3 63 27 24 137 147 73 64 62 52 44 180 22 41 90 209 45 21 0 91 178 0 4 174 46 155 84 171 33 2 25 125 28 112 15 40 91 14 49 51 188 96 70 65 38 56 170 105 174 158 17 208 128 193 40 97 54 134 59 31 108 23 160 77 67 67 136 48 142 173 134 59 112 26 
0 64 99 15 54 8 213 0 81 0 112 0 12 83 0 0 0 24 0 6 28 40 63 89 0 0 48 113 36 75 125 9 35 0 16 60 0 32 0 54 35 0 32 73 0 38 56 36 125 27 10 0 64 8 0 12 0 36 16 56 60 26 54 0 0 82 48 50 2 27 18 0 6 0 18 27 9 50 34 120 0 0 108 79 54 8 74 66 35 0 95 0 42 54 108 66 0 126 48 0 16 80 84 0 42 48 57 0 93 27 63 30 20 0 36 63 0 0 0 76 0 33 47 0 0 76 0 96 84 76 135 0 36 24 0 48 0 0 18 68 54 36 0 0 0 0 38 0 0 27 72 78 0 48 18 35 78 64 102 24 16 36 18 6 6 0 0 0 227 16 0 54 45 72 126 0 18 0 90 0 99 15 42 48 56 18 27 114 0 16 0 98 0 0 0 9 27 0 30 142 30 81 0 64 49 16 0 24 0 42 12 0 69 179 0 24 30 0 36 0 78 0 108 63 0 0 99 21 51 10 27 62 27 12 18 0 147 18 30 0 42 111 0 6 20 21 26 16 36 0 0 0 0 0 27 35 
0 14 24 80 0 24 0 66 34 41 21 91 0 0 15 32 48 12 0 36 36 36 7 67 16 42 0 24 24 169 16 118 85 131 76 129 24 175 77 68 53 12 109 48 24 27 93 0 84 28 120 63 56 11 104 91 30 36 123 51 110 91 75 70 97 171 42 52 0 58 63 0 52 0 42 49 0 40 4 2 56 11 40 117 40 66 136 8 42 55 14 46 74 48 42 24 123 101 0 20 14 41 117 84 49 69 88 36 0 0 5 87 48 0 60 64 36 72 31 117 132 0 4 67 50 148 84 40 91 36 90 0 0 18 0 0 40 63 68 21 0 40 83 0 71 35 51 0 61 28 71 0 93 64 75 93 7 61 0 6 126 70 78 144 40 149 76 10 56 0 77 126 46 95 0 45 8 51 82 35 60 0 98 52 78 75 35 0 46 20 0 86 42 96 0 90 0 48 10 30 28 85 28 35 8 83 12 23 7 0 11 5 142 61 112 32 49 54 67 70 0 30 131 15 38 0 27 7 36 56 38 28 0 49 0 114 109 36 0 55 36 100 32 89 36 76 114 33 54 104 0 83 24 76 43 35 
46 63 17 47 118 13 127 51 75 135 52 0 90 9 114 81 24 108 0 39 24 72 1 10 4 68 42 67 28 13 26 29 54 33 49 162 115 24 24 69 54 83 19 45 8 63 5 0 32 6 23 71 41 6 30 32 64 179 134 43 11 80 48 113 50 173 78 88 112 59 49 73 98 89 63 88 73 23 6 68 4 51 63 0 88 69 41 45 90 34 62 51 63 47 184 54 129 138 214 51 14 56 9 15 126 159 38 64 162 47 82 125 0 35 32 156 60 0 10 112 42 0 30 90 5 118 42 35 11 24 118 21 6 44 52 154 29 70 4 6 117 118 0 84 30 169 66 128 0 114 36 48 164 138 129 37 138 0 72 45 34 18 18 85 18 49 98 53 76 14 0 57 0 112 19 61 76 3 85 65 144 12 118 85 96 18 47 24 12 14 138 96 10 16 30 0 8 44 39 98 0 17 110 9 135 107 30 57 7 148 78 30 0 130 60 0 90 39 135 18 105 115 270 0 144 95 43 21 0 69 96 76 19 8 6 30 144 56 30 68 100 8 117 45 48 15 58 45 60 111 34 149 180 66 76 99 
156 45 55 97 20 40 89 61 61 63 30 14 54 35 47 88 118 58 14 6 30 0 0 149 30 54 58 85 42 169 75 108 85 37 24 186 70 36 99 97 66 47 57 45 77 36 27 48 90 36 37 154 14 6 86 67 2 17 110 110 8 114 63 72 24 100 67 177 43 67 66 1 66 49 78 13 61 97 0 86 92 54 0 7 8 47 8 48 10 18 33 70 60 23 24 0 72 36 133 36 94 9 149 30 54 27 31 42 6 147 0 64 90 114 80 22 8 69 24 35 0 60 58 48 0 54 64 67 55 139 128 66 12 88 0 0 53 40 66 57 54 29 75 35 63 96 9 0 21 11 58 0 9 16 19 195 1 0 43 48 22 70 2 93 117 61 49 6 3 52 8 90 20 28 50 32 24 6 34 75 45 58 0 16 4 65 16 67 0 35 53 104 22 81 10 19 55 123 60 16 18 22 0 0 19 56 51 37 58 55 79 16 63 34 92 75 0 42 0 48 7 61 18 14 39 147 15 84 183 70 130 91 59 78 109 21 70 2 102 0 28 12 0 28 28 195 27 63 86 8 50 99 42 44 107 146 
76 0 48 82 9 35 49 0 193 6 32 84 25 0 66 12 7 12 0 10 110 104 168 72 75 104 52 0 95 66 40 119 31 0 56 76 70 96 14 24 24 18 45 89 45 61 83 134 63 40 81 18 0 108 35 62 0 48 7 6 35 27 121 7 29 60 64 83 79 42 134 17 0 0 24 54 62 125 9 24 66 123 83 59 89 16 82 0 0 8 33 0 52 0 144 63 12 81 41 18 21 0 69 12 0 104 88 9 16 129 35 12 28 21 0 101 18 27 164 0 96 73 21 8 81 82 119 0 3 118 108 0 230 16 56 21 0 78 24 14 9 72 9 70 25 61 91 9 117 57 18 92 69 66 24 32 144 30 40 38 93 48 68 118 8 0 0 78 6 63 0 21 27 39 123 87 27 157 69 7 147 63 0 196 0 14 5 32 111 24 88 122 24 154 59 76 35 16 227 52 0 56 0 39 63 9 102 88 115 0 0 90 0 0 63 62 118 0 90 0 72 3 42 0 31 55 229 196 0 17 0 8 30 68 88 0 0 49 40 124 48 78 171 9 54 77 162 69 81 99 189 3 30 45 0 51 
75 0 76 61 9 12 1 64 130 16 18 32 33 51 57 8 4 63 0 84 83 21 0 21 136 73 37 49 31 36 87 154 64 28 58 237 98 43 12 28 93 41 121 115 70 0 3 7 48 12 110 47 3 36 21 64 86 45 93 30 49 98 64 69 99 44 50 69 4 16 5 6 129 71 63 0 112 9 0 88 52 72 7 6 7 38 144 68 24 0 0 82 72 0 60 45 0 66 110 8 0 0 102 36 70 24 40 48 70 0 74 6 42 0 50 0 64 77 36 75 115 0 11 102 0 8 58 48 0 36 110 98 38 0 105 0 0 0 6 3 71 88 7 69 4 45 12 54 21 14 28 56 21 9 56 0 7 6 136 12 189 100 42 89 61 0 12 14 4 64 12 217 36 24 27 56 0 6 47 49 50 63 123 5 30 53 82 108 103 42 2 117 60 6 32 0 89 33 21 60 24 0 0 0 45 0 9 49 20 81 0 24 185 48 33 63 0 0 33 0 39 0 132 56 55 83 15 32 36 49 92 71 69 67 56 42 49 0 65 42 0 97 42 79 0 59 57 54 14 28 24 36 0 42 91 71 
124 76 128 58 80 37 67 17 162 167 46 26 211 46 138 108 31 12 48 75 0 64 17 18 87 148 116 64 4 151 93 0 95 62 117 92 48 34 16 54 189 0 96 6 54 104 18 40 99 98 153 90 12 0 22 38 48 68 48 101 56 222 102 75 86 227 182 74 40 35 54 0 0 32 0 63 92 56 0 89 20 54 38 118 24 9 226 63 102 39 47 16 171 80 264 85 16 153 121 156 68 43 86 40 97 68 44 128 42 35 88 74 26 82 14 48 97 66 44 194 31 18 71 13 36 90 39 81 54 42 186 79 31 94 233 141 28 77 127 8 12 12 31 32 36 0 80 30 44 81 62 42 165 84 82 66 20 30 0 161 35 90 18 152 42 117 163 68 65 112 93 66 42 113 92 107 118 15 7 119 135 20 115 220 110 29 62 18 46 16 83 107 122 50 66 12 58 32 31 78 79 7 0 24 81 12 98 28 54 93 8 7 72 45 12 36 61 6 71 6 89 76 223 45 72 81 75 36 19 88 106 106 55 57 24 44 56 27 14 116 72 89 35 63 66 4 43 96 22 133 28 38 12 136 137 76 
61 28 12 145 108 22 45 32 172 148 118 81 30 41 18 14 0 26 0 48 98 68 73 10 2 15 54 65 14 189 7 56 18 99 18 70 16 104 51 2 53 62 104 106 54 61 18 42 24 45 54 3 0 41 62 98 55 73 52 45 42 155 152 12 44 140 115 36 24 8 67 99 38 42 33 76 124 88 83 4 68 0 3 51 32 13 45 51 30 105 8 35 38 67 91 72 84 77 14 142 0 0 28 103 30 58 35 111 44 10 156 195 25 9 28 32 27 21 4 36 0 16 18 104 16 42 63 54 30 14 183 21 72 36 15 137 91 105 108 12 70 14 20 36 220 45 121 0 60 21 0 14 14 9 21 42 30 10 35 51 116 114 72 2 46 55 54 56 35 0 40 26 18 26 36 162 53 64 201 42 33 46 18 101 83 52 78 171 57 0 41 143 63 86 0 0 18 48 35 91 34 81 18 0 0 53 18 10 48 79 23 64 8 155 78 10 63 0 70 15 172 8 12 159 10 0 39 9 54 96 0 105 29 9 66 0 8 40 71 77 98 18 31 117 86 76 141 21 27 36 59 103 0 86 0 77 
60 24 70 51 40 35 23 58 94 105 48 126 108 23 40 56 44 36 63 63 190 53 73 141 39 120 69 4 52 58 0 159 60 130 56 42 123 0 27 29 76 187 23 212 53 119 124 12 44 199 153 54 123 69 48 117 111 42 101 41 46 134 113 28 99 64 113 133 63 33 96 99 5 91 48 6 118 64 0 144 55 36 88 69 0 40 58 86 130 144 61 28 7 9 73 57 40 18 58 3 24 31 108 124 122 99 28 114 85 182 72 0 41 42 68 96 30 67 91 64 132 204 119 33 92 48 48 86 152 182 263 48 86 0 77 15 71 5 44 18 76 166 48 77 110 20 113 117 42 105 25 4 57 7 77 100 56 8 0 57 169 153 51 36 112 6 49 27 33 69 11 72 45 204 73 117 49 21 41 42 102 86 6 13 0 56 62 106 12 120 135 124 12 167 35 46 77 185 111 32 125 6 88 0 26 111 1 47 90 72 48 38 77 17 50 136 27 79 117 63 63 22 50 19 30 65 14 162 126 66 20 16 64 66 0 58 82 13 108 161 51 95 158 37 79 93 96 77 32 31 72 105 22 15 46 178 
31 153 85 98 36 81 65 69 89 112 30 0 8 0 16 160 63 87 40 80 125 129 66 0 32 68 37 145 63 208 92 165 9 27 64 167 14 0 14 0 131 15 89 33 11 80 5 0 117 249 27 85 24 131 12 33 41 97 82 87 75 42 46 113 78 128 16 12 56 90 12 171 54 52 30 31 62 36 123 0 0 5 48 41 0 119 0 103 0 69 0 128 98 24 123 0 44 128 64 183 99 9 42 193 195 0 92 33 95 49 70 90 9 7 36 24 34 70 72 106 32 0 128 26 42 56 117 41 76 14 153 37 88 21 96 78 105 49 100 54 36 138 0 15 27 191 14 18 36 19 0 54 37 75 6 66 39 22 6 48 73 32 14 81 95 42 69 20 0 4 24 148 30 100 24 56 69 24 35 0 114 7 8 50 0 86 58 36 80 30 101 64 0 3 2 32 68 84 2 63 48 89 45 0 52 127 0 8 81 36 38 42 105 24 63 16 24 0 78 21 0 39 149 119 15 82 18 141 26 51 136 102 9 48 0 32 9 76 68 156 59 0 81 42 80 14 103 69 75 18 36 99 12 107 132 205 
116 24 19 0 3 15 19 31 0 50 56 55 57 0 20 137 28 51 30 93 25 12 54 108 13 43 101 3 0 96 12 64 45 38 6 185 28 23 31 90 68 9 59 118 18 0 95 3 186 90 63 28 31 20 93 33 19 43 60 20 42 53 6 60 76 66 83 12 108 30 8 9 11 10 15 6 36 59 6 95 20 30 48 66 6 1 12 14 44 94 5 58 5 14 70 52 24 37 21 15 0 88 41 15 51 154 73 111 72 5 14 42 59 79 78 45 72 33 49 42 33 0 99 61 63 96 33 63 136 144 198 0 0 95 44 51 3 15 81 10 44 103 63 4 42 148 22 18 54 111 88 0 55 61 21 24 7 46 27 0 38 0 7 110 60 39 28 79 94 0 2 48 32 6 58 97 49 7 96 46 64 91 49 98 66 45 14 0 32 33 27 17 68 24 31 43 21 39 166 114 48 12 24 29 52 27 25 76 48 167 5 63 0 36 42 128 0 24 90 67 0 25 24 0 8 66 50 15 114 0 0 6 33 101 35 114 0 0 36 174 60 6 47 88 4 143 56 2 40 104 58 63 27 89 87 230 
95 68 83 0 45 86 4 68 68 84 0 51 153 42 21 15 115 165 130 0 45 27 0 0 56 62 116 98 73 15 53 7 29 102 0 69 4 0 154 30 132 140 65 99 0 22 61 22 4 23 95 66 84 63 0 11 40 153 82 90 0 45 45 139 65 91 91 83 76 129 92 62 48 53 111 10 144 21 43 71 39 21 52 0 70 42 0 36 0 81 22 52 58 56 12 49 75 87 38 45 67 0 8 68 30 0 0 27 67 60 122 15 0 0 90 7 42 137 93 143 108 76 105 0 7 36 163 15 18 166 16 56 36 15 5 79 0 65 26 84 75 81 82 24 68 113 0 28 92 117 34 64 56 93 12 54 0 46 2 0 68 0 6 59 122 65 36 35 56 0 0 111 116 32 0 18 45 48 82 65 22 67 27 1 9 32 167 58 134 106 58 107 18 38 144 66 65 70 34 135 64 38 75 3 15 96 0 72 39 12 8 5 65 63 100 40 36 0 66 4 81 0 0 24 29 46 24 100 12 49 67 0 7 2 0 25 6 51 144 78 67 73 78 23 28 35 57 35 46 0 91 58 60 114 12 106 
80 32 0 6 2 61 24 109 41 66 27 22 24 66 32 96 10 64 18 27 12 110 122 48 0 91 18 66 28 0 23 85 88 0 104 186 33 9 0 88 24 15 19 60 28 60 149 72 18 16 32 0 0 112 51 72 0 24 28 76 99 10 0 53 13 51 26 127 62 91 120 89 42 30 36 24 0 3 8 54 0 0 2 39 0 16 63 72 40 65 36 9 114 124 48 65 156 0 16 21 6 22 10 74 36 56 108 91 0 26 32 8 14 18 22 19 48 57 0 30 89 0 14 0 0 196 27 12 27 36 54 6 60 0 0 49 0 20 101 0 0 21 54 0 33 16 12 0 0 12 111 90 94 40 29 13 0 6 11 55 134 0 18 81 17 50 22 24 0 4 75 37 27 24 39 36 64 6 0 147 66 27 54 30 188 24 0 13 15 6 54 42 16 54 17 21 21 48 6 36 18 12 77 0 106 60 2 4 2 34 45 0 104 102 31 34 0 6 84 101 89 29 0 6 55 16 35 74 100 79 0 93 88 28 2 99 54 42 23 23 8 225 74 0 42 56 52 48 63 98 78 20 12 24 18 30 
114 79 96 30 91 60 12 24 109 68 81 7 21 77 25 36 30 48 0 133 62 251 72 2 48 83 152 50 24 21 48 44 0 20 60 174 0 45 125 30 137 161 49 200 68 101 12 75 45 101 295 91 73 119 55 77 0 128 96 16 7 81 149 6 65 95 113 36 51 40 87 0 0 102 103 0 74 77 0 141 35 138 29 29 42 44 0 38 4 18 0 116 0 15 69 97 15 42 40 0 27 10 56 81 37 36 111 72 65 0 49 26 13 45 59 56 21 63 86 28 35 51 33 34 35 42 91 81 99 80 126 162 75 3 0 58 1 23 5 110 68 78 6 37 0 78 24 42 85 72 53 56 0 51 22 70 2 44 72 32 82 124 0 120 22 62 121 47 17 133 27 236 28 167 67 7 54 89 2 17 34 56 18 12 0 24 208 105 61 90 68 50 8 103 0 85 57 97 27 171 229 56 0 0 14 36 0 166 56 68 0 69 129 64 63 51 16 19 0 63 0 0 178 28 31 87 42 64 36 0 57 253 0 84 9 112 0 56 116 136 50 36 27 36 28 62 62 111 18 89 0 111 45 164 99 133 
101 20 41 38 24 40 65 105 57 147 0 0 10 5 13 54 0 10 54 28 6 128 0 28 65 49 72 7 16 72 23 80 29 65 0 119 182 4 44 56 63 120 112 113 9 54 81 0 5 47 12 16 40 41 8 69 104 48 164 83 8 62 26 171 72 180 78 57 24 55 14 0 10 56 0 44 19 20 4 41 8 26 43 23 25 40 147 36 45 28 50 111 118 154 101 58 24 50 0 24 3 81 121 40 22 25 49 0 51 30 7 63 0 0 128 79 81 0 25 79 18 35 6 48 2 58 12 8 59 76 87 67 47 18 24 135 78 24 16 4 5 144 54 2 36 10 69 7 10 57 60 80 116 36 14 19 15 0 8 0 148 221 17 7 57 125 92 14 0 63 40 74 8 46 61 20 30 81 125 50 24 30 42 12 113 5 4 0 0 119 136 187 56 27 9 75 27 66 32 6 72 65 30 22 35 48 16 1 58 16 72 31 47 22 16 45 67 48 88 144 93 93 15 56 40 12 36 25 18 68 7 9 2 0 28 42 0 34 9 0 16 43 52 125 4 35 128 12 0 62 77 27 0 3 36 36 
68 40 16 36 48 31 54 6 68 46 48 38 20 0 101 0 46 83 35 114 42 17 57 25 56 139 86 141 47 50 67 127 76 158 6 160 64 12 0 42 108 75 179 40 48 20 196 238 42 109 36 20 125 97 39 170 41 88 43 95 35 65 186 61 56 18 88 108 32 72 65 5 137 128 107 54 15 137 70 80 60 108 21 38 0 159 109 70 52 152 104 44 0 203 60 210 205 68 137 24 40 39 72 15 125 106 169 83 104 14 16 137 126 35 20 111 60 72 17 78 83 76 7 23 41 59 61 4 61 12 0 7 0 80 85 45 186 148 201 16 9 83 32 144 0 144 93 72 61 54 105 104 120 45 103 120 15 18 66 20 114 204 36 229 6 57 126 36 0 28 0 79 0 42 37 8 7 50 81 30 46 101 119 48 0 113 12 30 20 24 15 190 64 72 8 20 101 32 73 75 20 34 135 120 128 45 32 72 190 22 0 50 60 74 169 119 42 0 85 0 54 41 149 134 0 102 84 63 81 61 16 32 160 18 43 40 0 125 89 36 124 114 90 78 8 90 64 112 9 8 15 165 124 62 60 12 
84 102 145 54 1 16 92 90 148 78 84 38 94 28 171 101 132 9 18 105 108 35 129 21 36 6 16 26 90 59 5 5 21 102 95 97 121 16 19 259 52 45 40 49 38 133 181 142 51 64 53 40 104 36 16 59 142 70 260 44 0 5 119 140 63 103 88 84 81 72 24 0 112 64 45 81 105 76 0 56 10 72 36 20 20 87 94 79 34 26 135 104 111 141 67 62 6 66 82 18 98 111 36 44 121 25 61 24 104 27 118 3 1 0 0 81 90 16 0 177 136 185 48 5 30 33 8 0 95 94 114 72 57 42 44 101 38 82 154 99 36 164 76 69 45 153 125 114 64 96 30 3 69 56 240 29 0 124 29 280 139 283 35 3 95 39 73 25 84 35 63 117 48 0 140 93 88 40 75 0 0 8 195 122 81 18 54 139 56 238 88 126 122 124 30 76 92 58 61 100 64 28 131 0 159 38 71 129 16 90 3 56 54 80 2 52 132 18 20 102 119 81 117 36 113 66 4 45 66 191 0 267 90 182 0 75 71 54 92 12 94 109 107 4 29 148 141 232 0 39 53 16 168 21 86 66 
80 66 32 108 0 10 20 58 66 21 30 57 42 40 48 48 34 28 83 24 0 7 35 125 95 13 83 113 20 142 8 51 6 5 14 130 8 14 96 7 7 44 39 58 63 87 26 74 71 23 75 97 0 72 4 172 35 104 4 36 12 119 43 120 66 222 80 8 24 66 24 95 11 48 31 0 73 30 0 8 112 121 0 25 108 50 97 69 102 121 62 64 64 35 45 23 68 35 77 79 118 5 50 143 63 63 14 10 69 83 58 10 12 0 74 34 48 105 7 51 30 34 34 26 87 48 80 28 124 56 100 33 6 44 64 85 74 55 127 20 0 96 90 8 66 99 51 50 10 54 37 24 114 9 92 70 0 8 45 83 57 28 33 13 93 135 74 2 0 0 49 73 26 64 35 100 71 14 24 59 69 56 50 46 42 0 0 12 13 2 63 146 25 188 29 35 114 167 0 3 28 39 146 21 42 77 83 30 64 52 39 0 42 148 66 121 66 10 13 21 15 0 14 32 45 98 41 87 37 69 80 47 0 28 36 5 1 33 236 73 125 35 0 10 133 49 39 91 0 50 0 63 40 63 56 162 
175 16 113 10 9 37 154 103 108 61 88 174 44 53 69 13 62 9 44 99 179 120 114 59 121 96 52 65 109 91 35 38 71 76 101 162 0 60 38 63 49 72 87 177 24 88 111 34 18 127 27 33 104 9 0 24 0 162 71 35 94 32 74 72 122 65 148 179 15 50 47 24 40 72 21 97 64 37 115 155 12 26 42 37 108 95 118 43 100 18 70 88 0 80 62 93 116 41 42 93 0 80 146 34 33 12 49 0 33 253 134 116 51 72 65 125 0 30 0 15 27 120 72 39 90 48 136 57 138 63 265 42 112 40 48 48 9 59 122 84 80 82 85 25 109 0 154 82 72 27 106 16 27 12 28 59 87 24 15 71 107 158 21 65 19 0 30 0 127 112 136 18 94 14 194 54 66 35 82 135 8 65 8 54 0 135 42 116 0 133 92 66 0 68 74 90 8 20 39 109 20 104 64 0 4 40 35 17 39 0 128 0 36 88 16 36 23 128 98 56 43 61 60 121 44 95 90 72 42 103 56 56 132 81 17 0 54 17 60 113 10 51 8 28 14 128 28 34 90 82 101 86 27 50 41 114 
15 0 8 60 66 12 20 0 76 152 12 0 9 69 14 14 20 18 12 0 14 31 49 30 127 52 150 12 20 62 0 54 10 81 43 24 15 0 14 15 0 8 0 32 12 113 0 66 65 107 27 14 0 51 0 9 23 43 51 0 20 12 108 63 0 6 8 18 42 0 148 48 81 138 12 140 63 27 0 6 6 88 29 81 10 65 0 48 53 26 0 10 40 4 56 8 21 0 56 34 12 0 98 46 81 0 18 56 22 77 64 20 20 10 36 74 0 30 36 0 70 75 0 52 18 36 26 18 43 50 26 17 42 0 0 14 54 30 15 45 0 30 119 15 16 99 16 0 77 0 82 76 0 8 26 60 110 6 0 169 79 75 38 0 63 33 50 48 16 0 0 19 12 0 71 205 85 51 18 0 51 9 0 64 85 0 3 56 15 49 12 37 0 130 0 12 51 18 95 0 22 3 48 18 24 4 52 0 48 49 30 26 25 36 45 60 101 0 73 0 61 1 0 18 10 38 40 59 58 27 0 34 0 53 12 33 0 41 35 14 32 52 5 3 31 46 14 34 15 135 135 50 30 6 0 33 
41 65 115 63 52 34 20 9 213 98 57 40 35 15 46 124 89 80 0 42 163 85 62 5 44 84 63 24 58 36 16 63 86 62 177 39 116 61 52 105 71 207 42 38 48 67 78 56 143 25 44 125 54 32 45 74 44 59 82 90 70 42 13 45 0 62 16 109 77 83 76 9 15 56 9 6 134 102 0 24 18 21 129 15 0 70 89 40 0 28 73 84 171 103 21 25 50 36 86 80 54 39 14 64 44 28 124 12 0 29 72 23 15 6 0 80 0 18 122 80 103 153 128 58 8 42 96 27 91 36 15 150 79 0 26 0 99 20 46 2 58 103 44 70 32 67 66 6 28 86 0 86 29 141 73 30 31 52 12 121 124 150 0 56 91 14 63 21 4 35 60 139 39 93 41 63 71 85 93 20 0 30 102 3 24 97 63 75 8 87 53 70 76 35 2 178 80 57 1 32 114 76 45 3 79 132 30 102 50 23 0 36 113 43 33 40 72 24 57 130 12 14 75 16 30 36 8 58 10 79 92 99 49 122 0 79 25 61 18 127 193 20 166 27 42 68 153 118 97 75 51 27 65 16 91 71 
72 5 6 18 58 5 41 115 26 68 0 127 63 83 45 126 56 109 116 75 34 8 43 130 66 18 0 102 97 46 56 0 31 0 78 126 29 27 43 9 48 152 21 147 54 48 110 54 185 41 161 75 35 106 8 129 12 56 2 93 25 54 107 63 58 16 164 19 0 48 155 72 116 39 107 108 25 0 90 121 42 10 82 118 36 63 94 146 163 0 73 149 132 0 22 95 36 7 0 56 17 56 23 21 53 76 95 4 118 162 56 0 5 44 81 45 98 93 5 27 28 106 56 38 49 33 63 30 132 116 35 81 42 130 58 154 151 69 28 68 36 246 84 26 30 41 63 2 12 8 85 0 203 32 7 50 26 79 60 132 3 189 35 72 39 112 282 16 55 27 93 56 0 58 188 14 16 89 0 45 74 60 0 16 81 174 98 146 19 107 0 102 4 74 21 103 84 93 108 63 0 75 82 125 111 42 157 116 45 56 29 3 72 138 72 66 29 66 74 55 101 53 93 139 26 74 54 42 79 112 65 41 92 42 26 54 161 58 127 169 58 168 3 54 109 56 0 277 9 90 105 54 62 21 0 37 
170 91 33 73 12 92 61 74 117 30 12 28 0 37 4 31 36 28 6 51 89 69 87 93 151 103 54 61 100 140 24 40 49 71 0 136 0 76 128 3 75 42 8 164 7 75 27 4 63 18 48 54 146 142 67 87 60 94 61 16 19 37 82 86 60 32 96 66 0 91 65 0 40 16 94 16 113 26 0 48 62 29 0 20 32 55 79 54 28 135 109 48 12 6 122 107 76 28 52 0 9 44 67 14 34 68 55 0 21 63 106 74 116 93 18 55 0 40 31 0 40 49 0 81 98 32 107 4 101 87 36 10 102 8 0 18 26 79 129 44 0 104 32 54 79 6 80 90 47 9 56 6 35 0 4 133 0 29 10 30 227 66 27 46 0 70 64 4 1 0 46 56 37 127 229 61 0 33 18 101 132 104 32 49 34 51 146 69 123 80 52 35 44 182 28 0 88 18 43 114 64 0 94 24 0 16 0 72 19 89 107 55 21 0 18 5 43 0 64 0 18 35 38 50 0 87 36 117 57 75 48 37 5 61 100 17 30 63 36 67 54 203 105 56 90 120 91 156 76 130 184 72 23 134 24 81 
137 0 4 10 5 43 0 3 2 18 24 9 16 1 93 24 0 55 14 138 15 80 0 0 12 31 54 0 97 59 3 46 0 0 77 60 69 47 13 0 49 28 142 42 80 22 36 0 45 21 63 18 5 96 90 67 133 9 83 27 79 10 6 15 37 63 21 12 68 27 56 42 37 108 24 45 31 0 0 69 8 38 0 72 11 61 24 7 29 6 2 104 39 0 47 0 12 56 25 72 80 48 15 32 21 28 0 3 8 9 14 63 73 25 0 72 125 0 25 8 76 64 7 25 0 38 0 20 4 8 113 66 48 15 39 64 66 53 97 80 8 46 8 66 11 78 4 68 0 65 36 0 7 21 60 65 0 28 92 28 82 156 26 80 8 47 0 0 25 32 88 70 18 17 105 53 48 0 17 50 15 42 3 9 6 9 98 0 109 0 18 63 48 17 73 33 43 61 5 178 4 49 0 56 48 32 10 18 43 57 5 5 81 15 56 71 13 25 25 16 24 8 78 36 66 9 25 12 29 66 62 97 51 16 45 1 60 40 63 11 0 9 16 0 69 48 0 16 60 54 15 37 13 33 42 150 
84 46 24 16 39 84 66 40 0 48 0 24 0 0 8 48 34 58 42 5 0 56 92 112 12 113 100 26 91 32 7 68 60 77 33 29 120 15 36 58 69 153 0 51 80 66 88 0 36 28 72 82 42 7 80 16 16 56 23 21 142 60 24 44 10 74 80 88 0 21 159 61 15 108 126 0 9 100 10 80 12 0 89 23 42 96 56 27 0 0 79 97 35 45 88 14 56 42 0 4 0 10 0 41 48 5 71 13 32 62 28 2 14 103 126 132 18 16 0 0 75 16 0 104 0 64 32 140 143 82 32 152 64 61 37 30 177 84 8 150 93 97 72 4 0 158 42 0 16 71 146 88 30 0 35 0 171 14 24 151 56 126 15 60 86 16 56 93 123 59 32 64 70 14 208 36 18 44 108 47 61 64 44 7 0 18 21 121 0 146 79 32 2 20 8 63 9 0 60 56 142 32 55 12 31 40 8 9 109 48 0 8 82 32 129 131 10 63 0 72 9 26 69 0 102 88 72 72 86 81 63 7 13 28 15 36 117 108 94 44 98 15 120 54 58 64 22 82 151 38 6 56 65 0 9 109 
0 16 30 38 0 43 35 0 36 18 36 30 52 45 63 27 48 95 36 56 124 114 0 0 73 92 3 125 8 5 66 147 72 2 42 198 0 56 7 9 0 6 144 63 72 18 0 79 0 60 0 2 9 64 36 42 22 0 88 4 0 78 53 6 55 125 88 4 0 18 75 18 63 0 8 0 28 0 36 126 107 35 45 0 28 18 147 7 50 0 0 13 63 0 0 160 25 103 27 48 45 0 120 33 74 53 70 103 9 25 24 0 45 72 1 152 0 72 24 40 24 0 3 0 84 72 33 0 0 10 62 18 0 51 10 36 131 74 18 82 36 8 36 0 2 121 30 7 54 7 102 0 0 0 0 0 99 34 72 56 0 47 0 37 54 51 37 0 111 39 0 198 38 13 0 12 8 28 0 0 81 0 111 93 7 0 0 0 24 10 6 139 20 24 14 148 42 46 28 90 0 44 40 0 9 18 91 18 0 81 18 2 90 56 49 63 18 55 49 22 6 18 81 63 35 96 81 22 0 49 0 20 103 18 0 0 32 0 57 0 35 85 12 31 63 105 99 8 9 41 0 27 63 49 0 90 
28 43 45 69 10 0 4 18 105 122 45 33 25 35 12 37 22 4 56 28 38 0 20 50 81 26 129 68 47 0 39 36 18 0 64 52 104 27 6 9 0 18 70 0 32 81 6 51 21 75 71 40 6 5 37 72 47 80 42 31 32 7 32 54 30 142 92 20 10 0 2 32 22 51 45 8 68 82 32 52 0 99 23 4 0 72 74 52 100 38 60 63 45 32 125 42 0 9 113 68 0 12 50 12 0 21 6 109 5 98 82 0 6 73 25 110 54 90 63 57 66 21 63 60 0 3 70 59 41 52 16 12 40 28 54 125 79 21 0 45 101 82 40 40 28 77 36 2 0 57 18 12 62 93 12 56 44 0 15 64 51 56 8 49 6 63 44 40 14 18 24 75 0 92 57 83 35 24 26 72 54 0 40 18 49 60 32 39 18 47 48 51 40 32 22 21 79 24 45 98 32 29 63 0 36 3 5 42 52 0 25 3 27 62 66 63 39 53 28 46 46 30 0 20 36 60 22 111 34 45 28 121 0 0 15 5 12 0 33 36 53 110 3 0 6 32 32 14 9 26 12 32 26 56 24 50 
83 47 0 75 44 0 24 26 86 96 122 63 0 0 118 64 43 25 24 67 0 0 44 124 30 52 109 0 16 34 5 75 42 24 0 63 28 0 7 95 42 42 45 114 27 15 109 48 42 52 137 0 34 10 0 12 32 27 50 108 53 142 10 45 0 80 0 50 109 0 79 40 32 61 15 14 5 34 0 136 0 54 51 72 38 72 40 137 93 37 10 40 0 66 168 36 68 24 84 59 41 46 63 27 74 18 85 0 55 0 75 16 18 0 91 173 45 24 10 47 29 0 21 48 5 48 38 91 127 156 145 48 35 74 35 140 37 36 57 45 6 128 63 30 66 90 60 0 77 117 84 30 95 87 50 121 131 0 23 10 0 12 12 12 16 88 85 149 126 0 36 28 39 39 73 28 10 14 89 181 48 85 56 32 35 15 36 21 0 35 36 39 14 95 0 25 24 90 87 24 12 24 44 6 75 28 60 0 54 155 24 45 31 96 71 98 36 0 107 12 9 31 70 0 54 75 43 24 110 42 34 14 19 56 4 54 18 40 72 12 54 0 52 31 20 20 78 55 18 43 0 77 48 0 163 117 
44 12 24 72 28 6 99 93 116 42 120 0 19 161 72 20 8 12 39 96 78 80 27 21 78 48 82 44 34 24 31 6 23 30 138 102 11 8 40 57 34 110 82 37 50 22 66 160 35 35 69 0 48 0 0 91 35 81 189 18 6 13 73 12 54 20 64 29 23 0 72 0 71 74 24 9 9 76 14 48 12 105 72 21 6 160 72 51 43 1 53 14 186 103 89 70 23 63 93 38 0 18 54 95 30 113 161 14 30 78 17 18 24 72 18 20 88 162 78 51 76 32 30 68 0 14 24 123 81 66 42 93 24 0 75 12 82 66 62 0 85 22 24 75 4 72 79 18 24 33 40 4 67 113 39 79 50 50 71 12 61 107 49 121 16 42 99 42 2 24 53 58 0 81 51 75 42 143 69 24 46 24 2 56 80 6 0 186 8 0 26 12 84 140 0 23 18 100 63 90 68 48 72 36 61 0 87 86 57 30 6 0 138 54 158 102 45 52 64 113 125 28 56 31 12 0 0 7 33 43 34 45 100 12 0 126 39 2 38 1 83 95 42 0 74 27 72 77 0 24 48 162 55 67 0 32 
33 49 76 11 21 3 61 55 33 48 10 10 107 0 55 65 2 3 21 19 75 33 88 29 114 46 117 72 110 52 50 23 57 32 102 166 65 36 100 119 87 129 29 44 0 118 174 0 6 48 105 108 68 121 28 57 70 24 175 122 0 79 86 73 89 81 80 42 19 30 31 58 152 56 74 28 119 18 30 66 30 98 136 48 88 32 101 72 82 94 0 138 30 132 148 150 85 18 86 42 27 45 81 90 79 48 60 0 65 18 138 108 4 12 58 110 113 0 0 119 70 33 85 79 65 139 66 37 20 90 25 87 18 0 72 0 87 8 18 72 24 101 50 64 0 15 109 88 78 62 148 12 79 26 3 0 50 66 24 30 271 125 24 0 15 76 156 64 57 45 91 52 38 179 104 65 94 76 67 110 141 15 72 16 129 70 102 135 0 53 146 101 131 13 111 28 0 88 61 114 65 86 2 0 159 75 74 53 51 104 47 3 65 48 30 27 0 58 62 81 185 31 0 147 24 119 44 61 77 46 0 74 41 0 0 0 20 37 58 42 48 40 42 84 72 5 26 166 57 106 18 52 154 98 22 133 
78 78 77 14 24 48 0 41 115 39 36 21 89 38 89 63 45 78 71 62 0 17 24 36 155 62 66 0 55 46 16 35 24 18 59 386 58 36 48 42 28 60 69 91 113 59 10 111 99 41 51 31 0 37 92 139 28 121 137 32 45 0 93 34 158 12 143 12 84 87 126 8 75 145 118 3 54 107 0 84 48 106 26 49 12 88 126 0 0 124 21 88 24 161 20 32 48 0 16 26 14 18 114 77 18 99 56 92 48 18 31 60 54 71 46 35 0 26 79 71 91 0 65 182 113 64 35 20 122 90 63 97 4 15 0 107 98 125 93 18 64 72 40 138 42 151 101 14 52 68 37 36 11 43 79 72 8 77 49 59 148 30 12 39 31 102 174 50 39 11 0 98 35 95 76 120 20 109 83 18 65 103 11 127 44 8 110 163 5 34 1 9 102 169 28 15 68 143 2 33 65 91 138 42 90 78 36 13 36 117 53 2 32 62 30 172 10 22 19 130 4 8 76 155 34 29 48 37 32 72 82 147 29 146 97 79 25 97 70 161 61 109 173 56 170 24 83 108 124 37 8 144 85 21 40 71 
102 83 0 87 93 135 107 43 115 133 0 13 16 98 0 7 28 157 56 48 12 98 59 43 69 5 50 195 48 92 88 69 24 24 18 140 45 56 169 23 142 112 36 194 49 47 4 12 40 145 99 53 138 52 26 97 60 41 50 111 27 14 0 198 31 27 82 170 48 60 86 50 0 181 102 5 100 75 0 10 20 10 25 35 38 35 61 73 77 74 120 99 81 18 37 63 138 42 42 39 54 54 8 64 62 40 24 79 61 36 59 24 52 54 56 57 88 144 9 55 24 81 98 39 10 30 121 103 146 50 188 93 90 27 54 41 28 24 106 43 126 42 24 46 108 24 22 0 66 112 169 66 183 84 100 121 72 57 70 35 118 42 22 129 66 39 66 53 51 32 76 115 62 103 35 69 54 10 42 41 60 7 4 79 156 81 117 40 100 110 42 68 6 71 25 71 119 30 14 123 70 98 54 14 81 32 16 12 45 113 112 81 153 91 140 8 0 98 6 65 24 107 128 41 15 54 60 59 130 55 30 77 40 14 36 202 106 40 106 68 196 88 101 120 89 83 23 40 159 188 104 0 152 123 10 140 
10 52 8 103 68 8 118 83 121 146 16 107 95 76 229 0 33 22 37 64 212 89 68 54 112 62 206 187 37 62 3 14 74 0 126 162 206 141 8 6 77 24 92 64 185 76 53 33 36 74 158 25 27 8 28 99 266 149 169 57 79 136 65 73 148 98 105 32 48 24 120 17 37 158 22 72 66 129 36 99 36 12 143 15 138 26 129 98 77 113 69 40 0 45 126 92 103 185 57 149 41 78 107 133 241 150 54 35 42 110 60 0 46 71 142 273 51 81 18 51 104 132 126 193 39 144 49 15 103 70 177 52 28 100 54 140 96 0 14 51 156 66 35 32 16 67 6 54 66 76 27 112 67 99 62 0 58 8 24 134 31 147 0 29 72 18 48 98 66 145 130 96 100 116 52 121 56 65 16 95 82 16 48 51 113 63 48 36 73 32 76 101 14 24 47 0 57 83 30 0 40 36 55 64 4 81 174 97 0 27 30 2 63 143 0 30 18 72 194 84 102 10 143 34 193 4 88 36 39 115 161 65 54 24 0 21 133 82 40 78 61 36 91 24 134 12 70 90 33 53 150 154 85 120 14 68 
62 40 0 33 24 26 20 27 63 50 4 75 40 54 108 58 0 20 71 24 21 53 69 183 100 57 81 126 25 64 27 57 36 21 85 94 0 0 11 6 49 33 64 112 0 215 6 76 54 105 15 0 0 110 56 133 3 156 100 25 36 108 81 81 59 2 76 26 39 45 91 0 0 145 36 76 142 0 39 85 35 0 7 0 33 0 94 2 68 66 0 54 32 49 92 47 55 14 0 12 0 74 133 140 63 54 8 0 119 42 90 6 42 2 112 23 40 196 1 82 117 81 0 9 111 132 54 25 118 53 149 87 14 24 109 0 54 27 76 120 62 63 160 9 24 0 0 7 133 85 84 158 56 40 21 20 16 28 24 115 80 51 17 101 6 51 26 30 107 84 63 71 59 34 31 0 28 28 16 82 38 40 9 44 45 20 18 80 136 54 52 50 0 84 25 2 121 100 82 29 2 36 50 42 0 0 129 0 93 0 53 43 98 31 68 48 18 70 97 15 83 0 12 42 40 56 59 191 163 43 58 36 29 0 0 19 5 50 246 122 100 6 94 12 100 92 65 54 18 93 144 107 0 121 64 151 
49 38 36 12 27 4 0 105 0 42 60 21 15 59 21 66 0 105 30 68 66 40 19 4 75 117 44 31 25 12 20 0 63 28 25 70 0 0 59 4 29 0 72 15 69 94 20 9 60 42 54 57 45 0 35 0 21 40 87 38 64 32 0 25 72 44 72 0 75 16 24 30 40 80 0 34 37 151 92 15 38 107 20 34 16 72 0 6 75 9 25 127 9 117 4 56 66 0 70 53 13 21 80 58 0 24 63 64 95 73 9 37 53 36 85 143 0 86 56 94 66 61 72 70 73 0 0 4 21 89 49 45 84 73 20 0 56 10 57 0 0 51 3 35 16 78 46 32 63 30 0 107 0 80 47 0 35 0 27 0 126 104 5 79 99 7 46 43 0 0 0 74 3 85 67 79 120 113 25 27 0 53 10 24 51 135 49 45 107 138 8 45 83 20 16 0 64 40 1 24 32 48 136 0 66 40 10 0 0 66 33 0 106 88 6 0 32 5 30 63 0 17 48 111 3 20 0 5 0 53 146 53 15 0 44 25 0 9 72 66 15 91 0 33 24 7 20 0 67 21 0 47 15 111 120 147 
79 95 36 36 60 18 0 0 9 32 4 35 4 32 24 0 53 95 0 74 10 9 64 21 72 11 75 15 27 42 0 52 9 81 0 84 110 59 5 0 36 3 13 31 4 99 45 0 36 36 57 34 0 96 26 4 77 2 174 48 40 63 72 36 81 85 40 70 0 0 22 0 118 24 96 57 0 0 2 54 20 27 25 6 31 4 82 1 58 27 0 0 24 0 31 56 24 0 0 33 45 0 0 0 0 23 29 25 8 3 143 9 32 8 0 103 0 47 15 31 15 0 80 52 21 0 21 42 63 139 54 21 12 0 28 82 49 93 44 0 8 50 2 6 60 91 0 6 87 0 27 0 40 0 6 0 24 0 0 41 62 18 6 15 108 0 78 83 18 0 21 44 32 0 15 33 23 64 111 0 0 63 0 30 7 21 2 48 30 84 3 60 0 18 0 43 47 50 0 0 25 63 30 0 9 0 0 16 30 130 16 0 102 63 40 5 9 40 0 10 74 9 28 64 0 30 12 0 2 0 18 15 25 0 0 0 36 52 51 32 0 128 8 101 20 54 75 48 40 46 0 49 72 56 6 88 
34 0 30 35 75 10 76 16 84 17 26 83 86 33 109 27 65 109 0 0 198 48 84 0 72 139 198 41 66 36 15 131 24 44 52 93 16 0 24 0 26 21 102 149 16 26 67 114 81 35 27 27 76 56 56 49 59 51 78 36 43 127 62 84 21 83 16 8 145 12 71 63 18 93 55 54 52 0 20 39 54 0 63 37 41 30 71 0 4 45 12 193 0 79 18 173 28 0 17 78 78 42 30 99 203 72 75 5 24 0 34 0 64 50 102 72 6 10 104 54 51 21 35 60 6 32 32 0 14 18 31 93 14 75 35 0 81 71 6 18 4 90 3 40 15 83 112 6 0 54 57 9 0 117 31 24 30 77 60 17 24 145 0 72 62 34 18 35 20 27 0 153 49 116 9 128 81 0 35 87 0 38 62 71 0 112 73 30 29 8 21 115 14 0 45 12 46 125 57 101 70 21 20 7 21 63 54 14 118 54 4 93 14 113 36 16 9 19 48 51 55 0 42 141 24 60 18 64 32 54 0 60 56 40 75 10 20 138 57 150 24 15 40 80 73 42 42 35 99 190 54 36 0 12 12 179 
24 0 0 58 56 129 81 78 84 68 28 56 61 117 120 63 6 94 54 0 169 127 7 42 34 74 37 129 102 6 1 147 7 3 86 120 148 0 43 151 33 35 73 112 110 52 111 47 75 127 84 48 65 44 54 89 178 6 152 23 94 78 95 36 5 60 30 5 138 36 119 14 36 166 66 51 30 63 63 13 36 44 117 24 46 77 164 9 0 68 52 8 85 133 108 93 39 9 44 54 99 70 97 58 110 84 9 53 72 18 16 16 136 48 5 169 45 25 157 83 110 36 89 94 30 74 20 9 45 31 311 108 21 22 16 98 56 16 61 20 45 34 0 77 69 78 21 109 27 10 86 61 35 14 63 130 60 113 5 70 201 148 45 51 65 0 111 2 187 50 115 34 63 40 79 160 116 10 114 20 56 14 59 50 78 18 154 179 152 6 23 96 0 112 61 60 9 120 62 146 54 4 45 63 120 11 9 61 56 36 46 10 136 127 14 59 124 8 20 12 130 0 149 77 157 23 119 55 64 76 58 142 54 46 18 52 133 112 90 127 35 89 36 18 142 70 14 109 111 55 53 131 57 90 7 71 
52 16 79 91 98 17 98 150 129 176 16 104 65 74 8 0 126 67 112 154 88 68 17 28 97 88 94 112 115 77 66 106 54 56 44 119 132 15 56 82 40 77 103 75 140 70 231 78 38 104 6 26 175 55 18 80 152 107 138 48 44 43 86 159 63 84 92 28 36 15 36 115 162 98 124 88 36 85 50 56 32 16 177 0 8 79 158 107 129 10 107 0 157 155 120 35 113 40 0 128 99 105 29 88 191 7 13 83 117 53 65 52 54 12 32 66 107 122 76 81 97 14 85 136 35 15 0 64 47 32 128 56 184 64 8 152 69 112 52 88 108 132 131 77 0 79 35 105 10 21 91 60 11 14 153 58 10 120 41 110 111 56 64 129 32 64 0 12 40 98 46 22 55 28 160 194 15 23 93 95 27 14 92 78 127 112 110 61 141 185 43 127 12 73 0 0 143 37 60 71 93 45 79 8 78 40 19 32 48 145 25 102 64 56 42 49 130 9 34 27 50 76 72 103 32 16 0 41 70 155 60 72 85 31 38 138 76 17 7 4 83 145 36 60 16 27 70 128 12 26 75 74 96 50 10 31 
191 54 0 93 123 140 104 229 49 89 205 110 6 105 121 127 9 178 69 8 157 89 102 25 45 27 123 39 15 0 16 12 0 8 143 32 137 54 134 78 45 18 76 30 111 172 108 66 63 61 152 60 115 126 7 149 57 46 78 18 6 154 54 30 18 22 146 26 61 75 92 102 117 106 195 22 37 21 30 138 20 0 63 74 83 37 146 74 63 85 8 64 122 14 83 87 123 27 6 8 207 15 39 129 79 31 41 0 14 100 154 8 16 54 105 132 132 186 0 15 21 80 132 133 0 0 0 54 73 70 166 5 30 0 16 76 76 55 96 32 81 14 5 22 67 111 35 32 100 63 70 21 126 69 39 0 27 171 57 40 18 23 0 15 8 36 96 138 0 0 80 65 24 24 195 121 16 0 59 77 67 73 44 79 97 133 24 172 15 12 0 75 48 152 83 89 0 42 128 73 28 116 192 0 57 69 17 60 79 175 0 0 53 124 96 74 55 48 140 98 128 15 54 182 20 28 41 0 16 57 12 53 200 0 0 182 42 15 68 132 45 18 36 41 45 67 54 63 0 3 98 159 144 171 38 81 
67 87 0 69 73 23 24 64 76 62 0 50 100 55 111 135 84 19 10 44 30 88 142 0 70 159 150 42 56 70 43 67 60 125 58 149 98 129 21 123 21 120 152 34 16 191 148 22 0 35 54 64 96 89 111 227 111 100 144 33 58 134 120 90 32 81 144 52 12 14 47 30 78 183 87 18 57 115 35 120 76 38 196 63 70 78 109 0 77 66 5 114 0 52 71 88 106 0 45 86 135 0 56 62 155 64 119 30 86 27 49 5 18 0 109 233 5 111 72 45 103 15 146 99 50 147 118 10 49 0 182 106 126 28 0 16 78 77 32 18 35 217 0 26 0 128 104 0 96 79 115 40 35 80 46 0 45 65 66 86 49 153 42 28 69 76 120 82 55 16 45 224 21 105 126 6 71 66 25 7 140 127 25 112 124 56 66 88 53 64 105 89 69 96 28 77 158 62 93 28 22 117 131 39 101 12 33 55 153 121 6 54 176 138 12 90 36 103 12 81 264 56 138 156 80 62 144 39 94 105 92 34 172 63 64 3 101 68 49 80 83 94 42 161 122 33 60 90 120 58 8 61 117 49 44 151 
70 9 5 0 60 0 57 24 166 66 133 6 3 48 10 15 4 19 0 10 37 33 38 0 63 67 118 62 52 44 16 36 24 29 0 42 93 40 50 29 33 79 51 63 116 0 40 88 19 56 112 0 0 136 0 15 80 77 76 36 0 87 118 37 18 13 58 20 46 0 57 2 38 7 25 45 42 104 10 56 10 0 48 10 95 30 105 5 7 18 24 2 24 46 53 49 0 75 10 0 45 45 80 14 0 81 107 0 10 30 72 127 65 38 48 0 67 78 53 30 86 111 0 39 18 15 66 24 50 122 130 0 40 12 0 149 35 0 27 81 46 65 0 34 64 63 93 4 61 22 2 95 18 6 30 108 8 79 36 80 91 118 0 0 84 44 0 30 16 122 0 94 26 33 103 99 58 8 151 29 0 0 16 134 72 22 33 127 26 42 81 104 57 28 0 0 16 8 126 31 16 12 30 0 9 66 70 0 58 18 7 66 0 80 29 0 137 0 28 0 103 61 0 65 48 48 16 64 0 5 0 95 60 0 57 30 0 0 30 54 0 83 25 92 62 0 85 66 21 42 49 60 12 80 0 54 
10 0 112 40 0 0 48 42 36 27 12 36 17 20 6 28 19 19 12 75 25 8 7 54 0 0 60 52 14 61 20 0 36 75 11 39 23 4 4 16 27 54 10 47 28 16 87 66 54 46 57 48 137 0 24 84 24 159 4 0 21 42 75 50 0 99 203 26 0 8 119 6 0 72 9 81 81 45 0 48 0 13 27 30 16 96 74 0 123 117 150 62 75 9 39 57 8 75 56 42 4 6 63 101 35 66 63 17 114 28 6 42 63 52 24 81 18 90 74 8 0 9 0 6 0 0 4 46 7 10 51 74 33 48 12 27 106 38 63 24 0 126 165 76 22 8 99 18 43 9 46 26 146 61 33 0 0 36 51 165 99 225 27 79 27 7 84 36 21 18 0 2 29 99 54 26 0 0 6 30 45 75 4 100 87 8 2 70 52 68 114 54 68 0 20 99 45 0 86 114 0 107 8 18 25 48 63 42 63 52 25 0 54 92 157 54 31 6 87 9 45 63 54 51 36 94 0 0 56 63 18 49 24 6 1 52 57 28 63 50 56 89 37 42 39 42 0 120 8 105 109 51 54 8 0 36 
159 48 48 20 18 64 7 82 32 45 0 38 31 36 0 136 85 27 21 63 60 155 36 72 25 75 170 36 64 16 9 66 59 45 15 90 143 52 59 84 178 74 73 132 56 2 173 76 160 60 129 66 0 102 0 0 80 9 135 71 108 42 83 30 28 71 119 55 95 93 27 61 147 118 14 32 49 106 0 53 28 45 66 72 63 185 42 40 150 48 39 43 142 91 91 72 40 81 45 59 7 75 46 108 36 9 195 15 68 29 65 54 95 0 6 15 55 78 9 20 7 178 37 32 46 160 113 18 35 213 87 0 99 34 28 90 24 0 0 0 7 52 20 39 18 45 24 7 42 9 74 104 144 24 0 156 4 56 0 37 36 65 83 156 60 25 98 92 116 81 24 4 15 21 84 92 0 14 15 0 124 14 0 81 199 138 32 84 72 43 126 60 70 211 8 9 59 21 42 110 0 6 48 10 61 116 38 0 122 27 63 42 68 36 116 35 130 8 74 0 180 0 12 9 108 0 0 81 126 63 104 0 12 44 36 67 50 12 3 60 44 128 81 27 12 132 94 2 0 89 129 54 88 9 0 128 
177 56 0 82 6 30 36 37 8 40 63 18 138 9 2 40 64 0 38 24 54 18 0 29 70 89 94 6 14 96 54 85 0 5 36 12 82 26 21 12 38 47 114 0 72 22 30 36 12 12 32 4 10 19 10 45 55 96 148 111 20 126 26 87 0 7 58 40 0 9 25 30 0 78 18 6 72 63 45 120 0 0 101 20 0 10 122 81 0 16 0 94 104 8 48 0 0 81 72 54 126 40 0 0 54 65 13 50 28 60 126 12 14 44 22 100 0 0 15 0 62 8 0 87 0 42 45 14 78 22 150 53 40 130 139 66 154 0 48 42 60 137 25 30 10 74 21 0 24 0 36 0 25 44 0 79 30 62 21 54 69 153 0 36 0 72 34 38 15 36 20 32 12 159 103 35 76 0 14 55 56 18 42 35 0 42 0 39 0 63 45 181 24 36 6 71 72 128 18 41 0 40 36 0 0 26 0 51 10 54 8 13 0 98 16 96 12 30 139 79 63 82 71 80 4 26 60 28 8 85 0 73 66 75 82 58 81 45 40 54 12 0 0 0 28 16 8 42 36 110 6 63 78 28 0 76 
72 69 0 107 130 74 91 59 61 97 0 9 15 0 0 78 100 84 62 9 51 147 1 80 124 17 71 77 14 100 65 95 33 32 103 104 93 48 84 0 27 45 136 65 32 90 52 3 42 63 97 18 0 0 91 96 72 131 128 218 0 51 45 90 85 68 25 122 18 87 72 3 0 84 108 0 47 181 15 32 16 9 73 54 12 27 108 4 9 52 18 0 8 8 71 0 80 3 42 72 100 79 0 24 80 21 36 54 111 0 60 137 99 20 66 116 20 18 21 57 88 27 121 130 140 0 69 100 146 83 100 34 20 85 66 115 70 47 71 3 230 93 0 39 35 8 73 24 64 172 122 87 24 47 257 96 45 33 20 22 64 15 87 77 16 57 145 5 104 38 1 107 0 69 57 144 12 106 114 71 63 0 118 27 235 8 117 54 40 61 12 55 81 168 0 90 46 71 12 33 90 40 171 0 63 3 9 5 0 187 27 1 120 220 46 57 35 0 4 93 90 15 146 25 54 15 81 12 57 30 70 20 27 45 39 162 26 23 0 124 69 48 27 27 21 62 20 19 27 101 12 106 111 64 62 88 
20 65 30 37 99 14 36 41 104 91 9 54 20 31 6 72 90 112 0 12 32 25 63 29 124 30 79 53 77 172 45 46 16 90 40 105 15 14 77 20 34 33 45 132 45 27 96 119 0 56 41 105 68 61 6 114 52 36 59 31 66 103 12 35 88 79 135 55 27 40 30 67 63 85 93 30 52 58 0 5 110 45 85 45 0 25 68 85 120 69 22 72 213 85 61 76 118 45 75 95 89 37 72 27 60 18 48 90 183 79 40 64 32 12 25 25 26 16 37 101 33 18 2 49 39 0 18 113 27 51 73 34 90 81 105 61 45 43 28 36 42 175 96 16 90 73 129 25 24 36 84 20 0 15 60 55 4 54 58 45 62 80 45 120 110 86 129 10 0 48 32 78 92 36 76 15 39 48 81 72 21 58 63 35 63 71 43 101 78 104 50 146 32 86 45 63 130 83 27 54 166 71 25 11 70 13 87 54 49 80 6 72 45 104 72 95 16 16 19 30 27 8 48 172 15 42 9 0 110 173 43 50 77 60 78 30 0 8 162 27 134 172 18 42 38 80 72 127 0 36 24 104 155 36 21 22 
68 0 44 44 44 40 18 57 72 0 27 0 65 42 30 134 0 34 54 114 0 74 42 42 30 57 35 32 63 3 65 0 63 18 57 210 131 16 20 60 60 56 42 52 10 16 76 44 135 0 36 44 33 84 0 60 0 0 113 0 72 0 78 24 117 207 57 46 73 36 42 9 33 84 18 0 6 31 0 0 10 23 35 14 24 18 72 16 108 0 190 66 110 144 64 30 63 0 72 144 56 0 117 105 124 54 158 45 42 84 35 10 0 93 21 0 28 32 44 85 19 44 7 54 18 0 60 141 145 102 0 78 30 42 51 86 63 42 72 46 32 99 138 12 6 103 0 6 20 6 0 52 0 48 94 48 54 4 0 58 163 42 63 48 0 0 69 49 62 6 45 48 24 106 42 0 88 50 0 0 90 42 48 30 0 63 103 0 42 40 24 2 67 24 0 12 0 56 8 19 85 24 36 0 26 78 30 113 0 0 19 49 77 24 68 56 20 7 51 84 9 49 18 56 0 36 27 6 16 42 33 63 0 0 24 45 112 28 0 32 124 8 0 37 82 33 138 36 18 18 75 177 84 9 45 21 
152 14 153 102 30 94 0 78 72 25 40 60 67 21 21 70 87 49 18 20 2 106 150 121 84 111 18 7 209 115 54 77 91 15 106 69 0 0 40 117 62 96 55 118 67 24 218 39 168 81 105 109 90 59 32 0 75 178 106 87 72 137 0 12 34 114 186 90 152 39 0 8 62 103 15 190 30 116 33 44 40 0 0 156 72 24 145 70 175 131 27 121 2 109 186 7 63 54 106 167 102 104 171 157 89 128 151 16 42 56 50 77 45 84 102 169 0 0 31 82 89 93 152 20 45 22 54 55 156 19 241 5 117 100 136 57 98 32 65 54 49 144 89 27 2 18 45 17 25 37 8 71 156 0 3 180 23 40 0 87 140 42 14 54 71 7 1 110 32 71 129 28 20 191 41 56 83 30 31 69 109 36 0 54 0 153 85 46 0 73 35 111 24 39 53 103 73 63 56 48 37 131 8 12 48 84 0 17 72 51 40 38 67 25 0 81 27 65 130 27 124 42 141 11 32 101 36 64 24 36 97 32 21 41 4 0 137 60 0 50 0 102 81 69 24 131 68 28 45 63 87 76 35 79 40 26 
66 63 122 48 40 32 0 24 135 150 0 151 55 0 18 127 26 44 0 58 24 90 87 112 181 255 48 7 99 79 30 84 112 122 14 74 13 0 158 0 30 95 45 307 7 94 54 16 28 128 56 6 30 24 56 14 0 73 84 8 0 28 15 249 73 65 103 96 104 93 229 0 0 42 12 18 24 50 28 40 0 44 46 72 32 131 28 68 121 108 40 24 126 66 63 103 42 0 58 20 46 46 47 20 81 87 80 76 149 101 40 0 0 69 30 46 82 113 62 75 27 138 33 6 65 125 16 53 103 91 96 7 75 93 44 56 6 124 16 35 63 101 42 28 14 18 0 0 64 110 14 56 66 75 36 70 223 0 123 48 210 7 114 0 182 25 48 16 113 66 35 133 0 77 0 248 80 64 132 36 148 25 49 128 90 30 61 7 18 0 28 35 24 266 0 19 112 181 151 105 0 0 0 8 112 177 49 14 16 76 52 0 19 89 84 94 111 81 57 28 0 49 28 54 86 112 48 113 43 92 73 7 0 34 35 151 16 54 0 58 50 131 77 105 22 123 161 103 0 32 137 80 10 79 7 24 
114 30 30 93 63 60 10 9 104 25 33 85 121 12 47 144 54 107 50 52 80 87 107 12 8 113 80 24 28 71 32 44 8 46 194 122 117 73 98 56 131 46 31 162 27 130 65 104 89 132 107 0 98 99 52 56 68 80 165 128 35 28 50 119 27 172 170 16 134 0 123 65 66 136 93 36 66 3 0 50 0 79 38 55 19 33 163 40 0 81 14 131 120 89 109 66 67 30 78 168 79 24 61 101 21 105 118 138 22 118 204 51 8 0 50 32 84 78 100 123 154 6 143 56 7 18 36 92 194 105 237 71 73 45 0 114 95 86 0 32 46 7 9 0 0 199 100 8 76 111 69 51 150 142 168 28 27 62 25 110 139 12 62 62 131 162 124 54 2 10 95 229 27 178 173 34 132 0 63 118 37 26 56 165 156 147 139 36 95 68 36 99 56 62 43 84 46 55 78 24 56 130 109 3 27 146 15 71 9 69 21 7 103 125 121 0 93 130 193 78 61 35 93 69 0 48 77 0 47 0 68 152 144 18 8 166 24 133 43 232 16 194 27 111 0 124 146 0 93 160 43 63 111 135 175 70 
3 12 11 24 80 108 19 15 150 65 16 9 37 30 51 70 57 179 8 72 61 67 0 20 52 0 47 24 74 57 14 37 2 36 60 29 0 56 70 28 1 70 37 5 16 68 14 104 12 205 74 0 36 0 32 8 0 48 75 94 0 82 1 35 13 216 30 0 40 32 8 0 39 87 75 43 59 24 0 53 54 63 60 40 41 105 63 93 0 14 82 12 85 0 75 54 24 120 30 32 0 58 0 39 0 8 16 75 0 0 56 48 0 9 24 127 12 78 24 57 65 36 37 25 2 0 7 42 62 27 91 60 42 10 65 78 18 74 18 0 0 94 5 10 0 114 210 24 32 24 72 0 52 136 78 22 10 24 0 25 9 116 7 54 35 122 112 81 0 4 24 64 5 0 30 45 26 20 0 85 41 4 74 146 0 9 112 0 35 66 122 55 2 48 23 140 1 75 45 111 32 86 96 9 52 22 0 0 57 0 0 0 176 62 57 114 24 58 73 16 0 44 112 58 71 14 20 10 20 38 16 106 0 49 121 100 32 12 10 12 100 112 0 42 0 0 60 16 0 121 9 27 26 32 54 74 
109 56 0 31 90 30 65 102 48 141 130 118 180 36 82 0 6 35 144 16 27 71 22 21 87 78 57 127 84 32 8 42 45 12 33 146 108 58 0 222 121 82 72 8 48 205 194 52 104 121 126 89 45 103 66 132 79 72 54 102 72 77 130 183 56 50 288 81 21 27 66 0 74 147 35 139 191 30 17 156 30 45 65 119 54 55 124 133 72 32 4 110 120 0 117 87 38 88 69 16 0 125 84 10 84 16 197 12 24 142 71 155 117 46 64 168 108 91 60 42 147 222 86 68 14 59 108 98 72 160 226 39 107 18 0 0 162 103 147 211 129 111 166 18 80 99 27 64 203 132 107 83 323 25 49 258 122 48 13 81 76 88 0 6 36 72 60 69 72 111 5 105 61 117 0 20 0 17 71 116 0 70 100 108 154 126 70 78 18 36 0 59 34 80 33 72 114 104 74 83 19 27 50 41 156 0 45 31 66 264 51 16 56 77 18 127 87 45 56 9 126 50 134 55 24 72 56 81 182 69 15 30 81 64 147 64 0 45 108 80 12 30 77 62 71 197 0 121 16 153 122 1 57 20 112 122 
188 71 44 12 77 20 63 17 96 137 24 12 60 36 25 96 51 80 0 115 69 12 123 45 126 45 133 66 175 49 0 28 41 30 46 63 111 36 71 60 55 33 20 136 54 103 59 27 32 90 153 28 10 109 52 36 0 18 38 137 57 108 100 0 18 170 40 50 15 48 115 173 110 50 119 156 30 64 93 132 54 6 30 0 31 40 140 24 133 45 139 186 85 48 17 67 23 0 0 6 30 48 6 40 127 0 81 75 18 111 53 18 52 0 170 78 0 21 89 119 78 112 122 63 14 30 7 28 110 102 84 45 106 103 56 43 97 158 12 90 144 98 124 44 165 94 30 34 47 64 45 57 37 118 107 43 99 55 88 109 95 52 30 62 119 48 97 141 66 63 21 151 23 0 113 68 93 136 64 39 48 70 64 72 56 56 14 20 28 192 0 110 81 50 76 54 47 83 81 0 3 92 92 0 21 0 25 70 97 102 24 34 14 133 86 54 39 72 48 190 63 21 72 145 16 111 9 109 80 185 108 91 28 39 20 48 32 53 212 158 18 0 28 89 26 24 18 63 72 8 0 83 141 77 107 210 
20 163 29 74 135 139 86 11 12 121 80 56 168 67 45 199 55 76 0 87 170 104 13 104 99 54 36 184 80 205 62 8 53 66 96 157 22 54 21 113 9 44 156 117 87 130 36 24 3 171 69 44 10 4 110 40 9 24 158 217 4 92 122 0 34 139 196 93 12 60 2 46 68 61 20 0 110 18 77 96 78 6 65 69 0 79 0 10 0 49 45 9 74 108 18 111 58 115 144 0 104 103 115 80 112 101 82 78 131 161 78 175 40 18 75 81 10 36 63 170 0 124 93 19 103 195 75 108 121 174 133 45 2 20 55 94 34 0 9 42 72 72 0 4 107 62 67 70 42 140 8 0 18 10 27 7 120 16 0 0 30 115 6 50 56 72 141 24 2 102 27 92 15 100 16 0 54 15 59 61 23 62 64 26 117 142 39 97 33 32 145 129 34 36 44 73 3 57 170 88 63 29 64 73 101 85 20 50 37 56 70 0 57 130 10 58 2 73 68 35 116 23 159 161 15 45 74 42 93 72 62 104 67 4 44 14 42 36 105 118 102 6 84 76 32 113 18 31 24 8 9 130 26 100 62 66 
156 90 78 10 5 25 0 21 106 84 72 0 97 5 64 67 54 143 103 0 108 0 0 0 9 106 116 33 14 69 18 0 18 36 5 0 19 0 42 15 56 87 69 0 76 103 21 0 93 99 153 68 0 30 45 25 81 63 20 38 103 25 71 57 5 65 91 8 28 48 0 30 24 0 27 6 97 16 73 40 12 161 12 63 25 103 82 3 28 63 15 93 0 48 54 115 0 54 50 6 52 53 0 106 30 33 38 99 12 109 112 40 79 143 40 22 154 72 156 56 0 146 116 49 0 42 42 5 12 74 21 0 52 63 0 0 17 25 25 18 50 59 16 64 8 36 10 18 0 81 0 20 87 110 30 121 30 115 0 16 11 72 7 135 98 20 56 2 35 0 0 110 35 35 147 86 78 30 16 10 100 24 3 0 0 36 29 0 174 104 56 36 68 5 0 63 15 87 53 95 36 13 62 0 0 42 3 18 81 35 105 0 21 96 53 6 81 21 0 16 0 4 36 30 16 61 0 16 15 118 60 55 0 0 45 15 0 15 31 82 28 102 97 0 57 40 72 77 48 72 81 0 0 140 48 40 
11 31 89 91 60 75 48 62 136 15 69 64 50 43 112 34 0 62 48 79 36 50 142 15 109 48 76 62 36 58 137 54 42 5 57 60 92 46 14 35 76 33 54 40 20 111 88 64 145 96 60 0 72 49 0 0 78 105 122 3 67 118 6 40 8 24 58 47 120 18 48 41 75 162 44 42 30 79 12 68 38 0 46 90 74 47 41 36 92 14 39 37 42 15 84 70 140 48 0 8 74 45 67 2 0 14 36 0 67 66 136 19 14 65 27 208 34 33 0 51 32 86 121 26 72 13 72 69 78 126 211 39 56 0 66 6 0 16 116 28 0 66 0 31 0 36 64 12 52 77 14 42 51 49 86 34 87 35 31 18 6 30 13 8 5 63 7 155 54 53 59 19 26 32 72 76 24 42 46 110 18 67 43 32 24 178 75 74 72 29 21 33 0 44 20 74 25 64 30 79 0 198 81 3 36 3 34 16 70 65 48 84 93 76 14 0 19 36 24 0 57 18 114 71 90 80 48 30 62 17 104 65 50 34 62 32 49 0 9 30 89 44 6 53 18 30 27 38 12 93 41 21 61 49 37 184 
8 84 10 30 24 33 16 30 126 69 68 15 34 0 26 60 6 40 10 36 3 16 84 101 0 36 20 18 71 84 0 34 51 67 73 130 56 0 6 128 21 70 34 52 0 36 50 0 68 67 16 28 80 0 32 30 122 111 38 7 48 114 40 30 0 40 191 98 123 28 69 0 0 132 30 4 21 124 6 54 52 18 44 0 12 92 35 0 45 119 47 30 42 126 170 108 165 0 0 0 1 89 28 136 91 41 132 16 53 0 60 0 107 21 20 81 6 60 0 44 1 6 78 70 21 66 24 49 96 42 32 72 30 42 69 30 0 20 124 30 6 75 102 40 48 36 30 10 119 23 16 14 57 0 48 17 68 6 10 3 33 80 20 37 84 0 41 12 53 78 135 24 10 0 140 66 4 8 17 109 18 145 24 6 12 20 38 89 75 94 89 28 36 38 0 5 0 0 177 21 52 76 12 0 89 26 0 12 72 40 96 16 45 24 78 156 0 62 62 57 3 28 78 157 30 0 34 33 100 49 44 0 55 64 64 68 0 48 0 154 80 64 96 43 156 25 4 101 62 138 105 76 0 65 66 100 
126 25 66 30 41 3 57 28 137 110 30 12 138 15 36 96 38 38 21 163 6 71 20 46 47 8 122 59 119 102 66 0 8 64 180 111 119 6 51 71 129 188 114 65 42 74 167 24 246 48 143 68 55 40 28 50 60 0 54 93 91 90 102 0 42 71 50 90 81 30 57 70 5 111 24 30 37 60 36 0 24 69 77 45 105 48 150 155 59 14 43 96 41 40 54 54 84 63 59 49 41 0 47 41 33 68 91 0 60 28 110 21 48 12 24 6 62 28 37 107 69 39 29 35 22 46 44 0 35 100 40 105 8 30 40 29 49 54 79 0 91 10 35 131 84 90 32 42 2 112 0 68 76 40 139 42 2 54 92 96 72 82 0 73 120 58 62 12 65 0 76 160 12 56 214 47 83 28 64 21 54 71 61 33 61 155 211 56 97 50 69 128 58 35 41 0 192 27 63 61 60 62 0 0 6 83 41 82 58 74 25 67 79 130 135 76 151 27 74 72 20 0 45 14 0 86 35 0 65 6 117 119 56 39 0 96 65 34 28 54 95 30 61 21 56 54 46 25 19 159 46 0 159 94 53 35 
137 6 42 18 39 45 21 76 145 210 36 50 160 66 15 79 64 18 81 91 111 113 6 76 0 215 139 72 82 130 104 100 122 142 161 142 24 63 90 25 94 40 16 82 42 163 43 93 60 0 57 90 105 276 40 149 0 334 35 45 41 90 187 36 147 203 118 33 8 18 206 24 81 45 42 24 205 98 42 0 65 0 9 135 72 63 175 58 50 144 108 43 101 119 24 114 117 0 0 95 146 45 124 71 6 0 45 86 63 57 131 147 85 172 60 35 103 112 81 195 25 18 15 58 90 170 80 136 107 36 157 20 60 22 87 54 48 52 130 153 78 67 46 103 114 30 106 19 144 48 72 78 0 14 54 127 78 73 14 168 125 36 96 42 84 192 41 20 78 60 88 81 1 82 99 238 99 26 20 89 191 79 45 90 0 136 124 48 72 62 140 104 80 92 20 125 43 7 20 141 76 79 78 18 36 36 68 6 16 91 0 63 66 128 189 9 30 63 167 23 0 97 16 142 4 172 96 145 38 60 83 114 94 52 89 76 114 91 117 70 106 90 129 48 62 9 150 136 0 115 114 113 72 73 63 89 
63 75 0 0 36 58 63 67 47 8 3 57 200 14 37 82 6 136 13 142 100 16 6 39 29 74 130 76 186 87 0 29 14 19 96 243 53 55 4 140 82 35 126 50 0 8 158 162 226 75 135 50 27 10 60 167 56 0 115 45 77 105 134 0 18 70 229 16 123 3 31 1 80 113 66 78 77 39 2 36 114 67 82 107 36 31 79 15 93 0 76 68 29 82 59 66 59 53 100 48 85 131 33 27 167 155 53 27 16 105 56 20 47 35 86 74 63 36 38 169 35 74 67 42 0 174 62 79 206 77 105 77 24 27 69 204 129 145 29 123 76 124 34 25 16 68 66 8 39 56 99 28 21 64 87 65 36 119 37 128 40 18 0 115 50 29 101 63 118 2 40 60 36 66 130 99 54 39 52 51 137 44 132 72 121 38 103 39 143 69 42 148 128 86 88 61 43 73 35 141 0 4 88 103 147 93 26 6 81 63 100 100 28 74 0 56 16 99 140 32 110 15 137 54 8 60 64 47 35 116 114 133 95 36 79 0 90 18 40 126 53 6 57 48 111 21 33 140 37 95 0 69 79 35 21 99 
67 0 10 67 0 133 0 75 15 0 0 7 0 0 3 0 5 27 0 74 0 79 0 0 0 36 3 16 16 64 37 44 25 24 18 66 19 28 28 45 56 42 21 52 54 8 70 0 0 24 0 45 20 28 20 0 14 4 46 0 88 0 0 113 24 41 35 7 8 12 57 11 24 113 9 38 0 16 0 32 0 10 0 55 0 32 32 8 134 81 22 28 0 72 3 0 0 0 8 82 106 0 5 1 43 33 12 17 28 25 8 8 8 18 55 2 80 47 2 9 104 84 92 27 64 32 0 80 95 13 32 69 0 12 48 0 0 6 56 33 49 1 30 12 0 18 15 7 9 102 0 51 63 0 25 56 29 8 49 40 25 23 64 0 20 56 9 0 19 66 56 28 24 27 0 2 42 57 68 34 36 4 36 0 24 57 20 0 40 0 8 0 0 7 0 12 27 1 16 77 40 42 0 0 51 32 1 37 5 54 0 0 12 9 8 51 53 27 24 0 85 21 12 0 24 40 0 0 17 20 112 0 35 16 12 35 60 49 0 0 28 98 0 43 24 72 52 0 57 12 65 0 0 0 8 42 
54 0 40 8 28 6 74 27 9 4 14 72 60 2 39 83 54 38 38 65 15 85 29 49 22 37 27 64 33 77 189 36 34 18 44 81 0 0 24 26 30 55 60 3 14 27 4 49 0 20 23 4 10 109 0 8 23 156 119 44 32 24 5 56 62 63 45 44 8 20 87 36 26 27 107 49 21 2 29 35 35 0 20 20 0 12 122 6 88 18 35 54 6 37 42 7 52 28 72 53 0 40 87 117 32 16 54 127 147 60 9 114 6 122 4 20 6 123 32 12 39 0 80 69 75 99 65 76 47 120 37 92 20 130 84 78 52 21 0 52 94 58 51 9 28 66 74 7 24 48 25 0 89 0 6 0 36 62 30 153 12 76 30 36 9 6 159 8 128 48 34 103 14 37 58 33 52 28 46 77 52 66 0 23 22 18 14 123 25 45 55 61 0 36 18 38 36 32 44 31 117 49 84 40 6 89 85 68 0 117 18 20 28 58 83 0 24 0 48 131 79 74 53 45 64 45 0 63 38 88 12 7 0 0 2 29 117 9 33 0 108 60 24 48 76 42 77 61 54 16 17 33 109 70 0 98 
95 78 24 77 0 33 35 103 76 2 6 0 42 86 83 106 21 12 36 119 21 73 155 47 25 63 42 201 69 174 59 43 59 12 0 88 40 0 71 67 28 18 33 85 9 35 167 18 135 53 15 21 81 0 35 111 81 63 23 121 54 0 29 132 94 82 165 41 61 17 80 9 6 72 72 72 96 63 0 50 30 0 42 0 10 63 112 7 102 171 148 132 54 0 144 65 35 49 3 54 3 4 111 34 54 9 18 0 58 83 84 75 40 24 47 29 3 98 35 10 30 0 0 4 21 173 54 79 83 102 111 45 17 42 83 36 96 62 48 66 70 111 104 45 60 28 42 8 30 78 36 78 42 6 0 22 0 53 55 161 158 66 0 89 48 7 0 95 17 0 0 44 0 18 141 28 0 42 99 78 0 49 25 39 156 0 0 0 173 70 31 80 47 16 12 3 94 16 12 6 96 21 0 36 95 2 55 76 54 62 94 19 101 94 0 15 0 59 63 107 18 8 3 39 70 77 0 104 172 127 7 5 31 17 4 9 0 51 111 81 35 209 27 12 125 61 0 111 1 153 207 36 121 112 34 122 
139 47 0 23 45 13 6 84 8 0 36 0 61 0 44 157 5 107 52 105 21 74 37 130 28 87 89 84 0 42 8 58 80 39 66 162 63 0 0 0 70 36 35 195 167 86 94 0 45 119 231 65 79 0 67 3 12 96 4 55 28 82 68 90 12 54 77 100 74 20 108 83 27 78 16 57 4 53 64 80 44 40 28 0 101 0 102 92 92 54 87 88 44 82 7 83 0 96 54 0 24 56 0 34 194 111 37 85 54 14 64 60 79 101 133 194 40 113 12 110 0 171 65 104 6 24 33 28 0 66 92 124 0 42 86 64 89 70 149 14 50 52 35 129 4 94 20 36 28 103 79 105 74 0 30 49 86 14 96 16 47 140 0 90 0 44 87 0 60 74 10 64 0 144 88 51 0 65 94 78 127 130 62 111 95 52 138 126 14 50 65 122 87 34 10 62 111 47 72 0 0 0 0 0 12 39 47 38 103 207 42 5 44 168 102 42 16 63 54 30 35 74 262 48 8 18 80 68 40 19 45 104 75 6 0 166 135 84 119 70 0 0 108 54 40 49 90 64 23 160 36 49 101 56 28 176 
137 48 10 20 47 66 57 68 8 8 40 56 29 16 50 0 13 44 36 70 25 0 44 121 0 40 0 14 74 22 18 32 58 23 142 38 40 24 20 62 48 51 27 62 48 26 55 91 7 9 99 83 43 61 0 8 0 56 20 92 86 18 95 28 29 78 8 44 43 12 45 28 31 44 41 78 12 109 2 0 0 0 72 96 55 109 196 0 48 0 24 15 22 34 29 51 35 63 14 43 0 0 0 52 18 52 110 20 26 99 50 0 71 30 79 50 0 74 61 56 19 41 28 19 0 54 74 88 32 98 192 44 43 79 63 8 2 10 95 28 24 45 0 77 56 66 53 0 31 105 10 15 113 22 156 88 48 69 83 44 23 42 0 23 68 69 82 62 38 45 74 22 10 0 84 20 18 63 26 27 28 45 18 158 32 196 66 35 57 0 10 86 71 54 94 0 143 132 39 36 29 86 4 0 53 20 53 54 25 12 1 17 138 68 117 40 114 48 64 42 79 0 54 40 3 22 117 40 19 38 66 75 76 6 20 129 11 2 116 143 12 132 51 0 8 96 0 23 16 113 70 50 30 71 63 132 
132 60 35 0 8 76 0 2 53 26 0 0 71 30 9 36 0 18 0 54 103 20 40 24 20 177 12 53 110 83 55 49 56 36 66 105 100 20 108 30 47 59 48 72 93 0 38 6 69 77 47 94 36 21 42 74 4 27 6 115 0 88 152 30 31 150 8 8 72 102 72 8 54 75 30 0 50 54 15 56 76 84 0 18 81 42 87 18 108 5 147 62 2 6 9 144 25 61 21 16 74 49 107 45 67 120 56 43 1 113 25 48 56 122 72 24 66 54 25 55 100 105 5 82 6 48 30 109 36 48 24 20 12 84 9 0 91 73 66 10 82 18 0 66 9 69 14 35 0 62 20 28 123 121 72 111 96 4 198 54 88 45 4 69 227 60 24 0 9 42 16 119 0 105 16 51 159 26 12 12 28 0 67 5 10 123 45 25 64 25 34 81 49 2 45 4 130 51 4 111 54 24 0 21 3 0 0 20 0 54 0 76 14 138 60 27 49 124 14 0 6 0 92 12 18 126 45 0 34 27 78 46 60 14 78 90 17 39 88 90 40 60 0 50 24 175 22 86 18 36 54 54 40 24 0 99 
45 20 25 35 116 73 96 33 56 101 0 27 92 83 215 68 15 9 42 101 27 144 215 130 141 59 72 206 144 132 138 48 59 57 99 24 110 62 124 34 21 0 28 84 18 10 180 44 52 154 0 134 64 20 123 49 4 0 24 12 64 177 87 105 107 40 0 33 39 81 0 7 6 80 6 115 100 114 6 56 16 0 74 50 114 62 109 24 28 9 22 18 14 15 75 0 59 42 36 45 98 88 121 15 167 21 66 32 79 10 14 71 0 36 108 114 10 75 35 134 101 18 93 39 25 175 125 116 59 96 141 74 79 71 98 10 53 44 40 50 120 54 40 68 39 126 36 12 1 48 96 42 73 0 54 42 129 83 30 168 166 111 11 106 35 119 1 10 72 63 104 62 72 16 116 72 0 49 78 85 75 32 121 159 198 72 119 12 56 14 18 84 72 44 32 63 48 48 60 146 32 120 0 16 87 45 75 0 139 213 6 93 59 168 65 63 14 0 155 0 101 23 212 90 45 9 117 54 131 82 72 90 21 56 8 71 21 30 102 60 104 48 27 168 88 46 47 72 15 181 132 81 42 105 77 133 
14 30 91 50 0 25 34 103 64 28 148 7 73 12 48 36 32 50 78 22 16 88 60 0 55 67 20 68 64 90 153 14 87 68 8 231 36 116 150 127 29 28 24 53 30 38 84 14 49 63 18 61 48 6 29 86 40 111 46 58 40 32 34 88 128 82 78 58 58 0 22 32 18 34 9 16 46 7 0 72 16 51 38 80 54 34 42 3 83 30 7 114 18 166 38 88 86 90 26 4 153 27 138 42 79 82 157 63 78 64 8 58 30 74 54 124 76 145 71 73 58 45 59 57 62 25 155 40 14 78 81 53 120 12 40 24 2 14 88 22 16 72 113 36 177 0 60 0 75 177 50 9 110 16 32 0 60 56 36 0 83 113 17 51 56 77 164 6 46 106 14 143 31 95 90 12 68 90 36 66 90 0 102 97 47 104 39 95 6 29 40 36 94 28 8 63 140 92 95 106 48 118 45 0 90 16 38 20 0 98 31 54 30 19 35 72 44 35 0 119 56 10 117 56 31 87 137 85 99 62 9 16 75 120 37 63 62 30 63 0 100 16 51 21 72 97 86 59 100 63 0 16 63 84 98 18 
0 40 16 0 76 40 23 9 121 107 0 39 35 9 90 161 15 136 35 7 25 75 30 48 20 37 52 28 93 42 0 15 23 9 75 116 20 26 91 42 0 9 40 75 106 101 50 149 0 220 254 17 0 32 66 103 45 81 71 17 6 72 56 50 0 36 60 3 0 3 9 54 27 173 53 24 24 28 49 96 48 153 67 9 0 30 28 27 5 85 17 33 59 114 89 121 45 36 83 20 36 150 0 41 33 131 48 85 42 63 88 0 0 76 54 0 28 27 39 0 54 51 16 15 42 83 0 54 152 45 82 45 0 0 105 21 89 57 0 0 0 85 3 35 0 20 99 0 52 42 86 18 39 15 24 10 49 40 20 6 25 91 0 73 7 95 4 55 6 88 99 3 0 27 43 26 7 38 0 85 70 28 0 6 35 83 92 31 80 30 68 28 28 42 0 48 0 32 147 32 64 36 0 58 37 36 15 10 45 35 66 32 41 9 32 129 0 93 66 0 24 12 55 73 24 8 12 9 76 80 36 67 48 24 128 100 0 40 0 93 72 49 65 0 53 42 24 106 0 158 150 177 0 70 0 5 
40 49 32 0 0 35 48 48 166 63 54 72 141 95 24 23 9 64 54 5 66 87 79 25 80 106 83 28 88 20 40 0 14 14 42 22 3 6 95 73 0 0 116 138 0 29 96 42 72 52 174 15 40 33 56 84 42 149 143 104 0 3 64 133 65 58 149 100 102 20 208 24 30 116 0 0 49 91 34 24 0 119 105 0 65 64 0 28 0 33 83 57 103 70 73 35 215 0 85 92 71 61 0 71 80 136 62 31 22 86 46 18 0 42 67 73 0 40 16 113 1 12 59 53 114 130 42 130 0 52 78 81 62 64 0 0 132 115 77 42 30 94 0 5 0 16 32 0 0 145 98 28 36 172 117 0 1 28 48 25 92 38 56 12 52 54 61 87 0 0 36 16 4 35 80 94 24 50 56 83 63 12 15 21 101 10 119 93 16 44 73 86 64 106 104 28 35 84 0 72 0 54 110 0 117 79 0 14 0 62 4 7 36 150 139 0 0 90 179 33 42 72 10 7 14 0 0 60 48 63 0 63 80 0 0 13 0 65 0 54 57 56 52 66 30 0 56 85 20 113 2 54 57 48 16 53 
51 0 0 27 24 23 48 71 46 164 0 42 17 25 20 25 100 47 0 16 35 3 0 63 10 52 48 48 0 45 127 62 45 89 12 84 86 84 0 145 72 98 72 30 0 75 81 12 84 12 42 86 0 39 28 74 88 86 34 18 114 32 0 62 88 128 112 68 68 0 76 19 0 47 54 102 45 6 0 74 28 45 128 131 38 84 137 84 34 45 36 7 141 0 32 27 10 42 48 22 7 12 86 21 48 63 50 140 70 30 24 113 56 86 126 155 36 117 30 43 92 54 89 35 18 0 75 96 10 9 98 0 42 0 35 15 12 49 32 7 28 0 28 0 0 20 56 1 0 42 144 55 159 58 82 169 9 46 0 59 100 84 117 43 84 44 51 24 78 75 0 56 96 27 145 99 67 10 43 108 60 49 119 136 92 45 95 69 21 45 80 9 64 80 2 53 51 0 30 95 12 41 48 19 123 18 36 9 27 30 59 42 119 40 60 0 54 52 14 14 143 30 72 41 15 11 75 15 25 51 0 46 18 20 6 6 76 87 0 45 39 122 35 0 54 95 12 43 27 99 78 18 68 30 76 18 
103 49 39 0 35 64 72 21 146 122 18 7 77 30 17 40 56 12 68 93 26 74 9 20 91 132 84 0 80 38 111 40 67 60 20 89 22 70 79 4 49 115 23 48 83 18 88 31 73 9 101 25 62 89 0 111 28 136 77 72 0 0 0 115 69 26 51 63 0 40 40 72 24 144 21 0 49 162 30 126 3 81 75 0 0 196 48 26 91 59 7 52 136 0 166 0 115 37 73 132 130 60 37 24 48 96 40 22 24 39 63 24 22 134 90 42 108 18 56 114 68 54 65 28 36 31 52 100 19 25 206 96 81 23 72 50 91 38 182 63 100 171 0 10 105 12 72 48 45 148 256 8 122 67 105 0 56 82 87 10 0 88 10 115 36 115 0 73 76 20 40 96 8 40 87 50 94 25 6 30 95 45 55 117 129 135 40 81 15 160 87 43 24 5 56 20 56 96 64 53 7 30 114 11 165 21 16 0 90 144 49 2 237 83 129 117 21 5 54 48 48 139 44 140 54 109 0 0 86 136 40 24 109 0 42 83 42 102 78 8 2 73 0 141 32 3 0 105 71 118 56 156 100 28 91 120 
31 0 0 32 87 28 90 14 5 40 25 0 26 46 47 12 2 90 72 0 27 40 24 9 77 0 92 0 0 40 13 0 0 27 46 88 195 2 61 32 90 0 0 104 3 25 54 25 15 67 35 0 1 43 0 12 64 0 76 9 0 15 30 32 80 119 48 0 24 48 35 1 60 50 50 36 29 0 0 10 15 0 43 0 59 54 58 0 21 65 104 142 84 0 11 27 29 63 8 87 0 0 74 76 54 33 103 52 84 67 14 72 4 77 23 48 18 69 0 23 8 27 1 13 27 6 0 24 35 14 77 59 0 0 0 0 7 20 6 0 18 32 74 13 0 56 0 24 50 0 25 88 162 28 24 21 24 21 4 6 73 158 0 88 3 0 0 18 3 9 0 0 46 37 0 15 70 12 18 3 20 12 0 22 77 7 7 40 40 29 22 0 16 43 0 46 27 8 36 63 56 20 0 0 20 8 65 72 0 38 0 0 41 15 111 0 48 32 42 0 80 0 12 23 0 25 36 12 10 24 0 56 0 0 0 116 0 6 41 8 35 41 0 34 10 0 91 24 1 34 48 118 28 40 16 40 
43 0 36 62 19 89 84 53 123 44 80 53 86 30 0 44 11 28 28 4 72 56 133 32 15 47 105 88 35 143 132 41 32 0 132 93 54 62 86 4 118 44 0 76 4 82 48 82 44 5 59 92 95 97 43 55 18 54 33 66 43 77 41 22 36 68 182 65 28 31 54 17 22 111 69 34 88 91 28 75 115 16 22 82 85 36 33 113 24 44 102 4 7 36 97 117 42 95 44 20 102 27 0 17 68 120 81 15 128 74 131 0 6 36 16 128 8 28 16 71 47 22 121 53 43 59 104 44 32 66 132 18 116 33 68 32 38 61 100 76 0 37 20 0 10 39 39 46 70 43 21 40 15 0 63 0 30 44 87 37 87 30 12 17 18 28 16 42 75 18 59 18 24 71 74 73 15 23 43 28 103 75 26 101 42 50 149 146 90 15 0 111 24 98 25 83 48 4 112 63 87 143 2 56 38 34 0 52 44 4 36 36 44 58 34 46 113 23 94 0 45 21 117 129 16 73 138 50 40 68 96 85 84 72 60 51 152 47 79 138 125 51 79 19 139 72 22 67 119 74 19 38 27 109 26 103 
20 12 0 0 0 12 0 19 98 39 0 7 83 3 24 96 45 0 0 66 69 3 25 9 53 4 65 54 12 74 28 15 0 66 50 0 41 50 0 0 77 27 36 15 43 21 40 62 0 99 0 0 56 8 0 36 18 18 36 0 36 71 54 8 9 68 98 47 0 3 45 49 4 90 43 20 96 18 59 60 8 63 43 44 30 35 75 93 42 120 106 37 85 63 69 47 3 21 118 66 129 0 3 20 91 24 18 18 28 24 11 30 74 0 51 75 52 155 0 3 24 14 23 37 0 0 18 4 83 98 54 12 10 12 35 85 0 85 198 32 14 0 6 68 45 105 10 49 39 102 15 0 23 36 96 97 3 14 85 66 53 0 44 87 0 14 28 74 75 22 24 33 18 12 0 32 45 7 48 0 35 101 94 3 0 16 0 58 38 0 27 12 46 99 45 24 58 24 49 101 0 24 45 95 21 24 30 11 149 10 23 0 89 35 72 79 16 0 33 0 62 16 39 83 44 21 35 88 71 27 30 25 30 42 0 0 63 23 65 41 61 20 64 0 54 30 0 0 37 46 5 49 44 28 28 51 
91 87 70 21 21 144 19 53 18 56 156 0 35 40 36 50 49 133 0 21 88 152 23 0 72 108 27 84 40 46 26 87 0 24 36 36 80 34 61 50 67 56 68 228 65 124 42 32 10 295 0 72 49 3 0 62 0 43 74 126 22 68 0 143 74 141 80 105 72 63 92 56 46 82 0 0 0 12 36 92 52 0 62 0 8 81 147 41 117 0 160 0 49 117 100 138 2 47 28 6 17 45 0 108 27 0 92 42 18 168 56 1 48 87 58 80 53 54 111 144 106 176 72 42 12 9 56 120 92 18 178 58 21 18 40 56 54 78 56 42 60 9 63 36 61 6 32 74 56 147 17 33 82 0 35 70 144 32 54 60 73 12 15 1 85 44 65 23 29 80 16 28 18 97 0 34 0 69 60 126 81 40 13 2 30 70 36 7 112 7 70 67 60 0 12 86 91 41 103 54 59 74 5 7 0 32 5 56 0 75 29 7 40 113 0 85 0 90 18 7 50 56 95 64 5 111 12 21 73 61 99 0 61 70 51 114 47 77 65 122 96 65 0 83 31 40 63 30 8 32 48 0 0 7 80 84 
261 18 8 48 45 63 56 138 72 138 84 99 56 103 9 121 7 0 83 53 16 50 0 48 61 21 55 32 56 17 9 65 6 0 32 97 48 132 102 66 77 18 18 24 35 92 0 0 111 0 8 0 27 12 63 126 60 63 100 101 123 56 0 6 18 137 131 4 61 9 81 7 44 27 0 45 87 3 72 40 0 51 57 28 0 81 112 0 8 0 72 12 135 88 0 8 72 126 56 70 63 27 18 24 36 36 53 0 0 72 24 78 81 87 6 90 104 42 134 88 49 4 6 57 0 114 0 114 43 48 0 63 90 63 16 0 117 69 70 0 15 0 0 73 56 12 0 0 27 66 12 6 18 77 81 160 55 12 19 16 77 18 32 0 29 67 12 142 0 0 32 22 2 99 28 21 72 92 76 18 69 0 102 0 71 115 0 58 59 81 60 113 26 76 24 148 0 42 7 153 0 141 0 45 6 56 4 24 24 101 40 66 49 24 143 0 0 38 141 88 72 48 142 61 30 28 36 21 48 36 75 58 100 0 81 49 56 20 21 80 60 109 97 57 45 172 63 95 0 42 36 50 7 119 35 43 
121 66 44 3 26 12 30 77 165 36 123 170 35 0 72 91 21 21 67 42 37 72 82 27 30 147 90 53 92 0 67 100 50 24 103 146 15 71 59 77 72 54 25 25 147 21 72 45 151 15 139 76 50 22 4 0 72 214 121 32 14 78 65 24 116 34 69 85 35 49 126 5 0 108 0 10 6 99 25 161 17 62 48 56 42 67 103 66 12 146 33 65 69 101 82 25 98 81 82 142 0 125 123 121 51 108 86 19 45 0 128 101 7 70 66 162 15 49 82 47 183 21 165 75 29 90 207 27 95 148 80 92 132 40 77 83 56 62 52 59 52 36 40 41 72 62 114 75 47 78 19 54 45 102 121 62 14 2 66 20 139 102 71 0 103 57 71 78 40 149 68 136 0 163 60 120 129 97 68 149 95 0 75 123 69 75 25 45 47 50 27 112 42 72 45 77 93 136 46 8 45 127 60 45 109 58 31 0 27 27 6 63 114 103 32 27 43 68 202 104 80 41 163 35 67 27 87 48 85 61 166 103 21 64 36 79 9 102 36 67 63 60 182 37 0 80 167 119 141 70 63 105 0 30 81 23 
2 10 63 58 20 0 0 52 217 117 0 68 149 3 17 81 10 106 16 104 123 89 140 29 129 77 36 48 132 75 165 76 72 151 112 36 107 132 110 181 0 130 49 117 73 145 116 42 28 128 67 124 144 55 98 108 57 74 101 174 54 131 95 111 51 129 155 57 75 100 225 114 93 182 80 8 92 117 81 297 0 64 71 113 47 269 159 61 79 93 244 48 102 63 67 65 220 0 0 33 18 27 12 98 87 135 26 40 63 33 79 124 103 8 93 56 63 72 15 192 90 115 17 39 28 72 0 38 54 126 139 50 81 44 72 25 51 199 72 69 117 142 29 144 95 132 96 13 88 18 4 36 114 0 167 5 6 40 119 139 180 290 30 0 281 88 88 56 88 87 78 10 50 48 84 171 102 12 154 73 21 82 219 40 68 82 63 147 146 205 132 78 170 96 0 47 5 0 114 0 7 56 84 101 168 95 55 134 74 171 0 95 66 110 115 99 37 59 85 63 72 30 136 53 90 0 30 63 82 84 79 56 4 54 40 59 174 88 71 66 61 103 127 162 131 51 63 138 63 98 110 142 156 83 52 66 
98 34 71 16 54 40 35 56 51 43 125 50 68 56 123 91 27 55 140 3 58 48 105 36 70 41 123 83 8 25 20 84 8 18 28 62 18 33 0 28 63 37 94 36 76 54 85 93 113 72 121 56 20 141 28 44 0 155 52 0 7 46 38 21 10 71 0 0 6 3 99 5 44 136 33 60 53 75 42 115 24 54 17 8 33 123 76 60 19 36 0 14 93 64 97 82 31 44 68 19 52 8 4 125 54 37 93 12 35 0 47 63 69 93 19 78 102 97 63 98 39 98 52 28 18 58 56 4 25 72 8 102 0 0 98 15 84 154 54 0 9 21 54 101 7 138 39 0 20 144 27 91 78 57 104 216 42 120 27 35 25 69 7 174 11 39 90 114 11 81 64 107 1 49 62 25 24 62 113 34 59 42 9 74 70 20 15 133 20 15 0 87 12 90 20 68 33 50 20 40 45 27 42 42 25 68 0 22 212 24 0 83 0 42 127 99 76 0 19 0 72 10 66 48 0 6 0 42 27 79 10 73 39 54 28 92 0 110 74 42 33 30 265 3 0 36 137 59 72 1 36 89 87 81 9 73 
8 0 16 70 0 8 9 88 107 57 42 72 17 0 28 52 32 18 8 0 54 39 44 91 127 58 99 81 73 47 49 56 78 146 6 49 40 86 92 18 81 32 42 91 54 68 139 0 0 30 18 100 111 48 116 219 89 9 52 8 67 54 98 32 8 18 38 8 95 6 46 1 66 42 72 34 38 26 0 113 52 34 4 2 12 53 54 60 72 115 72 94 167 91 4 0 92 54 21 27 97 12 77 83 94 39 58 60 23 26 83 107 68 12 15 36 58 34 48 89 12 72 13 58 68 16 33 34 75 0 63 102 12 0 37 66 12 9 0 19 50 99 125 36 199 110 23 53 13 17 0 91 99 36 122 13 0 47 34 23 6 107 62 100 0 27 37 32 2 52 10 62 45 92 33 140 121 15 42 7 0 0 9 100 8 54 98 54 90 47 0 54 0 9 9 0 57 0 30 68 70 134 117 0 87 6 33 0 0 42 40 42 74 128 177 40 4 26 20 16 48 12 32 124 56 58 3 24 126 54 76 97 91 71 78 38 54 103 108 36 158 0 78 59 24 59 89 15 9 6 81 110 135 0 20 34 
144 100 75 30 10 59 0 52 97 229 72 134 50 39 91 100 18 87 25 126 65 39 111 27 24 168 139 16 0 74 13 34 88 76 49 191 36 81 1 31 48 67 85 183 36 79 15 35 109 79 177 6 43 96 54 160 0 56 10 45 38 96 57 121 20 110 144 101 130 100 55 72 8 89 42 39 34 48 24 106 0 129 0 97 20 135 20 24 52 5 39 68 165 86 46 170 144 35 44 13 7 26 11 140 183 36 129 41 40 0 67 111 20 20 113 111 30 32 59 87 25 12 85 98 27 54 62 0 69 0 15 63 9 15 0 100 42 149 9 47 24 178 90 50 101 90 40 0 0 63 54 86 75 139 24 14 131 41 153 0 41 68 35 136 87 76 32 87 57 5 93 162 7 114 86 103 0 32 76 110 93 115 49 64 18 41 109 24 25 16 0 44 60 76 0 20 104 78 8 210 16 63 9 34 156 54 56 39 76 16 70 9 28 259 53 73 32 5 34 43 57 4 50 53 48 149 0 100 133 38 75 186 16 20 40 68 27 102 0 130 8 28 60 75 54 49 202 56 30 54 32 120 0 100 6 0 
141 0 0 0 3 3 72 54 107 0 90 0 44 81 64 45 9 35 100 81 0 52 56 0 76 48 179 0 32 62 53 82 73 0 42 132 84 24 45 85 22 0 72 108 56 62 126 70 99 157 223 8 21 21 15 63 152 0 281 0 104 49 41 167 22 69 170 34 61 86 55 3 153 113 12 64 21 13 104 198 0 232 94 15 105 128 33 154 27 105 42 126 46 87 111 2 146 14 117 148 6 128 147 170 20 84 8 86 93 63 27 12 6 81 53 159 6 81 40 0 140 43 92 6 75 66 15 192 86 173 81 84 24 63 48 12 169 56 51 3 38 131 69 63 0 222 105 6 54 102 148 0 67 36 72 110 69 45 59 94 111 156 36 48 32 151 92 164 54 27 71 48 8 83 66 110 166 77 141 35 93 63 27 124 125 56 56 144 15 94 33 98 12 167 24 21 87 18 45 45 0 59 95 6 151 74 0 80 64 66 49 66 42 24 54 68 62 33 150 28 48 21 61 49 70 55 0 62 64 87 39 72 20 22 0 65 43 33 10 116 41 71 57 45 72 37 39 116 42 224 57 102 64 150 14 81 
30 0 0 43 0 21 9 85 110 5 0 0 42 0 8 24 51 12 28 29 47 36 0 80 74 60 0 0 0 36 108 74 24 0 36 138 45 34 19 30 15 68 54 92 56 18 14 0 79 12 4 76 72 0 40 39 5 111 19 30 35 40 29 18 76 69 108 9 10 0 0 29 0 18 24 4 83 2 25 34 0 16 10 16 0 33 133 40 0 0 2 0 133 6 4 0 22 24 42 28 16 32 122 4 32 48 0 64 70 0 8 38 60 40 32 87 18 8 10 112 50 0 14 60 0 58 4 16 60 30 118 0 30 43 28 75 64 0 80 28 90 75 0 30 62 151 0 8 35 97 8 0 84 0 0 40 35 72 0 42 97 20 0 19 28 0 0 48 64 78 14 8 8 110 12 70 100 21 58 68 21 0 113 24 44 12 0 66 46 15 53 68 46 29 2 15 28 0 14 26 25 4 90 18 28 46 24 67 0 30 9 26 35 45 44 77 38 5 6 15 32 41 135 0 0 17 38 0 0 0 80 46 33 73 65 10 38 16 84 20 39 14 66 6 7 2 0 0 77 23 28 41 82 22 20 45 
69 136 58 0 2 0 0 51 226 39 0 38 86 4 83 105 28 96 147 29 54 45 51 152 138 98 2 24 56 38 44 118 99 48 134 84 0 53 0 38 38 63 96 90 87 8 80 89 76 38 92 76 65 16 16 64 54 260 32 61 12 122 80 108 18 24 94 141 38 163 115 18 78 151 0 39 57 44 0 124 36 0 2 47 64 68 97 56 32 144 47 12 30 123 98 82 217 20 63 34 18 148 68 159 99 49 109 57 0 36 46 16 43 42 58 72 58 38 21 49 163 4 130 0 94 137 60 27 166 132 95 66 62 7 116 73 59 47 92 62 93 67 8 69 56 135 133 0 72 185 106 90 175 39 202 40 39 72 43 30 110 85 93 94 21 58 75 157 68 135 153 101 0 83 84 120 34 9 136 190 227 30 61 123 185 106 54 141 54 47 36 24 77 104 24 5 35 54 63 94 24 64 66 81 69 52 0 16 16 100 4 96 42 49 147 109 18 104 149 156 74 45 234 59 0 6 25 63 71 24 90 37 120 36 54 220 59 0 21 44 45 99 211 81 14 40 105 149 29 199 212 171 84 9 80 60 
93 17 29 134 0 8 3 0 24 82 0 36 51 4 63 34 72 56 37 0 0 20 18 54 44 76 40 40 135 111 8 107 6 0 81 48 173 46 0 60 83 16 54 2 39 32 90 0 18 55 126 0 0 32 93 8 80 17 110 84 139 45 15 2 0 83 95 32 36 57 112 24 12 2 0 72 24 54 19 42 6 137 54 78 88 25 24 0 0 24 28 32 9 14 18 36 27 0 74 24 117 0 35 28 54 72 42 54 8 15 52 0 20 30 0 8 7 0 82 39 126 22 107 0 0 74 0 0 55 70 30 12 46 72 16 32 0 24 12 28 40 48 26 75 0 99 0 28 51 54 0 16 48 104 24 81 30 27 0 52 73 48 1 116 29 2 0 95 33 0 0 34 28 5 92 4 20 35 28 8 74 0 24 0 0 45 44 9 115 0 16 74 0 25 94 33 48 106 21 59 24 0 20 12 18 8 0 72 46 12 2 39 16 36 11 122 54 0 86 0 48 0 30 6 93 28 44 0 0 8 118 37 27 41 24 11 157 62 3 104 0 20 48 0 48 6 0 8 110 36 12 0 5 165 32 5 
62 8 71 75 73 99 112 109 216 63 15 15 77 81 29 27 4 45 45 113 47 92 216 11 147 39 49 102 23 29 100 114 95 0 175 281 72 32 52 14 24 74 62 107 20 65 142 56 135 47 0 85 38 6 14 81 14 152 58 133 128 78 49 126 42 186 199 111 32 15 25 0 16 139 12 0 6 14 0 35 24 67 24 20 24 78 54 66 111 6 17 18 135 96 189 0 107 52 185 23 0 96 2 63 69 88 74 52 18 42 16 49 127 0 0 39 65 95 30 109 72 14 22 3 0 94 86 27 210 0 38 28 0 12 168 91 8 67 64 0 105 52 18 4 104 89 0 4 56 63 48 88 58 0 45 67 74 0 45 0 39 0 1 129 23 23 87 44 0 117 147 129 0 72 59 14 58 90 102 83 93 81 35 42 82 0 0 0 91 0 0 142 36 124 34 41 87 0 93 25 91 48 66 24 131 0 27 213 128 55 80 16 160 119 47 93 13 64 14 49 30 40 103 0 18 121 0 54 62 0 84 97 61 12 39 41 72 75 75 38 88 94 40 0 71 129 0 16 160 36 83 91 56 48 0 75 
136 46 54 138 27 8 63 104 87 156 72 100 44 30 65 77 70 12 0 66 5 121 45 40 4 34 8 6 98 124 32 97 17 36 15 0 11 100 9 9 3 24 100 51 83 60 164 0 72 73 0 38 48 51 64 79 20 48 93 65 24 133 0 108 62 141 72 62 27 30 27 16 5 6 0 12 0 107 30 118 0 55 0 128 30 109 0 6 81 163 28 32 16 68 110 33 42 46 6 9 84 15 36 108 66 49 32 26 47 6 95 24 10 0 46 135 15 0 14 35 61 54 79 48 38 85 0 0 39 89 201 3 194 68 20 0 0 24 26 148 54 9 60 75 23 68 14 63 33 35 18 0 24 25 72 56 0 42 33 24 0 20 0 32 31 18 0 86 34 0 48 52 40 41 70 58 55 6 0 138 102 46 32 44 0 72 73 62 0 5 0 54 0 36 72 6 134 181 54 57 132 24 38 32 53 48 0 0 24 97 63 27 53 65 96 84 18 38 64 129 48 0 68 32 6 42 63 75 31 91 40 49 58 100 9 84 36 0 59 118 54 62 69 0 35 44 46 59 173 68 0 58 41 22 52 74 
138 142 122 9 15 40 52 87 234 70 226 18 49 45 56 0 26 115 107 202 99 138 178 87 54 89 158 81 144 0 9 27 154 112 31 201 93 53 73 93 101 160 81 141 66 160 194 52 104 8 99 118 196 78 0 154 52 218 77 135 28 68 212 157 107 76 171 137 0 56 81 3 137 82 42 54 70 37 24 210 112 42 0 12 152 178 226 74 180 155 260 78 69 30 54 278 108 70 24 73 42 136 45 197 208 87 120 0 24 161 195 117 91 30 56 93 76 294 18 97 0 249 46 16 145 87 318 30 104 73 180 7 126 0 63 189 0 231 120 112 8 174 89 99 141 0 213 206 103 63 73 139 219 0 155 45 0 65 109 96 137 171 67 45 132 16 211 72 0 44 48 244 2 127 182 191 18 60 100 121 83 111 131 164 45 97 130 84 56 116 46 94 44 112 32 60 331 216 24 144 138 63 214 24 59 84 2 30 36 24 58 56 160 136 16 91 77 0 30 33 80 52 119 136 77 130 103 96 42 158 18 144 44 12 36 54 100 117 177 90 65 16 25 28 116 69 127 70 0 170 10 9 88 82 72 64 
71 33 0 92 68 20 86 78 0 60 182 0 0 81 33 0 13 99 24 51 0 66 71 30 10 30 93 0 32 72 15 72 38 0 35 61 94 55 85 65 68 0 5 56 71 50 60 28 31 45 72 50 5 18 0 30 40 16 89 36 69 94 0 13 98 152 106 92 50 84 50 16 47 5 54 35 0 36 0 163 80 40 30 35 0 47 95 13 101 44 92 5 103 8 134 85 104 55 30 28 1 0 0 99 27 71 43 65 0 84 54 45 20 118 35 72 0 86 42 29 35 135 0 0 1 42 28 94 0 15 67 22 25 26 0 12 81 26 98 45 30 29 65 56 0 151 15 104 4 110 15 83 169 30 107 115 75 28 62 0 54 5 0 0 0 56 52 51 5 36 56 3 24 45 15 29 0 36 63 120 0 12 42 0 156 60 32 72 0 0 0 61 50 127 32 0 85 39 18 0 47 27 48 0 68 46 0 68 11 15 25 81 63 9 30 42 107 45 28 25 77 16 99 0 0 36 69 0 0 44 15 69 28 0 0 67 0 27 110 34 31 22 72 3 45 49 10 9 0 74 42 164 81 120 42 68 
91 20 0 126 24 38 113 170 132 153 100 0 69 101 72 44 61 56 42 103 116 134 0 61 29 66 132 124 9 48 7 60 10 29 103 106 262 33 50 38 110 147 148 58 96 8 116 0 151 40 0 74 21 4 63 36 199 170 242 132 58 74 0 170 104 138 92 8 65 6 15 1 24 91 15 14 78 156 16 0 28 0 82 14 0 119 170 130 73 32 87 88 63 59 63 24 55 119 44 69 54 72 0 45 71 59 46 40 0 106 113 45 20 110 97 182 50 126 0 18 15 27 115 181 31 45 63 96 84 5 159 0 25 118 108 36 147 0 32 0 130 139 6 52 28 96 6 42 6 102 22 116 158 40 12 110 70 0 33 83 61 132 0 64 64 56 0 18 0 91 81 58 4 8 6 215 45 82 141 45 0 16 26 4 214 187 118 117 30 0 0 151 132 63 37 0 151 60 6 18 54 63 81 0 54 8 32 82 2 101 16 68 54 169 51 81 57 72 97 24 71 0 0 79 104 4 24 51 18 85 150 56 88 30 48 59 42 0 0 57 33 78 15 3 80 16 4 22 16 175 227 175 51 107 5 136 
161 79 93 105 123 54 77 63 27 33 40 40 75 45 0 41 20 68 121 48 15 65 68 11 0 2 44 21 131 65 49 97 25 84 12 24 58 49 78 63 60 36 48 32 0 107 54 92 12 63 142 27 27 58 35 59 139 138 147 18 8 156 130 72 67 165 18 67 129 12 45 10 49 54 97 48 79 105 0 69 40 21 51 30 60 161 37 3 111 148 58 28 80 150 189 87 56 24 2 126 63 40 108 66 87 108 35 16 2 15 130 40 144 33 33 14 63 36 228 100 0 51 100 99 83 74 70 34 67 164 92 105 60 51 22 65 61 109 80 71 21 2 121 99 71 115 34 33 91 20 47 75 42 66 98 207 30 42 87 73 29 6 71 65 174 35 93 112 93 50 102 52 36 64 33 0 43 103 187 62 32 12 0 8 58 18 67 51 25 75 2 84 39 66 16 105 8 46 47 35 143 62 0 48 69 11 18 26 48 164 3 20 55 46 133 27 58 3 40 41 96 3 95 119 0 9 92 0 43 31 50 129 13 0 45 72 54 58 50 44 58 42 81 72 79 94 121 101 7 14 0 132 75 122 47 106 
145 74 128 143 54 51 7 47 71 150 15 171 64 74 76 68 94 35 32 42 162 77 189 18 86 162 29 40 39 84 98 93 64 158 132 211 99 93 0 72 46 22 42 68 76 61 84 108 112 66 55 69 13 8 91 96 64 28 222 59 16 64 133 94 46 40 239 76 70 72 82 69 127 66 52 2 48 71 32 100 58 12 6 74 76 109 120 46 80 82 4 39 134 100 77 25 108 66 82 157 188 73 62 30 126 45 119 120 16 85 233 48 0 43 20 192 26 12 4 156 12 99 25 70 1 124 110 76 143 105 104 0 30 78 69 185 161 52 48 75 27 153 24 53 45 206 24 6 93 9 22 0 74 2 0 77 53 36 14 116 69 89 28 0 130 39 36 72 12 40 68 58 18 118 29 110 170 35 91 45 96 28 164 4 79 67 91 18 42 104 47 103 126 36 9 78 86 78 9 6 0 82 56 48 9 131 34 76 0 48 67 18 49 96 0 64 52 27 200 105 151 49 198 33 20 112 68 52 24 144 64 126 114 68 75 0 0 83 72 26 34 8 63 52 14 166 126 40 7 96 5 12 41 11 45 111 
27 46 50 15 86 9 90 12 129 70 125 48 56 3 59 75 28 100 30 137 115 119 131 24 195 167 131 0 81 72 97 112 106 7 72 178 45 85 24 51 37 109 44 124 0 69 80 61 32 63 45 14 50 37 15 99 0 50 78 53 44 63 101 218 47 114 89 66 80 9 72 28 79 50 55 95 52 43 92 237 24 60 118 68 45 120 234 118 36 12 26 72 83 136 77 27 105 58 46 114 106 45 58 45 51 34 48 83 49 46 23 36 0 13 55 42 75 75 116 87 36 74 13 30 46 0 73 36 57 56 85 76 56 35 80 30 49 193 75 98 54 26 114 67 115 58 86 68 74 179 64 0 19 80 213 90 60 104 85 45 88 96 69 84 79 123 112 69 72 42 41 48 33 56 46 70 30 67 45 95 16 27 1 110 98 32 107 137 60 25 8 48 75 56 80 18 31 118 111 186 36 66 48 4 57 119 53 35 56 123 60 82 162 153 114 48 15 59 85 38 62 30 22 98 38 135 99 105 78 80 0 92 60 60 47 192 97 56 108 105 24 110 45 112 45 22 85 27 63 111 60 36 9 87 105 57 
130 63 52 29 78 57 49 160 0 95 79 0 0 34 0 14 10 102 0 50 74 137 122 54 32 83 24 2 24 47 21 78 54 87 16 35 0 15 39 0 6 0 84 98 42 97 79 1 2 77 0 58 30 83 0 72 77 0 61 43 16 51 44 42 101 103 25 71 0 45 70 39 52 25 16 81 0 48 14 48 12 18 6 6 36 38 45 13 55 0 51 4 55 83 105 61 18 0 3 9 2 6 18 118 36 9 52 32 68 118 75 69 85 18 93 2 0 21 18 117 2 86 0 0 42 51 0 12 8 105 108 6 64 0 55 43 98 18 0 3 65 14 5 8 64 83 54 95 3 6 57 41 4 0 96 2 0 14 88 0 57 88 28 4 69 18 14 21 16 45 35 0 40 16 54 42 10 57 37 28 48 45 27 18 50 0 14 32 32 49 52 62 0 66 32 0 38 32 4 9 127 36 111 34 56 36 16 0 18 24 54 0 40 18 30 1 39 21 14 75 80 14 12 12 10 49 45 42 43 131 7 58 24 40 7 0 5 19 39 22 20 78 48 27 34 60 95 16 9 24 48 40 16 12 6 60 
36 158 65 0 0 0 0 62 81 158 42 71 71 35 21 58 17 54 0 34 101 82 68 44 0 52 82 49 165 91 5 29 0 66 28 81 30 127 93 112 36 56 44 20 212 60 0 40 107 56 30 55 0 25 39 48 144 108 102 31 0 137 145 37 49 75 121 90 91 49 0 44 31 36 42 3 78 173 0 94 88 35 139 0 4 0 117 69 12 23 24 145 0 78 182 12 121 132 0 20 52 76 81 69 171 36 36 52 33 53 99 52 57 2 65 44 58 78 0 89 37 0 18 168 36 190 71 68 67 75 134 0 39 0 24 173 51 0 0 45 137 84 30 54 40 82 62 51 27 42 32 20 5 12 6 48 22 0 6 72 15 102 0 19 206 132 42 105 27 56 90 50 71 58 34 98 22 0 51 30 45 0 72 73 50 28 94 0 11 52 136 110 0 0 24 0 41 8 35 52 95 58 58 47 141 138 65 0 0 82 4 9 35 116 9 0 0 95 88 24 36 48 194 63 111 24 0 54 33 66 75 70 12 35 56 3 1 18 15 29 0 16 36 36 80 130 80 53 0 144 84 112 119 28 48 60 
52 182 89 73 20 7 136 144 69 103 126 61 124 85 36 194 137 103 36 80 61 133 59 0 62 134 129 32 273 25 22 82 164 107 50 159 63 127 131 140 53 143 29 125 45 25 71 0 65 66 103 11 67 109 64 24 107 66 253 51 24 8 88 57 93 317 270 38 98 80 60 125 140 66 37 86 102 137 0 118 114 84 137 14 50 91 38 19 95 61 65 40 293 219 69 45 47 111 32 14 156 77 83 156 130 28 176 56 49 45 103 45 4 64 102 246 57 141 45 123 109 87 88 112 35 130 169 133 152 79 70 34 38 0 41 168 43 138 74 40 74 154 108 8 65 26 87 78 42 104 167 67 122 114 67 51 64 10 35 30 131 118 34 117 75 80 253 6 103 0 107 165 54 149 203 69 72 81 94 0 72 71 32 201 259 60 72 168 34 138 126 56 45 172 85 80 63 187 52 231 65 85 87 0 217 117 75 58 63 105 75 48 175 70 54 89 44 118 48 120 172 12 142 183 70 97 49 25 45 83 39 137 15 32 127 105 101 39 95 4 73 140 48 203 124 134 155 37 0 108 69 36 37 72 31 156 
90 2 20 30 32 72 0 72 141 65 72 28 87 53 37 14 138 54 16 78 79 0 55 2 93 96 51 18 93 105 120 89 12 8 76 101 17 0 0 21 30 18 24 54 47 20 0 54 0 147 0 31 0 21 36 4 12 32 78 133 0 68 67 72 96 101 14 141 77 99 9 18 24 3 36 54 166 4 45 70 28 36 27 36 15 42 52 68 35 88 49 40 72 70 78 112 56 101 68 82 87 26 89 212 50 0 58 52 16 135 132 129 12 157 8 42 6 36 106 36 96 25 58 30 10 72 22 0 23 58 0 41 25 0 96 24 0 25 171 54 36 48 117 10 12 51 18 67 78 72 44 0 97 0 99 38 53 20 0 78 75 42 12 18 0 33 30 36 10 50 18 67 20 74 34 102 135 21 28 124 18 16 82 124 41 24 75 24 83 57 84 127 4 30 87 46 48 0 95 27 18 48 24 0 29 0 4 0 0 106 3 16 72 35 4 79 62 18 19 21 78 79 44 76 9 96 32 120 86 96 12 96 49 156 48 74 32 65 0 87 58 33 17 38 15 0 0 30 90 217 65 72 12 36 16 15 
42 68 72 70 82 74 244 5 172 88 78 8 165 92 181 147 1 0 25 108 50 115 128 36 9 48 117 99 91 214 170 82 42 0 146 205 48 136 95 67 78 7 102 70 136 18 51 59 110 57 75 63 32 18 0 54 48 31 36 0 75 94 102 127 0 93 176 93 28 87 62 0 115 45 54 129 15 73 62 159 84 105 129 99 13 141 34 89 61 36 71 73 79 30 182 54 137 163 154 116 72 83 87 40 81 51 35 19 86 101 59 45 26 14 50 90 53 141 29 178 123 14 30 4 35 0 36 78 168 266 135 54 67 36 40 72 78 123 66 36 4 122 0 51 51 70 48 56 0 36 48 54 18 87 12 16 6 15 157 42 13 105 0 96 117 88 0 174 106 23 67 27 57 39 27 21 0 63 42 1 36 80 0 109 56 66 55 65 73 0 36 126 62 0 37 0 77 72 99 156 45 72 42 183 73 84 131 50 88 0 56 47 123 115 0 45 36 3 25 0 64 40 88 54 75 88 78 71 108 48 191 105 63 21 52 0 171 0 76 133 32 73 56 6 99 126 29 46 103 0 0 81 7 68 18 85 
0 95 127 54 25 62 27 65 160 76 0 129 37 0 4 119 60 62 0 0 84 15 8 131 54 61 116 60 30 20 12 107 56 60 30 72 81 72 40 18 50 120 18 144 87 45 60 2 101 9 8 22 72 0 100 16 24 86 8 56 59 40 15 76 46 2 48 45 63 68 60 0 15 72 30 18 20 14 0 54 16 40 21 64 6 51 153 4 54 126 11 114 4 45 18 0 52 64 12 0 36 70 117 60 60 88 32 74 104 63 0 36 48 64 12 89 36 20 110 45 40 77 156 47 113 168 67 8 43 36 136 48 161 0 32 0 3 92 40 39 21 40 18 89 40 134 6 60 119 79 42 16 18 64 16 50 87 135 0 42 28 0 6 25 112 65 56 36 81 0 0 102 35 63 18 181 95 53 74 0 42 16 68 81 12 38 51 105 29 12 21 108 8 147 0 17 31 91 154 45 65 16 40 20 55 118 4 40 38 20 57 0 63 28 0 146 63 21 47 8 20 15 167 78 17 73 60 12 32 36 132 63 25 135 3 81 18 56 69 172 48 85 197 0 36 72 6 34 212 41 133 85 63 36 64 44 
140 130 83 42 112 68 21 111 123 143 6 76 135 5 0 289 107 38 28 3 76 56 108 102 97 90 80 44 35 110 20 72 80 20 14 125 159 44 80 104 86 46 105 80 149 164 54 86 64 34 39 95 6 79 60 86 87 143 228 91 98 116 20 49 90 107 176 82 0 0 150 83 109 90 92 53 78 98 18 101 24 45 102 81 6 25 105 66 42 44 19 114 286 130 69 2 57 0 76 109 18 75 42 153 65 141 68 99 114 71 127 24 105 0 56 83 36 66 12 182 24 59 55 94 0 63 87 40 84 111 181 5 79 66 6 40 164 22 88 81 204 137 176 75 55 204 34 63 66 83 118 84 72 43 110 108 110 97 14 97 47 72 25 85 81 165 57 102 94 42 42 106 64 111 91 69 22 23 43 89 81 8 95 139 200 97 37 108 39 130 128 84 18 167 0 56 96 89 51 75 112 36 30 35 116 145 94 45 72 29 107 21 142 124 83 155 52 61 101 116 284 3 123 54 57 162 61 54 166 145 111 87 82 158 66 65 90 103 186 102 88 72 63 2 0 79 101 89 81 80 26 76 210 48 3 84 
154 98 48 63 44 103 29 22 105 112 6 62 13 0 12 98 115 63 27 6 19 80 35 38 24 71 10 29 116 131 10 91 6 94 44 155 152 11 49 6 23 155 42 21 42 139 86 10 131 68 89 71 55 0 103 76 30 39 197 39 145 105 75 80 55 52 133 92 8 105 6 98 88 90 66 78 103 56 143 83 5 27 45 19 9 64 140 92 10 63 10 101 45 192 76 80 68 0 56 17 0 174 103 173 129 33 124 0 7 140 30 85 72 58 91 25 123 0 24 68 107 24 0 52 24 28 56 16 197 54 113 15 14 92 24 155 92 49 57 140 126 103 160 53 0 48 4 57 32 0 42 16 35 34 24 118 72 9 72 112 167 124 2 10 150 71 61 7 24 99 60 219 18 8 117 32 136 76 142 57 64 45 59 20 67 156 100 0 97 223 93 145 14 12 77 20 190 63 99 88 0 48 68 12 36 56 20 68 35 72 82 52 0 65 0 8 14 122 58 95 56 130 54 159 21 174 21 129 24 63 43 16 93 14 80 54 47 20 56 97 110 26 11 63 64 210 65 30 63 191 203 28 0 56 42 147 
0 70 56 53 69 41 100 46 136 61 0 56 96 111 25 66 77 111 0 45 166 148 130 35 3 104 36 29 83 99 40 48 123 48 150 225 56 85 88 41 0 112 50 45 0 29 99 179 201 31 100 0 50 42 42 21 14 50 140 141 58 95 81 206 57 84 104 131 86 126 84 65 28 86 7 114 123 56 33 46 38 99 54 18 0 112 113 58 90 59 137 0 84 34 54 31 170 128 47 75 96 104 174 64 92 110 35 136 49 180 0 0 18 152 40 36 0 26 141 77 20 99 63 9 59 146 123 39 102 72 81 50 0 29 32 15 111 102 0 73 79 34 75 45 48 62 18 10 32 90 113 172 11 63 75 93 0 143 4 95 103 78 36 137 106 52 143 42 96 12 47 58 55 20 52 16 30 112 126 52 76 47 64 16 199 10 125 54 90 0 32 180 171 42 60 28 94 85 28 24 64 28 54 65 115 115 32 142 0 72 56 36 121 248 46 0 101 0 197 59 68 55 103 24 44 46 117 67 66 121 85 194 110 12 8 179 51 53 15 49 31 171 8 16 59 85 83 157 64 118 153 136 57 74 7 117 
105 141 84 36 27 65 0 94 146 71 0 12 36 48 20 136 148 44 4 32 112 100 67 148 44 216 59 47 18 150 32 116 12 63 38 78 70 52 63 15 0 139 11 163 128 90 57 15 111 241 100 96 48 15 46 0 24 116 114 91 36 37 120 90 98 48 56 20 0 105 46 81 98 0 21 85 113 0 0 90 9 121 85 85 6 42 39 0 35 48 60 24 72 54 65 54 12 0 73 56 6 35 70 146 27 40 59 81 58 99 45 93 16 204 8 20 81 64 54 0 98 27 84 77 25 20 48 45 98 117 185 18 105 33 16 101 45 36 69 0 64 58 54 110 18 122 10 54 0 49 42 36 22 35 21 0 35 98 15 53 175 90 47 111 88 25 56 58 8 16 0 45 0 35 88 77 6 33 130 74 131 62 87 7 96 0 19 153 130 110 140 37 57 157 4 10 60 56 61 94 81 0 0 45 14 123 0 48 50 50 24 39 18 87 67 84 35 9 98 42 49 40 84 50 0 70 30 94 32 21 45 101 28 149 0 130 75 56 0 135 42 123 189 54 39 54 78 18 44 95 130 98 58 81 4 115 
108 117 20 68 30 25 105 29 9 21 118 14 132 30 88 46 10 83 20 64 0 81 4 12 8 0 48 98 27 108 8 23 0 45 115 111 52 0 64 16 18 0 15 81 73 12 108 2 0 103 21 25 8 48 0 0 112 0 135 36 27 81 40 42 116 122 14 62 53 21 36 0 90 0 0 83 46 13 24 135 58 0 0 0 18 0 83 34 85 48 58 64 68 99 21 39 16 56 24 170 28 85 21 21 4 10 0 49 14 95 125 0 16 53 22 67 0 72 0 115 24 54 33 19 45 136 0 36 17 66 96 31 12 74 72 162 45 66 14 0 36 20 7 55 18 179 0 24 9 0 0 16 36 65 20 58 88 0 35 111 111 102 6 35 66 21 30 0 24 34 88 8 3 130 31 22 66 45 25 3 0 0 35 92 91 30 18 40 80 87 54 87 10 6 113 0 70 27 0 112 27 49 0 56 51 63 40 47 5 18 90 9 25 127 0 43 34 63 28 27 61 16 85 94 49 44 62 0 6 146 179 233 44 27 15 48 54 27 61 77 53 52 0 0 74 55 27 45 0 25 38 70 35 68 14 49 
48 2 76 107 9 32 18 14 153 67 24 36 48 45 65 11 15 34 0 81 44 16 116 52 93 27 86 68 33 126 48 44 15 7 112 0 64 18 28 10 7 110 91 8 1 14 64 0 80 3 60 10 15 6 0 41 78 131 22 49 21 94 51 40 18 154 86 4 9 0 30 85 2 129 8 36 60 21 25 0 40 58 18 32 0 41 34 26 95 62 134 0 93 103 141 27 54 0 15 91 0 64 15 69 18 32 21 77 81 18 111 82 10 40 0 57 49 25 29 48 40 33 60 84 7 37 15 238 104 76 48 57 55 20 266 131 83 113 16 14 40 43 45 15 50 32 85 8 30 84 39 108 73 103 10 0 30 32 12 58 8 43 86 96 32 14 0 112 40 72 116 20 9 42 36 57 20 62 80 133 89 0 12 24 47 23 85 22 0 0 96 128 16 24 50 49 28 58 19 91 105 97 59 24 18 22 1 0 72 21 10 16 82 105 99 56 51 78 30 61 10 54 0 2 0 53 18 0 38 28 116 113 24 22 21 9 91 91 43 48 112 81 68 7 49 101 43 125 40 13 72 106 66 12 0 40 
68 47 91 24 24 49 30 68 71 37 0 40 33 10 0 49 2 66 40 50 135 36 118 6 179 46 33 0 65 32 3 139 119 42 42 127 167 28 0 97 93 32 36 8 109 8 138 27 81 11 45 98 30 52 36 3 104 133 115 0 160 72 15 38 87 37 146 30 44 8 77 8 72 56 40 68 3 116 0 46 103 50 34 90 10 38 158 8 24 58 30 4 69 35 64 15 16 48 26 45 13 30 24 98 90 44 41 70 79 73 34 36 88 0 54 95 58 0 67 0 0 61 45 139 71 63 18 36 15 73 90 54 56 35 48 0 4 64 98 4 73 6 19 132 69 42 106 97 129 51 2 84 131 19 12 63 27 84 10 2 106 48 5 92 0 14 35 70 22 110 14 24 34 36 95 140 24 131 48 14 32 46 0 42 71 83 16 135 15 0 0 127 46 81 52 22 45 139 20 24 74 24 48 18 59 56 16 33 115 76 50 12 136 74 7 41 50 12 31 27 41 8 78 154 32 14 12 18 0 122 29 97 53 69 64 72 32 86 88 51 3 102 122 57 77 99 112 68 97 44 18 5 44 36 0 13 
33 59 0 119 58 44 8 108 48 264 33 75 105 112 60 78 28 187 63 101 135 166 96 86 81 92 38 203 142 118 30 113 2 0 40 207 166 44 45 92 172 142 99 77 18 254 109 70 96 93 22 60 23 137 72 122 109 68 98 67 66 182 55 63 93 86 141 41 12 21 61 119 23 15 0 135 128 3 60 43 78 81 29 112 58 36 62 3 126 81 82 64 224 0 15 130 9 81 20 115 96 80 100 108 16 141 119 123 54 40 59 174 87 73 79 127 77 18 27 81 75 48 115 61 30 30 93 78 32 89 192 1 113 0 82 210 1 61 89 105 15 62 5 99 25 82 84 132 90 18 72 64 131 64 0 30 106 65 0 60 161 90 77 79 24 67 36 89 21 18 69 15 0 43 100 9 0 76 90 116 106 77 108 46 84 91 208 9 208 12 191 93 0 8 40 114 89 141 26 187 53 72 47 85 18 24 41 32 54 124 8 88 131 40 42 87 135 23 83 0 200 30 108 190 25 89 170 24 129 25 116 51 28 70 136 10 148 40 100 104 92 55 64 3 127 129 68 60 67 149 70 13 74 203 28 72 
155 0 0 54 14 42 22 71 153 39 4 96 80 70 120 45 34 35 108 30 171 46 35 27 42 16 141 89 239 18 69 118 10 86 68 50 156 0 44 57 100 52 105 95 54 26 139 88 69 60 15 57 190 61 64 60 128 141 170 8 98 117 34 113 10 61 51 33 132 91 30 0 72 24 45 26 150 101 59 82 91 2 0 63 30 155 116 77 42 140 80 57 43 181 86 96 113 18 28 6 26 109 95 121 45 83 20 2 35 10 139 21 131 8 28 46 144 44 208 88 135 0 6 82 5 98 138 10 37 14 71 14 21 37 34 5 0 65 30 46 80 148 103 170 12 21 90 82 15 0 4 30 54 37 35 128 6 67 10 61 89 70 7 141 95 0 18 27 54 0 66 91 24 159 205 145 105 10 59 126 14 35 0 64 72 167 139 48 96 40 85 64 88 1 83 73 103 24 60 134 47 28 46 5 50 107 12 20 163 0 56 130 152 98 58 95 4 7 79 0 159 14 72 84 71 5 86 162 54 60 43 90 76 22 85 22 0 100 51 87 157 12 63 21 71 0 35 69 63 48 18 58 0 0 21 60 
31 94 202 107 51 12 31 28 66 127 69 96 14 117 72 34 68 79 60 24 6 75 20 28 74 45 66 70 208 106 23 65 2 2 138 104 52 92 106 24 74 47 22 153 40 0 165 16 92 84 143 12 64 8 18 30 32 94 98 76 2 150 56 52 57 138 108 95 17 32 94 32 137 65 0 54 6 74 0 63 70 68 0 48 118 95 98 84 305 26 41 127 56 5 106 63 79 72 8 78 200 107 179 141 159 26 126 18 0 65 0 28 8 28 0 63 94 66 62 20 130 0 23 36 106 22 103 63 62 107 202 0 172 51 6 140 34 81 100 16 0 57 95 66 10 103 40 2 0 14 42 12 105 58 58 72 0 54 132 198 14 21 28 80 113 38 114 63 46 43 120 121 7 93 269 35 10 114 14 12 56 0 53 0 68 18 59 134 32 52 0 80 14 40 0 79 222 160 92 198 98 35 94 8 54 33 80 48 16 54 36 16 35 109 0 24 86 4 8 7 121 40 133 90 0 172 94 24 36 14 32 128 18 32 2 54 67 62 52 76 5 129 8 18 66 121 41 124 134 52 12 32 26 27 97 90 
131 55 65 0 63 64 75 50 63 182 28 100 68 62 56 83 11 24 53 173 69 72 57 0 25 35 136 63 25 42 0 7 47 35 4 124 24 41 144 0 111 63 76 21 136 10 120 22 102 129 40 159 88 110 56 51 42 141 47 0 21 30 3 28 42 61 127 66 60 24 0 9 28 156 27 63 111 0 14 138 45 15 4 35 67 35 0 52 163 54 25 141 34 89 17 105 48 0 0 9 89 37 15 93 0 55 73 49 84 89 75 69 0 4 37 73 125 9 52 86 10 123 42 39 39 82 85 56 72 109 126 39 40 64 64 0 79 4 78 75 12 120 75 122 20 79 104 48 27 66 2 76 50 17 18 45 8 103 65 79 145 56 51 4 41 82 61 36 33 43 175 27 44 36 104 30 82 0 56 58 67 80 24 35 4 4 119 141 8 36 0 80 24 54 20 75 69 70 15 81 72 96 40 0 18 72 79 66 45 47 0 6 9 48 70 45 45 3 164 89 90 4 54 17 0 40 9 3 37 78 14 80 75 87 0 75 0 50 125 69 60 73 138 0 75 32 9 84 60 113 16 10 63 75 14 264 
45 31 15 0 84 84 102 24 27 8 177 72 90 36 96 89 4 127 162 12 12 114 49 0 17 24 20 0 54 0 15 63 53 0 36 0 43 94 133 63 33 56 9 18 25 79 193 0 36 89 141 178 15 32 0 36 30 95 24 99 56 80 27 20 84 34 104 24 35 0 12 0 60 72 105 49 46 6 0 126 16 0 36 85 0 24 57 89 63 60 52 104 17 21 111 75 17 40 63 81 62 94 50 78 0 27 0 0 0 34 45 2 16 51 80 61 139 171 54 20 63 117 93 55 45 5 0 77 143 89 133 72 117 0 0 72 60 70 22 48 54 14 5 91 0 58 68 72 50 189 104 0 224 64 48 49 57 96 62 45 27 2 9 0 20 67 81 99 27 95 15 57 0 10 7 17 0 20 60 40 86 0 18 45 51 83 5 77 39 32 0 18 39 68 0 88 0 32 63 72 68 65 42 81 102 0 50 13 37 114 0 24 45 18 12 0 45 0 98 20 9 58 16 136 0 118 45 0 63 157 54 72 52 0 15 64 0 19 66 48 32 0 39 0 78 56 81 76 36 0 17 36 27 107 55 27 
54 25 35 54 22 71 45 6 70 12 117 71 42 37 85 64 26 93 52 27 77 114 49 84 18 78 6 73 48 63 16 158 15 16 60 192 37 0 6 57 30 38 31 41 27 36 54 67 20 54 21 71 22 94 42 123 34 116 126 12 5 30 85 18 33 87 66 78 32 46 79 54 135 36 61 76 120 45 10 40 24 0 0 82 30 30 76 0 7 32 40 18 74 127 34 88 28 54 12 6 85 69 32 112 102 143 220 9 24 97 90 54 56 46 30 42 38 81 84 45 31 77 150 36 0 64 78 34 43 25 142 26 46 24 30 0 84 51 148 85 36 148 70 59 56 21 63 0 77 151 32 6 69 24 95 111 8 50 89 52 18 60 0 24 81 103 71 15 4 15 12 188 8 54 28 52 65 36 12 24 103 42 78 105 172 98 27 70 10 0 112 71 24 0 33 61 66 126 84 66 28 48 36 18 9 135 32 32 30 113 87 118 90 51 33 123 69 0 92 46 222 4 50 30 16 109 36 152 96 63 57 33 27 74 71 91 72 12 66 42 4 34 10 54 62 158 73 94 18 61 50 75 30 36 48 111 
140 28 16 56 39 50 47 12 123 26 0 0 119 93 66 30 8 4 0 88 56 86 63 42 7 64 48 189 21 66 11 40 47 77 111 3 86 36 7 24 130 64 161 24 0 34 121 14 102 118 142 17 0 16 56 101 126 57 135 83 146 106 104 0 81 70 46 204 58 48 50 15 0 21 0 28 102 0 6 0 10 108 26 54 193 20 69 98 73 6 88 0 100 23 45 2 19 79 40 81 16 64 12 0 91 72 41 48 0 146 36 64 152 116 32 15 84 8 39 62 64 71 58 80 39 119 48 92 75 36 112 56 56 60 53 55 32 90 111 28 91 12 0 16 8 36 34 44 24 9 56 70 75 188 64 75 10 40 44 58 115 21 54 121 72 21 60 52 46 25 44 56 12 0 139 69 120 16 64 52 83 25 85 22 79 70 33 124 132 28 67 56 76 0 81 15 0 0 8 118 35 28 0 0 76 0 67 48 75 40 36 16 138 203 56 2 64 14 59 35 0 40 72 7 75 42 12 45 96 73 125 78 30 12 78 93 128 38 0 53 138 180 46 4 82 130 31 49 5 30 25 61 15 104 74 75 
40 26 26 60 81 27 46 64 155 65 63 81 164 0 40 108 76 1 118 3 57 10 4 75 17 33 21 87 99 63 92 30 61 7 41 80 34 12 80 117 27 50 20 196 42 106 97 131 9 9 63 108 5 55 0 103 24 104 43 75 69 62 53 45 19 169 154 0 24 3 42 101 0 20 63 78 78 3 39 89 0 3 99 86 3 63 9 0 58 4 69 108 144 0 4 0 56 0 0 72 49 16 9 0 49 32 28 0 144 81 60 27 0 0 126 4 85 81 72 147 109 92 101 40 24 96 36 94 45 53 97 84 76 81 62 26 35 36 3 47 15 196 80 40 32 0 76 42 9 105 96 24 91 84 45 114 55 59 9 110 38 89 16 54 24 64 42 38 20 36 45 49 6 97 8 55 12 72 4 26 0 9 42 64 35 87 74 31 26 100 0 134 0 86 43 116 28 58 63 15 0 49 12 9 27 9 117 93 47 1 4 0 15 113 106 0 70 20 0 0 27 28 0 69 27 51 18 48 112 173 78 108 9 72 15 14 21 20 152 54 58 63 73 0 20 48 85 138 31 4 15 77 57 6 56 69 
159 69 123 111 83 60 162 12 67 75 10 55 147 77 160 147 80 115 48 0 75 25 14 32 18 62 69 193 144 117 88 190 42 30 107 90 119 91 35 9 51 39 87 157 91 88 42 16 36 73 96 28 124 49 91 27 52 196 184 78 84 124 61 113 103 175 104 50 145 91 106 38 72 82 87 70 13 155 85 71 8 72 81 36 109 22 35 0 93 76 24 50 21 204 101 20 50 6 144 118 94 151 53 100 75 111 12 55 0 121 11 60 6 100 112 64 30 54 154 189 87 48 30 51 46 0 3 32 169 68 174 66 80 171 52 95 22 66 18 38 114 40 70 212 2 191 62 12 63 107 21 70 125 144 87 98 140 121 34 124 62 24 6 94 79 20 132 102 62 46 12 135 49 56 128 52 82 69 165 75 79 31 94 25 75 82 78 129 156 96 70 71 14 69 81 82 86 159 81 205 0 40 57 82 46 121 36 44 93 108 37 166 76 156 65 98 2 16 224 72 38 39 148 162 45 98 151 10 110 64 81 161 29 84 40 94 32 127 20 164 228 10 125 74 108 9 53 74 45 58 20 123 76 90 81 136 
146 49 52 32 54 20 63 91 8 63 0 0 6 0 15 67 22 34 117 48 49 86 96 42 189 52 164 0 0 0 8 56 69 98 32 14 113 0 38 45 44 102 45 125 0 21 161 0 78 60 13 108 67 36 14 74 56 41 63 23 48 121 56 193 0 173 25 88 60 99 49 0 0 35 18 0 68 23 0 0 20 0 40 30 144 0 79 20 45 8 75 109 6 98 72 37 69 40 0 18 107 81 69 99 96 26 36 39 63 0 107 9 0 6 105 12 113 2 49 53 0 6 112 75 23 80 67 50 12 105 24 39 73 58 48 106 6 70 5 30 6 73 102 0 27 158 36 56 0 64 76 17 147 40 42 0 81 63 9 24 83 131 42 14 76 39 18 21 30 50 69 24 0 13 58 100 167 19 85 48 45 68 47 124 114 18 73 57 26 81 66 36 24 3 10 51 0 41 54 78 125 52 0 0 36 6 0 5 72 115 69 24 30 142 62 0 0 39 120 150 63 43 99 87 0 83 18 2 40 72 0 4 59 0 9 106 32 35 64 74 88 22 0 159 58 42 107 35 53 174 73 9 14 12 0 114 
43 18 0 49 0 102 16 66 0 153 69 80 40 109 36 7 21 57 54 14 189 128 18 36 86 0 165 63 50 0 20 0 0 0 102 0 130 42 84 32 102 30 129 120 0 32 77 84 0 86 81 39 24 54 0 92 64 0 85 0 0 102 0 110 115 117 168 32 52 57 65 54 18 117 54 0 54 93 90 156 18 24 0 20 104 90 9 7 91 132 42 142 72 49 137 73 42 83 40 87 103 22 56 30 0 14 33 7 98 39 28 72 64 120 0 0 0 59 18 81 55 70 65 23 49 8 0 0 35 26 233 119 35 16 32 0 44 98 21 145 48 28 134 0 0 78 70 58 70 18 54 71 76 138 14 24 58 24 36 69 18 50 14 0 0 74 73 90 91 9 24 40 60 0 18 18 30 43 101 50 0 0 46 54 72 27 35 78 122 0 34 108 24 28 72 56 0 40 12 81 35 70 0 3 64 0 59 66 47 67 0 28 49 68 14 12 65 9 270 0 117 0 18 209 0 32 16 0 107 70 157 36 48 0 31 42 0 134 140 4 62 89 63 18 87 0 65 46 56 66 56 16 0 0 165 56 
27 0 14 34 7 0 17 46 109 0 18 0 135 30 43 36 18 40 64 33 97 59 63 0 3 0 18 146 12 5 75 76 76 12 84 85 32 69 17 4 0 81 51 28 0 129 46 5 0 49 66 66 20 16 0 90 8 72 26 39 50 0 30 81 91 57 0 112 0 6 71 79 48 0 0 15 19 48 26 120 0 62 42 14 126 60 30 66 33 52 36 101 6 24 63 4 38 39 15 44 26 9 9 90 68 43 0 46 84 76 14 53 7 0 96 6 30 144 0 20 82 30 18 98 29 51 95 28 0 28 18 45 24 39 35 45 24 0 49 7 28 63 0 100 52 50 114 0 49 90 9 100 95 30 72 40 29 54 36 18 12 71 12 59 23 35 44 24 0 63 0 66 46 16 56 36 24 29 90 49 22 89 63 45 56 32 11 56 141 112 95 158 4 6 37 54 110 14 65 15 0 24 48 4 90 95 60 79 0 97 24 88 45 21 14 0 16 0 18 0 56 0 8 15 42 54 6 72 24 45 9 0 0 0 16 71 65 0 40 10 69 9 86 0 93 80 18 34 0 119 42 48 99 126 14 98 
74 6 28 10 65 83 40 18 36 18 75 12 6 62 89 4 3 0 135 79 8 40 139 12 90 0 119 69 66 105 47 98 46 76 69 40 186 44 82 5 21 21 14 140 0 63 101 0 111 39 25 0 54 56 61 18 0 24 109 54 15 51 32 169 36 53 27 38 0 120 18 18 36 0 67 36 0 52 0 100 45 0 14 4 36 0 57 24 21 26 174 91 36 0 111 121 80 0 0 16 0 45 84 45 54 0 0 36 68 45 99 24 14 18 18 41 54 49 0 30 83 0 104 0 27 14 27 81 126 58 117 12 38 30 56 0 28 80 39 4 7 40 93 51 50 10 6 40 48 0 78 60 107 54 42 2 21 0 28 31 43 81 6 128 45 37 0 144 22 36 0 63 31 0 84 24 45 99 200 16 0 53 0 81 126 45 0 24 40 0 42 88 8 21 14 18 5 6 2 71 10 81 18 29 36 72 21 14 127 113 0 59 39 66 60 49 0 0 56 0 36 103 63 47 0 79 39 0 83 68 15 40 48 0 0 137 9 69 15 33 68 55 0 208 42 21 57 0 0 72 36 20 63 73 0 70 
69 75 54 61 111 80 27 3 135 213 71 0 32 35 0 7 42 107 60 0 69 76 72 66 0 90 2 34 6 127 12 135 87 51 12 117 48 0 138 52 9 13 35 6 42 164 68 18 26 208 51 36 0 42 67 83 8 70 101 16 9 108 147 58 59 53 24 36 21 59 90 0 81 54 45 45 175 89 0 90 0 24 23 90 56 7 9 0 8 65 95 24 127 37 78 71 56 51 35 20 69 64 42 115 106 87 154 72 38 69 5 56 69 104 10 24 24 4 75 101 80 0 65 39 35 58 15 52 146 86 133 0 42 32 0 7 34 41 115 10 60 51 57 6 36 32 63 24 108 183 70 28 63 81 172 122 15 49 81 60 3 34 23 12 116 79 20 71 8 0 48 70 40 96 2 125 35 0 36 14 131 0 82 117 103 81 3 60 89 8 130 32 12 40 8 46 82 92 83 131 88 49 0 1 67 3 0 0 0 143 4 81 30 59 49 78 42 0 108 8 67 49 80 71 9 54 21 15 137 10 38 52 9 108 63 154 105 23 15 115 137 76 38 51 18 112 54 23 0 90 36 54 16 47 54 48 
48 0 0 85 30 20 75 73 135 45 6 0 59 11 84 48 56 24 0 72 55 66 56 2 27 124 0 18 28 75 44 41 16 4 44 87 192 54 0 78 85 108 31 51 0 12 6 26 27 3 24 27 4 23 20 12 160 55 82 63 68 29 48 78 84 66 102 112 61 48 36 68 28 87 46 17 82 48 35 30 0 105 143 10 54 52 33 59 0 45 12 49 40 0 106 123 63 28 12 86 0 28 71 48 30 93 75 36 20 69 43 97 16 100 28 108 0 2 90 44 45 101 58 32 10 36 0 28 30 3 119 42 26 36 8 78 87 13 70 52 112 2 32 0 2 34 97 35 0 27 80 59 186 72 54 20 10 144 0 35 136 90 8 36 9 42 126 20 89 12 23 48 45 83 174 92 72 10 79 146 16 0 60 4 48 49 86 63 77 59 155 56 63 44 26 26 4 56 0 88 60 0 54 49 68 0 0 108 0 6 45 8 20 56 27 0 50 43 42 92 96 0 56 53 48 49 116 47 9 36 91 86 114 55 0 18 110 139 61 77 27 60 65 42 48 50 56 166 28 42 6 58 90 30 57 29 
5 89 0 30 26 0 0 56 90 95 12 75 49 68 111 9 21 48 0 134 54 63 62 86 52 10 172 49 37 126 2 63 82 90 35 80 1 6 57 0 36 89 0 53 0 123 86 0 156 48 40 24 177 0 10 0 48 158 130 29 74 16 36 223 29 17 167 108 75 106 30 54 60 133 18 50 6 30 81 130 0 100 7 0 36 76 133 117 49 54 122 73 26 25 26 86 73 0 12 122 60 128 72 122 28 28 46 65 22 38 30 54 62 56 24 150 42 107 30 40 62 88 0 15 35 70 45 61 175 56 228 47 114 21 39 4 0 158 106 125 0 160 61 62 0 62 84 32 58 0 39 134 28 10 40 92 55 112 35 49 28 78 0 54 93 19 24 63 88 45 122 104 18 0 76 69 15 6 273 101 0 119 2 87 42 21 43 0 15 69 99 86 53 42 2 0 93 19 82 121 35 20 51 0 86 103 0 16 56 0 52 0 54 0 10 72 38 46 74 48 70 74 40 24 50 40 38 4 13 45 57 103 21 15 0 164 0 113 70 110 8 51 80 107 0 0 32 186 56 62 99 77 60 0 14 147 
26 19 144 15 30 12 31 29 45 41 53 73 182 67 72 28 27 6 94 92 42 58 33 58 67 84 106 55 55 0 122 51 47 0 8 118 83 6 90 48 43 0 232 129 30 36 100 56 131 33 66 10 69 55 25 64 9 27 64 94 17 90 33 127 85 78 41 37 4 43 167 12 64 45 45 72 92 77 103 56 0 12 57 0 54 19 74 74 54 32 57 120 53 138 30 40 63 63 62 12 12 55 155 52 10 72 14 32 103 57 133 45 62 80 25 6 8 70 0 132 115 6 17 35 0 63 0 74 87 14 156 0 17 116 75 6 136 64 3 77 45 163 101 40 0 21 54 0 0 67 14 12 0 63 153 34 92 72 59 42 151 91 58 12 27 104 15 11 161 28 3 31 3 26 63 95 93 0 14 0 51 46 40 6 148 68 77 3 14 70 44 128 32 68 36 12 7 58 0 84 24 0 0 48 13 120 0 50 0 82 28 18 12 95 162 117 0 84 141 88 32 0 64 153 10 92 0 40 7 121 9 7 24 35 100 93 33 36 25 0 39 25 12 3 6 7 58 5 9 44 10 28 0 21 72 66 
108 21 48 7 89 96 44 25 54 40 80 101 77 25 35 60 28 35 42 53 93 31 86 60 66 136 61 92 56 63 7 18 6 8 72 85 96 0 74 71 9 98 132 87 32 59 95 123 110 67 37 40 0 29 6 0 0 109 15 31 48 162 87 77 128 104 127 52 25 62 53 75 90 49 49 101 8 0 21 48 56 72 6 24 17 66 93 33 115 79 73 93 16 24 152 39 21 0 24 74 7 246 35 83 35 88 78 5 10 131 20 107 0 126 30 5 67 121 51 104 45 22 25 43 52 12 135 25 47 0 0 68 41 52 132 45 65 99 51 15 72 144 53 45 66 22 116 29 36 15 72 168 123 197 10 74 83 0 68 28 143 42 86 48 35 35 32 216 8 0 74 90 0 72 40 12 0 53 135 122 36 0 73 72 0 5 123 6 112 0 60 137 30 48 32 14 216 104 45 20 25 0 44 30 28 42 49 6 94 104 71 12 30 138 0 52 83 44 62 0 0 4 70 10 21 5 63 42 178 12 80 62 0 64 61 35 94 176 90 106 12 77 43 19 213 36 75 96 40 152 0 80 35 35 70 8 
32 24 71 4 3 8 2 23 30 83 27 18 0 16 15 0 0 66 12 0 36 4 82 67 6 0 68 0 15 0 21 24 38 0 20 10 103 39 8 6 37 60 45 35 87 108 37 0 82 89 0 9 7 108 0 24 30 12 5 0 0 0 30 2 18 16 0 0 9 0 0 3 89 0 59 0 9 3 0 48 11 0 52 6 48 24 101 45 33 36 6 21 21 0 93 63 72 0 0 16 9 0 18 75 0 11 0 5 21 71 109 6 0 70 36 83 0 9 81 0 0 0 110 27 46 58 4 12 9 0 54 0 25 3 31 54 69 20 0 3 60 4 0 3 0 34 36 0 84 0 0 16 58 18 0 30 39 56 9 14 10 30 21 16 20 15 0 58 0 33 12 0 0 48 16 126 0 14 12 30 18 16 48 6 42 64 44 27 72 12 72 22 2 12 4 0 0 12 18 52 8 48 54 6 18 0 15 25 18 0 0 4 0 77 7 51 6 0 0 0 49 9 27 40 0 18 15 9 18 0 0 28 0 0 0 0 24 14 48 113 69 15 0 0 31 6 0 2 0 86 52 8 96 56 27 74 
155 6 0 144 59 107 0 97 32 74 64 0 5 0 33 0 112 24 0 125 71 27 53 0 98 99 76 0 60 138 96 47 0 0 65 123 73 81 72 25 155 45 41 104 9 34 3 49 0 173 72 81 63 100 28 16 67 117 60 168 56 5 0 72 150 158 28 58 0 0 68 58 23 26 32 0 148 72 25 64 77 21 85 45 16 79 42 61 63 91 56 0 6 18 30 192 0 68 15 120 84 0 78 0 0 13 14 111 48 56 111 135 18 115 0 56 6 117 98 121 21 127 70 83 81 83 85 54 27 81 39 90 9 55 15 18 45 54 72 0 120 0 0 107 27 30 21 64 25 46 28 0 129 9 40 63 80 49 0 76 160 97 18 26 9 0 85 58 9 154 27 56 15 81 30 3 34 150 0 93 0 21 0 43 0 70 147 81 61 30 94 69 63 12 81 94 109 72 6 107 152 21 48 35 59 24 0 50 0 94 0 0 157 57 11 18 18 123 7 29 0 80 124 0 40 79 30 0 24 48 118 89 80 60 0 87 84 48 90 0 52 56 0 30 36 0 126 66 12 3 0 21 84 52 0 36 
131 63 60 33 18 6 0 71 32 20 36 20 36 20 68 92 18 48 15 73 54 33 59 45 67 54 91 72 111 4 24 55 19 110 40 22 56 15 25 83 149 48 65 52 157 115 41 14 73 255 173 28 45 59 57 16 171 18 154 11 57 116 112 55 0 50 87 135 195 5 60 68 64 80 113 36 69 194 56 96 34 57 23 63 6 96 12 80 77 95 8 51 53 117 159 49 78 37 63 12 61 20 54 47 96 86 40 54 33 154 154 0 109 62 93 142 50 24 110 9 104 102 115 30 71 44 30 21 17 140 84 39 17 28 116 65 44 2 40 50 50 43 48 20 54 122 2 56 31 42 7 0 56 21 42 50 24 91 51 51 47 89 2 135 160 42 37 72 40 88 58 16 1 38 110 108 54 72 48 28 32 36 10 19 37 147 52 124 113 86 50 85 67 50 4 18 78 32 174 91 32 34 28 2 180 1 32 20 176 21 37 37 20 34 8 60 23 60 75 60 22 6 89 49 38 52 0 122 46 77 74 30 26 15 28 55 0 36 105 112 86 71 162 14 67 116 42 25 9 32 9 52 50 59 20 115 
159 48 61 83 6 36 27 111 119 67 28 19 93 15 78 112 149 68 19 67 198 66 81 65 11 135 74 132 85 152 53 172 96 54 60 106 9 42 77 146 17 152 96 83 82 92 62 43 82 94 74 0 28 18 19 99 80 45 96 184 49 230 136 54 69 72 47 47 156 126 152 38 166 86 63 41 44 240 60 103 61 66 58 43 59 109 17 5 56 77 79 80 0 181 228 23 120 84 40 24 54 112 59 85 46 29 32 60 88 87 12 87 92 108 24 117 15 45 9 62 9 56 44 28 90 36 96 11 74 73 72 102 16 114 68 71 6 32 18 2 65 40 2 68 35 51 44 109 58 9 39 75 22 111 63 48 65 20 12 37 72 72 15 73 149 4 146 70 42 60 84 58 67 135 15 57 80 63 46 78 60 66 130 30 36 141 91 118 115 92 62 143 26 56 44 21 100 91 48 35 63 57 9 9 165 96 29 6 27 85 46 64 12 65 83 13 76 48 22 42 51 42 94 215 75 133 10 25 68 71 109 38 94 76 35 0 58 72 0 62 40 99 7 12 48 16 40 121 38 43 96 79 58 16 12 102 
54 18 82 45 27 52 45 72 240 72 42 58 66 72 119 76 35 46 0 28 54 90 122 0 114 157 66 27 69 54 217 30 37 0 40 216 117 45 81 30 25 52 0 76 6 0 104 145 36 157 56 72 0 66 0 54 56 22 61 16 24 63 94 36 90 143 84 36 0 0 103 24 0 113 63 27 15 63 5 63 61 147 81 109 54 30 88 90 35 0 49 83 8 96 126 119 0 0 170 55 28 49 202 19 102 88 106 117 0 28 8 0 6 75 33 104 0 63 157 63 134 15 155 54 69 47 81 0 18 242 165 101 165 61 52 54 0 24 18 46 12 0 0 18 36 181 116 61 0 81 0 32 39 84 18 114 9 130 145 79 144 66 9 68 96 130 133 40 58 163 59 102 41 120 146 18 54 184 42 50 94 28 84 0 0 10 102 36 28 30 73 97 97 119 8 63 42 246 83 69 0 72 66 72 81 0 65 102 89 39 15 23 0 12 71 42 54 9 163 116 81 7 135 36 9 51 135 42 39 9 42 74 54 63 36 2 200 48 49 72 57 93 62 5 55 54 130 130 174 119 25 117 62 35 84 45 
113 18 27 69 33 0 30 74 121 24 25 144 41 40 122 27 12 43 30 72 207 60 52 9 51 51 14 84 56 26 6 60 0 12 63 17 75 42 14 34 77 46 106 27 60 94 23 72 1 127 132 9 49 120 0 91 108 18 154 6 69 61 0 47 51 85 0 33 46 0 116 39 40 64 52 60 69 55 68 8 37 35 6 0 37 100 196 74 74 40 37 39 0 54 84 94 24 66 0 75 0 1 137 57 61 68 123 58 0 59 74 45 81 0 43 3 40 34 162 27 119 144 9 106 24 81 58 48 131 181 158 30 28 64 12 33 84 21 15 21 71 93 0 61 9 139 81 56 0 9 55 117 87 67 24 160 24 18 23 147 42 90 39 64 0 66 114 70 24 153 57 57 20 43 123 71 18 68 79 24 54 52 49 113 0 85 15 39 98 38 9 126 0 0 34 1 35 72 102 56 29 20 96 64 16 0 53 90 88 0 24 9 86 64 37 6 113 48 78 63 0 2 83 24 77 36 131 78 88 42 94 70 63 6 54 24 93 42 52 168 113 87 41 57 115 107 84 125 27 78 21 88 42 42 54 82 
105 4 45 32 126 66 38 105 63 0 8 27 53 0 0 71 27 129 54 21 72 72 62 0 93 51 121 9 36 0 16 0 0 29 65 175 43 0 127 56 36 78 7 42 10 126 88 12 85 77 93 0 68 0 0 105 0 82 74 95 64 81 51 35 30 176 35 0 48 16 56 35 91 237 78 8 83 50 64 14 0 0 12 10 38 36 97 30 40 0 101 84 12 64 2 89 76 18 4 37 45 54 9 69 81 94 78 34 22 72 0 19 0 107 48 16 90 34 0 0 54 0 0 15 54 0 0 0 158 34 177 54 42 104 36 63 18 108 42 0 42 36 0 80 0 161 42 0 36 6 114 7 42 56 75 0 40 62 163 0 116 12 0 42 144 24 0 56 0 0 0 131 0 0 58 75 118 40 85 5 57 0 142 16 77 72 0 113 21 88 0 0 113 57 30 84 63 45 40 101 81 0 78 0 54 0 24 53 40 86 46 76 0 36 0 52 10 16 29 49 90 30 12 75 0 111 15 0 0 26 66 37 73 0 0 117 0 27 101 80 56 9 101 72 49 65 0 120 72 17 104 98 15 0 35 84 
24 66 82 101 60 13 16 92 123 34 55 28 53 0 18 12 22 47 36 98 84 110 78 28 83 38 48 156 186 37 30 49 85 33 155 170 51 42 18 63 6 130 72 78 53 101 30 56 47 27 21 80 119 15 40 162 48 85 117 42 59 45 93 64 39 187 222 130 18 68 94 25 93 96 72 42 13 136 45 42 54 9 91 0 66 22 78 18 83 190 189 125 53 108 78 14 104 34 42 48 12 7 16 286 76 71 137 30 61 111 55 70 29 0 83 33 74 102 47 69 116 88 42 99 51 68 107 116 173 65 62 170 41 30 59 139 90 36 37 167 211 47 171 8 137 56 88 33 105 63 17 60 105 67 41 0 44 46 44 164 78 138 47 4 41 16 119 30 68 26 75 194 53 63 148 155 129 55 14 82 203 90 45 19 20 48 45 31 48 19 9 61 36 73 120 42 78 0 22 10 130 124 63 26 9 52 12 120 12 88 24 0 23 72 40 43 50 56 32 144 123 23 80 93 43 117 14 181 64 162 66 39 7 61 105 57 98 14 47 26 142 18 38 27 72 42 93 54 99 42 86 71 123 0 0 134 
16 0 0 48 54 0 96 59 39 72 48 0 8 64 36 39 23 69 5 61 18 59 57 100 135 100 92 62 93 60 30 74 60 24 40 61 104 38 86 158 174 67 68 157 51 0 77 19 241 94 15 124 0 74 24 26 164 0 55 25 56 123 30 18 0 82 52 24 96 27 20 27 72 165 45 78 66 42 55 78 54 12 89 48 84 16 157 82 57 44 8 103 135 74 110 97 24 30 18 21 135 0 96 1 45 27 15 31 0 0 14 45 66 24 21 101 72 42 0 84 5 72 58 69 10 0 0 56 29 122 36 27 45 36 25 76 124 56 109 27 0 30 48 5 18 42 41 6 0 80 112 39 198 12 66 38 8 87 83 47 48 126 45 88 111 54 99 28 72 37 129 48 46 48 125 89 118 34 72 25 122 60 28 55 75 80 73 88 105 0 36 54 4 134 16 0 55 53 108 149 22 128 36 81 81 0 24 54 117 0 0 7 36 5 67 9 30 0 124 42 138 6 109 145 40 36 155 98 63 19 172 25 149 72 48 81 61 94 47 87 24 93 117 129 72 60 100 81 61 190 184 20 0 86 20 103 
244 36 42 14 66 22 54 95 19 105 8 40 57 4 36 128 69 67 9 126 16 21 19 60 90 154 90 30 4 74 34 52 64 24 0 161 18 38 67 80 83 20 53 79 28 45 73 2 54 81 117 53 24 30 28 36 0 39 37 9 42 102 18 48 78 172 148 67 71 72 130 61 53 56 113 43 48 62 25 8 4 84 59 54 27 17 21 27 33 27 40 42 109 0 18 51 144 0 33 32 0 0 53 20 94 2 4 10 8 7 38 40 57 48 45 63 47 85 62 92 15 24 9 45 0 71 24 0 46 105 47 49 9 30 25 43 82 76 91 15 34 62 54 33 86 174 0 17 9 48 74 34 66 72 46 14 79 48 48 0 41 63 5 142 1 56 72 167 30 78 64 74 4 50 54 89 42 124 28 63 52 70 20 86 27 0 68 0 72 18 44 144 71 69 9 29 42 128 27 55 8 6 113 21 100 45 96 103 144 84 51 8 25 56 127 3 8 18 42 32 90 40 63 19 0 139 54 53 69 19 35 60 59 60 86 4 44 81 57 117 56 43 61 81 9 0 68 53 53 0 8 182 54 129 53 35 
28 75 25 12 18 11 0 104 101 125 30 45 59 29 73 102 0 0 140 0 49 62 81 84 40 38 101 98 49 109 34 4 30 40 57 60 128 5 10 119 16 27 95 74 0 37 33 16 61 27 19 0 32 33 57 61 65 192 13 92 0 68 37 140 105 30 76 22 111 48 91 0 9 94 27 0 28 96 4 0 0 0 81 35 47 20 8 0 78 21 75 166 0 35 138 21 98 0 0 6 15 58 93 40 32 67 48 36 56 54 83 3 15 68 93 148 3 86 35 63 16 29 87 28 0 41 126 11 42 57 77 81 14 64 42 28 49 0 0 17 117 129 72 6 36 120 2 27 11 135 26 52 63 81 9 10 60 0 0 37 31 137 0 59 38 58 77 76 20 84 84 64 48 31 34 107 112 50 25 97 6 14 37 0 140 112 40 63 29 48 20 18 51 0 56 25 81 3 0 0 72 32 69 0 85 28 0 64 0 78 36 78 0 76 64 35 12 84 46 21 83 18 0 7 27 38 18 74 44 1 34 0 57 60 25 27 1 18 0 61 12 30 33 25 20 0 117 136 9 31 132 49 33 69 6 102 
28 52 8 34 81 99 79 88 159 123 156 70 65 48 117 48 35 21 89 163 139 145 83 0 15 76 72 50 175 21 69 39 62 14 0 79 88 101 97 105 109 46 17 82 119 79 91 17 100 81 71 42 24 34 54 0 91 108 99 115 18 101 124 103 145 79 7 74 66 90 50 58 6 45 45 21 84 144 0 215 106 189 81 42 76 156 100 89 84 9 176 10 17 51 219 147 29 138 88 15 111 59 37 37 48 67 39 65 83 144 122 51 45 63 79 187 147 29 72 129 216 32 22 85 32 76 97 107 136 73 178 9 47 0 45 70 27 21 21 39 110 59 39 88 32 3 68 214 6 82 87 119 51 70 45 83 12 22 65 73 62 86 8 92 81 51 42 23 86 147 72 79 99 65 94 83 25 116 187 145 37 130 106 56 89 52 91 79 140 80 19 72 68 6 8 74 102 62 114 179 68 0 118 0 183 9 29 100 0 105 0 17 74 191 146 4 57 0 31 16 143 51 146 28 40 180 49 33 31 103 68 36 88 0 6 90 48 57 72 20 58 64 206 20 34 193 94 65 0 63 32 15 99 0 85 117 
111 89 66 2 36 0 5 0 74 85 0 6 26 70 42 50 49 9 0 111 31 9 35 74 89 50 63 78 15 92 73 0 20 108 67 36 4 20 1 8 18 61 3 39 76 145 7 5 0 56 9 56 0 0 0 7 74 54 36 30 92 0 24 105 38 112 48 54 12 56 101 4 32 86 0 35 48 33 64 32 88 30 60 89 16 32 15 10 59 18 0 27 0 135 26 0 32 7 5 18 8 72 62 66 0 34 18 78 133 103 77 8 32 16 61 16 35 123 5 72 10 138 13 16 5 9 0 79 42 59 43 51 8 66 96 25 17 0 12 16 76 18 35 56 8 36 15 0 51 32 8 122 24 51 82 30 94 32 66 69 66 36 36 29 164 56 48 0 101 94 54 40 6 68 21 135 147 42 25 66 34 30 36 0 100 12 6 42 50 133 53 42 12 40 0 16 36 30 0 63 0 36 0 0 30 72 13 0 0 99 76 8 74 60 93 0 0 94 36 24 73 6 16 138 29 0 0 6 22 73 104 83 18 0 64 47 34 43 89 30 21 19 0 0 92 84 3 48 0 3 54 120 59 53 8 40 
39 40 63 158 59 9 42 16 233 150 99 65 18 40 93 72 71 111 45 3 73 34 33 67 128 42 37 67 8 45 54 63 6 49 146 149 88 28 7 0 104 150 0 89 6 0 48 84 120 0 47 73 4 81 32 27 9 12 45 114 0 78 93 23 54 126 60 43 98 21 106 120 67 33 61 41 48 18 0 14 18 45 81 25 3 121 157 95 38 170 58 29 144 70 121 35 73 0 103 156 126 18 73 102 27 107 155 126 82 219 54 98 8 133 45 87 99 183 54 24 0 108 78 44 47 68 25 92 0 36 63 36 100 13 0 109 28 39 61 7 78 65 12 24 144 96 36 63 115 166 86 58 157 87 56 63 95 78 19 6 100 107 37 100 24 71 88 18 71 61 0 190 24 81 8 90 29 80 32 33 101 109 99 86 123 28 74 101 0 56 49 21 18 140 81 0 2 0 93 48 59 30 162 2 71 38 88 81 16 18 4 0 60 89 138 95 114 0 98 48 44 27 42 164 9 72 87 42 80 129 5 70 0 27 26 48 48 0 73 0 17 150 56 27 12 74 206 21 0 121 235 121 107 60 113 55 
134 0 15 52 106 32 98 106 0 105 81 18 243 111 108 60 20 70 108 128 0 80 104 72 161 120 130 72 61 32 90 7 56 32 112 147 138 5 41 16 57 4 6 49 71 124 164 27 15 49 146 37 57 45 38 34 22 78 143 57 121 93 0 81 176 169 243 95 0 3 16 2 195 30 57 14 57 151 72 9 0 64 40 19 74 124 236 110 64 31 54 167 99 48 150 36 72 65 57 201 92 111 21 153 92 54 48 57 3 123 63 18 6 171 27 135 174 30 75 121 118 7 99 80 54 128 86 88 16 58 146 38 133 146 90 52 45 0 158 145 35 75 78 80 9 111 40 48 36 14 51 0 63 78 0 91 102 56 82 91 73 24 12 88 16 45 12 136 40 19 114 51 24 94 114 99 132 46 30 38 27 53 12 63 24 81 30 115 0 105 16 20 36 37 9 123 95 28 57 89 4 59 12 0 231 26 76 97 64 162 108 0 2 44 58 4 12 34 69 36 70 108 24 170 52 96 27 51 26 83 34 90 37 13 0 72 33 130 57 147 65 107 194 98 175 5 111 142 79 64 54 99 27 150 36 55 
76 16 73 66 76 81 19 55 123 12 6 137 25 17 19 33 28 44 0 6 78 17 40 36 67 63 83 0 102 81 9 29 40 2 86 178 216 80 60 112 65 118 13 55 48 0 81 74 39 52 126 158 28 90 15 49 14 18 117 33 188 37 14 3 117 171 195 0 49 73 46 42 38 90 12 87 91 27 45 96 65 161 147 101 70 35 136 70 18 6 67 25 10 33 121 29 66 83 48 130 41 20 7 90 68 129 13 77 14 93 131 32 17 69 48 14 31 42 79 40 41 82 7 12 0 95 79 71 48 16 90 130 35 48 19 52 62 69 87 56 78 83 72 103 5 95 76 27 129 59 60 7 102 42 58 133 12 68 28 22 203 50 0 45 4 87 75 75 78 33 32 4 75 12 27 9 8 68 60 35 145 27 139 42 51 61 114 104 13 25 42 0 182 97 80 13 116 87 2 119 67 24 32 42 48 22 15 128 18 14 104 53 109 133 4 12 37 44 130 45 38 7 80 0 42 49 27 15 41 172 8 128 6 26 4 62 114 20 24 55 29 3 58 0 100 116 50 115 27 157 106 185 29 33 18 42 
125 111 36 63 36 36 32 93 82 24 21 66 0 80 0 156 36 14 0 67 27 89 0 56 35 0 78 124 45 135 0 6 24 81 36 25 18 30 59 95 94 105 36 0 72 70 0 16 0 35 63 126 21 27 0 136 72 0 178 7 21 71 82 0 0 196 82 110 18 81 88 18 25 68 18 13 27 0 25 0 135 6 9 40 16 36 21 44 98 78 129 64 86 105 42 21 16 18 0 4 57 8 70 57 39 78 84 73 84 40 102 23 0 62 0 32 8 12 83 40 30 14 27 0 52 12 12 144 113 115 0 107 59 32 16 63 40 42 56 76 83 56 151 0 63 105 68 0 12 0 24 40 0 56 12 2 0 2 0 40 27 63 27 41 137 109 171 72 28 42 76 121 42 64 0 45 149 6 123 66 79 0 40 12 126 16 73 81 72 78 80 132 16 56 45 40 0 0 0 99 199 108 21 0 27 14 64 120 0 50 27 0 16 120 86 7 49 0 0 119 88 54 0 37 29 0 0 54 86 70 104 80 56 0 53 51 82 42 149 27 147 171 93 7 71 159 9 125 108 10 0 72 81 60 0 47 
76 56 64 28 30 144 72 99 35 38 38 0 90 19 29 32 21 123 0 50 0 22 36 3 14 0 0 110 73 26 40 47 24 72 25 46 48 14 8 3 75 78 18 41 30 56 0 129 0 45 30 12 24 24 6 2 132 75 97 3 42 27 132 40 45 100 12 116 96 30 46 67 27 175 24 0 0 94 0 12 70 64 54 8 60 0 24 26 21 9 35 74 27 124 20 144 63 72 50 9 47 102 36 93 0 108 87 0 24 20 104 36 18 13 44 8 62 16 1 86 85 82 50 37 7 36 6 71 81 118 132 23 16 0 18 56 0 0 134 56 36 16 6 63 1 86 160 0 25 93 2 62 42 8 66 22 33 32 100 4 102 81 39 35 116 63 25 45 34 63 77 38 52 50 34 0 80 79 122 118 119 0 21 106 4 76 93 38 54 68 118 96 44 66 0 0 3 216 58 96 0 56 0 9 3 21 59 54 15 107 12 51 76 78 2 25 42 31 65 54 168 4 78 18 0 73 0 0 32 22 109 61 63 15 102 8 110 39 40 54 81 85 12 7 80 55 22 42 20 166 99 74 81 95 0 36 
108 96 29 5 0 28 61 72 48 4 0 42 18 0 15 140 30 4 45 0 13 1 0 28 31 49 41 5 0 36 0 5 6 0 34 61 46 0 16 94 28 15 6 131 7 84 6 64 0 9 36 43 14 18 52 116 66 0 39 36 48 20 0 74 0 30 96 24 0 30 64 0 33 0 12 6 18 0 48 0 10 21 41 25 74 36 0 19 35 58 35 139 0 57 61 99 15 0 0 11 1 33 40 73 45 24 52 0 122 31 70 8 0 7 0 47 12 0 15 0 0 9 0 0 14 23 8 0 0 24 0 0 10 62 60 0 25 0 18 20 0 65 85 30 0 9 50 0 12 19 58 8 2 6 6 12 30 28 45 37 33 44 20 6 45 0 112 24 77 0 0 51 25 60 114 2 83 30 48 0 0 0 75 15 66 27 33 95 80 84 45 87 28 48 0 35 39 55 20 103 44 35 20 0 5 9 40 42 0 92 85 0 36 50 2 16 16 22 24 56 88 1 42 30 20 37 53 0 67 55 18 69 61 18 0 10 0 63 52 63 41 101 24 0 41 69 36 161 0 144 42 46 36 12 5 8 
2 56 0 58 66 96 26 89 21 188 56 4 104 36 32 10 11 127 72 65 35 34 46 12 100 52 104 12 63 170 7 35 4 0 97 66 74 4 3 7 7 33 84 204 1 137 19 0 80 94 25 64 30 72 16 0 0 24 71 117 14 188 0 135 36 84 38 112 105 75 64 72 18 39 0 90 104 0 0 58 78 0 0 35 32 49 0 79 63 7 120 76 101 88 18 89 64 112 42 0 9 8 112 160 135 0 26 0 56 69 124 42 8 0 111 54 0 19 12 220 3 61 55 125 6 86 0 22 87 9 30 2 9 0 127 62 0 143 11 31 0 137 89 0 16 54 0 36 0 54 54 78 35 0 36 18 81 18 0 24 44 105 6 35 4 0 63 72 24 42 88 0 0 0 76 43 40 53 0 71 77 59 8 64 18 102 20 3 32 9 92 140 0 32 40 53 35 69 3 63 0 6 9 0 22 18 1 0 0 0 42 20 34 108 12 58 16 0 81 27 53 42 102 176 0 54 48 9 113 85 101 156 50 63 62 62 16 50 60 156 78 0 10 20 14 31 96 40 8 74 42 72 0 92 0 62 
80 54 56 44 59 4 0 41 16 20 84 53 46 28 49 16 0 50 40 63 87 77 47 65 6 157 117 91 36 81 26 32 78 0 0 67 32 7 72 35 73 119 203 40 63 64 9 66 135 60 39 0 2 97 0 56 100 47 151 56 89 110 100 87 44 25 94 48 96 87 21 70 24 103 0 94 119 20 12 45 36 100 14 120 64 0 16 48 64 43 64 180 140 32 36 52 14 24 8 29 42 64 99 90 0 21 42 87 72 36 117 175 42 54 27 136 146 12 4 64 80 27 12 32 35 0 60 14 64 156 84 24 65 9 14 26 146 10 80 59 16 26 146 0 14 0 56 63 22 102 78 130 45 134 72 15 7 25 49 43 129 109 105 122 0 86 24 84 15 28 79 54 117 125 111 21 58 29 54 149 176 20 63 144 61 26 91 48 49 4 20 86 116 60 8 35 25 176 40 60 0 142 14 16 132 0 48 0 48 65 30 9 0 114 8 0 52 7 69 60 87 35 60 138 4 125 24 35 47 65 18 12 51 8 54 139 0 51 21 38 8 105 40 0 15 20 89 65 21 176 105 12 48 29 18 42 
94 6 24 2 0 20 10 0 66 33 74 63 24 0 8 62 0 51 0 161 42 93 119 0 28 70 81 29 28 65 73 63 45 0 40 151 33 29 114 84 57 0 141 143 29 43 135 106 54 153 165 7 0 43 0 51 122 18 101 0 36 15 35 63 72 87 42 38 83 0 63 77 24 108 62 24 48 44 69 207 12 97 1 75 105 97 36 103 69 54 114 193 90 24 23 26 64 33 82 93 9 54 24 99 72 29 90 63 47 20 0 36 18 45 24 114 22 69 0 39 10 118 35 12 0 0 117 101 79 135 130 44 81 72 35 24 109 134 85 76 54 60 99 60 49 88 38 21 60 6 23 29 72 84 60 151 72 4 94 90 118 189 63 69 53 66 21 0 118 0 26 108 16 127 30 59 64 5 103 12 48 90 48 122 17 0 54 38 86 30 45 146 16 130 26 67 114 104 64 84 18 135 15 85 87 111 22 27 40 50 22 49 8 33 60 88 22 81 70 21 42 3 139 95 36 87 105 57 56 37 27 99 40 87 6 111 151 27 56 34 64 59 0 14 108 19 64 48 48 127 9 6 91 62 72 122 
9 12 72 0 44 72 56 105 138 16 0 16 0 84 25 72 22 49 18 0 7 0 0 71 0 8 0 24 215 106 92 8 0 3 10 32 0 0 0 5 46 8 36 81 18 15 7 56 70 8 34 30 0 38 4 0 24 0 87 6 1 86 18 20 55 75 15 44 0 113 122 28 24 10 18 63 27 16 61 43 58 11 82 20 10 0 57 63 77 81 38 52 15 21 72 0 0 64 0 12 39 13 14 102 18 0 30 0 121 19 56 27 0 45 79 43 0 63 56 38 132 0 45 9 15 14 63 9 6 64 21 146 0 50 0 74 35 57 23 74 48 34 72 67 0 18 20 0 28 69 12 108 15 25 33 14 6 57 31 47 16 117 0 65 14 123 193 45 35 27 26 67 28 29 65 3 63 134 32 87 46 55 45 10 7 62 123 81 103 69 25 70 63 38 137 15 117 65 16 100 21 110 0 40 0 36 0 32 0 0 4 13 130 14 72 16 7 0 53 0 134 24 34 86 15 40 0 90 36 0 100 45 0 27 8 43 45 18 90 38 0 103 2 0 22 15 11 85 81 40 82 51 0 42 22 60 
25 99 32 62 129 64 78 40 128 50 186 13 74 55 209 0 40 91 52 207 94 179 177 14 102 35 129 140 62 94 80 181 38 46 54 30 9 4 9 74 93 77 88 97 16 30 78 94 38 105 0 56 146 48 0 0 7 15 91 3 35 93 45 49 89 158 24 43 54 16 50 0 34 82 86 84 88 118 16 120 30 127 55 14 46 30 142 31 97 28 104 44 77 74 133 102 11 100 60 80 151 38 46 56 172 107 86 65 22 102 16 0 15 11 0 162 42 114 75 107 70 114 49 13 65 76 75 0 89 20 96 81 84 26 23 42 77 110 94 49 84 16 47 0 87 56 85 125 58 207 0 8 77 100 238 56 96 74 105 150 61 163 24 64 21 3 121 109 16 22 18 109 146 74 40 68 77 54 29 25 39 22 142 121 56 86 78 54 83 106 2 86 0 68 20 67 63 26 57 53 181 56 131 9 129 4 77 58 109 49 4 225 122 68 121 62 86 0 10 46 45 0 104 57 27 7 106 31 120 187 46 85 6 109 77 49 118 35 80 9 152 22 177 52 73 71 118 37 0 157 62 77 158 73 0 24 
22 33 75 16 1 54 99 18 152 84 123 47 112 3 79 23 12 22 0 63 15 48 32 20 7 24 28 105 71 140 115 45 36 0 72 147 199 4 142 135 39 49 15 42 33 21 86 0 107 89 16 128 8 25 30 0 28 14 24 42 33 60 48 7 120 54 118 88 4 31 24 62 49 42 69 38 17 92 14 28 41 0 35 15 50 3 103 55 39 78 44 54 129 62 63 7 65 105 0 56 32 90 8 85 12 7 63 21 169 36 92 119 2 8 78 0 39 37 0 40 57 0 18 24 46 103 28 59 23 150 62 0 20 66 100 163 50 35 80 54 54 72 140 0 134 0 117 15 162 54 3 44 10 27 0 1 8 5 54 129 189 119 36 53 71 42 0 12 10 49 83 28 6 52 64 133 40 0 49 79 60 58 10 40 28 67 15 43 6 71 57 131 43 48 65 1 71 40 126 17 89 87 20 0 0 26 44 2 5 58 47 9 73 119 30 111 10 67 45 99 0 60 0 133 47 56 24 48 165 163 126 129 16 128 56 71 60 4 125 70 43 61 0 19 126 58 98 61 0 70 56 50 27 56 72 57 
34 70 101 94 27 61 34 4 78 68 107 187 122 96 93 95 8 71 18 94 164 51 135 4 172 116 50 33 186 70 34 65 115 0 158 32 18 0 64 40 9 100 96 43 0 30 99 94 18 73 52 0 0 48 0 52 37 84 22 49 44 134 38 0 85 113 139 39 31 0 117 15 74 9 9 24 48 85 21 84 36 15 13 64 95 64 75 30 147 24 35 72 170 56 148 76 80 30 36 76 36 55 107 42 66 11 35 58 24 76 46 6 22 90 0 60 56 83 99 117 38 7 18 42 63 127 32 0 107 91 165 33 48 42 96 66 16 36 55 32 107 93 54 76 26 54 103 22 48 15 13 6 0 132 18 14 61 22 86 120 117 51 71 3 58 27 48 80 76 0 65 60 41 116 50 111 12 77 47 92 13 0 32 96 104 42 121 161 70 33 28 72 43 50 89 43 28 92 14 101 70 0 98 59 141 18 142 16 40 72 3 34 139 153 16 3 27 19 94 9 65 38 60 75 15 110 20 64 47 85 57 113 45 53 99 8 103 9 23 104 86 208 0 27 64 28 51 47 16 67 0 8 86 120 9 57 
56 0 0 46 12 49 0 0 63 55 0 72 125 15 62 32 13 14 36 44 113 21 0 6 82 63 7 45 0 56 137 75 0 0 28 6 56 0 0 33 84 0 19 30 14 75 0 0 18 45 0 16 40 27 8 87 56 48 17 56 15 12 0 0 0 76 28 16 0 0 0 56 36 36 15 0 48 61 45 0 0 18 0 20 4 28 64 10 24 32 0 55 81 0 56 90 48 70 0 65 0 0 5 12 18 0 21 20 40 0 76 182 0 42 27 0 16 0 81 18 7 72 4 21 54 0 36 30 8 71 30 0 0 36 74 83 81 12 92 0 0 82 0 117 9 30 118 2 43 30 18 49 158 0 24 2 0 0 0 0 9 105 0 37 0 20 66 46 0 0 12 27 27 43 42 44 72 0 32 44 0 15 0 24 63 45 0 0 10 18 77 72 0 2 4 16 17 0 10 13 45 8 79 72 17 42 46 54 70 72 0 45 66 8 0 8 42 0 0 25 63 49 72 0 0 6 69 72 47 10 22 48 0 12 16 0 0 58 27 68 48 0 0 54 64 0 0 81 0 56 0 20 66 72 0 18 
198 6 30 39 63 31 56 69 112 36 4 80 15 58 28 95 43 96 112 63 78 40 3 46 71 20 142 171 44 24 33 93 0 0 16 139 72 93 17 55 0 104 24 65 0 77 69 48 58 61 30 0 49 57 63 109 44 0 20 70 125 95 15 96 25 98 87 0 10 48 73 4 34 2 0 31 37 44 82 126 54 93 74 32 143 72 16 18 33 9 152 94 137 56 8 60 24 76 49 7 0 108 60 75 8 61 14 66 168 100 119 137 8 65 45 132 102 72 30 94 66 45 6 0 40 0 22 149 118 42 135 9 84 65 20 51 15 89 2 16 103 84 102 40 1 15 70 128 0 75 64 41 48 125 92 25 106 72 5 38 90 100 76 0 0 0 0 112 60 36 64 108 79 67 157 37 191 80 109 54 175 42 191 122 116 77 83 0 26 56 121 21 144 17 24 114 0 83 41 120 8 57 18 5 80 0 40 0 29 186 40 45 63 248 71 15 5 107 88 124 68 68 91 156 0 199 30 13 8 14 21 70 151 6 45 37 28 55 0 105 140 178 10 3 21 111 73 85 0 68 24 56 121 30 17 112 
47 10 0 42 0 0 0 0 73 79 0 48 115 27 0 0 0 28 24 0 6 0 0 8 9 57 72 49 0 63 95 53 80 64 44 84 0 72 56 0 119 35 42 2 73 63 0 0 3 116 18 71 89 118 48 93 42 10 36 105 0 42 86 0 18 0 80 81 42 0 102 0 77 45 39 0 63 18 12 91 63 58 30 0 81 21 44 41 3 2 0 0 96 0 12 51 80 36 21 2 3 0 56 56 0 127 18 56 32 165 94 108 14 25 56 60 20 58 0 54 0 133 63 9 0 0 28 42 24 50 126 0 11 6 20 24 54 20 0 42 0 0 0 9 72 165 74 0 54 24 0 55 0 0 81 25 30 0 14 0 63 6 24 82 99 73 46 0 0 48 0 84 51 12 44 8 76 29 32 56 0 52 48 81 42 61 147 79 5 96 5 35 0 30 14 27 0 0 8 90 92 84 117 0 2 0 52 20 4 25 36 0 41 48 142 42 19 47 16 20 12 10 84 14 0 42 24 27 59 0 0 0 42 14 8 25 36 18 72 29 80 17 68 54 70 80 48 20 16 26 25 64 68 56 18 67 
63 0 24 47 9 35 28 41 135 10 6 39 39 102 49 31 8 0 12 2 11 73 139 0 0 79 134 105 0 9 60 30 62 0 66 102 0 30 3 27 82 48 102 73 64 26 117 56 177 1 45 57 75 0 0 92 13 0 39 48 117 40 50 49 74 54 55 10 56 6 20 16 0 4 0 18 0 75 33 60 0 23 53 126 24 61 63 28 107 39 58 93 107 82 47 28 42 15 21 33 0 33 54 22 45 8 42 0 87 12 16 6 38 9 43 67 58 90 63 62 93 0 69 84 0 48 36 6 29 36 42 65 16 54 10 35 74 49 12 28 22 60 40 23 68 27 45 0 15 54 8 59 42 41 51 0 15 142 4 61 125 15 11 107 70 0 73 25 63 6 42 12 23 87 99 154 52 38 26 0 11 34 71 8 90 68 17 14 126 30 48 66 141 6 6 53 49 48 1 63 5 73 59 0 48 86 93 44 102 38 6 62 155 127 102 57 53 15 77 105 35 0 51 0 63 36 38 64 109 63 0 105 137 8 0 16 0 3 107 80 63 164 42 6 16 11 8 49 32 110 47 6 71 44 17 137 
106 10 20 17 76 71 24 88 0 63 90 45 24 9 36 0 1 80 88 65 85 80 41 6 123 32 55 0 83 36 0 38 35 159 0 27 129 70 75 12 42 0 7 106 0 49 75 0 27 4 36 66 82 12 21 85 52 42 43 39 26 15 0 56 40 40 50 14 64 66 116 36 6 32 40 40 15 25 0 75 0 113 48 63 100 141 10 28 0 14 74 132 24 56 119 4 37 35 56 16 0 8 92 127 66 143 128 54 72 102 39 24 99 63 64 77 0 6 9 9 42 103 70 15 35 0 18 26 57 20 80 36 40 64 20 0 84 61 32 56 15 16 63 0 48 56 47 144 18 2 85 0 73 81 72 30 3 15 132 62 124 150 0 135 49 0 28 45 18 0 40 0 10 34 103 234 160 46 36 59 49 0 0 14 37 132 34 42 15 0 26 65 21 21 81 14 12 62 25 76 4 35 40 0 148 36 0 0 18 95 63 64 68 24 105 0 5 40 55 47 27 0 0 95 15 0 14 21 29 63 24 54 59 0 31 59 21 89 84 108 0 35 97 48 96 64 39 48 43 41 63 109 0 116 44 118 
95 14 114 0 23 1 8 94 137 55 15 65 119 42 15 59 110 104 0 32 100 8 168 99 135 190 86 20 0 141 96 47 68 54 0 223 186 63 48 80 141 99 93 0 22 147 48 8 54 52 51 0 19 98 0 12 112 85 192 44 145 20 54 24 116 120 144 46 7 42 14 43 184 79 89 55 86 0 69 8 0 32 111 0 0 0 109 52 63 32 57 91 157 120 107 49 112 151 26 183 56 60 80 116 28 89 70 74 7 36 190 217 44 146 0 0 0 21 120 18 57 111 79 24 48 112 66 81 33 104 104 71 60 42 35 59 113 49 139 30 30 15 98 0 72 36 22 0 83 9 24 128 188 63 21 47 75 32 1 72 163 171 5 36 42 85 55 117 47 66 24 56 70 91 42 12 88 0 35 64 51 96 56 0 151 31 58 129 75 34 197 115 24 42 0 71 27 114 28 147 0 143 29 35 0 128 0 73 0 72 138 17 5 156 35 0 80 0 163 0 254 65 75 35 5 109 0 8 18 51 0 100 36 58 0 6 81 40 105 113 50 148 2 59 12 38 52 110 18 86 25 77 63 49 5 74 
76 0 0 30 0 0 144 60 74 128 78 47 85 44 0 0 53 4 88 0 17 83 47 76 72 76 20 77 89 18 66 167 127 24 111 107 76 4 75 21 60 112 159 35 72 0 89 66 54 57 116 21 32 51 20 75 64 172 24 89 64 27 216 36 26 177 32 66 77 0 67 61 48 77 59 3 74 68 0 89 32 31 146 42 119 0 286 14 5 15 0 52 158 42 56 38 66 96 109 96 62 46 128 55 12 121 72 9 20 39 0 4 10 40 80 131 0 33 50 38 22 56 7 15 38 40 24 94 51 95 88 101 108 51 10 22 95 24 90 147 26 26 5 35 86 158 69 2 77 174 4 49 78 101 143 52 100 32 80 88 56 58 5 48 148 99 0 16 70 71 65 165 41 82 111 66 65 0 51 34 0 40 138 112 20 8 37 75 54 26 88 143 0 62 81 66 99 88 67 0 54 156 52 0 30 32 35 32 0 19 45 58 52 24 173 117 153 24 123 60 128 8 117 70 0 122 99 74 11 56 14 66 72 74 22 77 111 41 97 102 44 60 98 23 88 20 0 82 35 130 3 79 60 134 10 57 
106 20 54 40 69 66 75 145 72 99 80 149 85 81 79 100 9 2 147 30 38 53 63 115 14 36 59 103 192 86 111 142 71 21 95 225 53 126 15 169 35 69 44 78 40 120 72 5 39 51 14 76 48 0 0 95 87 99 90 39 34 123 114 58 111 28 127 167 101 46 122 45 16 56 34 66 0 183 69 80 62 34 80 105 0 23 21 8 26 103 78 36 47 137 118 51 105 49 13 130 91 80 64 100 83 79 94 28 46 33 45 88 97 28 33 33 18 12 111 115 36 61 62 117 64 84 26 5 57 128 117 229 186 29 16 63 57 52 74 64 88 37 122 139 48 50 109 61 138 27 20 94 49 23 10 60 43 41 63 49 81 99 26 51 86 24 139 30 57 102 75 63 58 64 64 25 80 87 109 97 115 55 150 22 75 54 155 87 70 69 54 115 89 57 58 52 18 72 113 0 37 48 0 105 108 50 64 44 90 149 45 91 46 10 56 69 96 7 104 151 107 41 166 165 15 28 108 93 118 133 51 128 56 75 94 54 75 56 79 23 111 51 83 6 161 30 38 289 151 51 12 63 72 92 76 44 
59 87 58 62 108 75 22 16 127 78 0 48 43 0 76 94 21 72 123 24 30 119 12 64 148 20 38 0 74 26 67 57 60 72 35 44 88 0 153 4 42 56 65 182 40 75 162 0 129 118 205 50 24 34 64 36 140 52 165 34 7 84 89 48 25 140 76 80 117 76 49 15 144 117 97 49 13 31 45 31 0 41 8 18 100 24 22 93 46 172 42 133 25 50 37 101 58 32 25 15 30 75 144 54 0 92 61 6 98 49 141 19 16 72 32 170 87 0 54 2 79 107 115 57 126 152 14 10 103 107 96 16 35 39 60 49 96 57 38 0 28 88 54 24 24 63 10 28 92 153 82 7 164 48 131 8 117 32 0 6 54 135 0 13 91 122 134 24 29 16 48 38 0 51 76 173 114 27 44 16 49 28 61 80 45 75 108 0 37 93 50 0 20 141 52 91 21 0 132 49 64 3 30 63 109 36 20 114 8 75 64 7 10 10 81 103 73 31 254 102 41 29 128 27 49 96 96 14 50 12 42 44 43 46 30 110 0 62 27 154 75 52 105 66 28 110 41 134 40 122 109 103 12 36 0 112 
72 0 176 5 9 85 9 45 244 88 0 0 33 0 27 116 42 26 54 51 80 39 56 76 38 20 77 52 5 18 8 36 44 21 85 106 166 17 7 113 8 67 33 154 0 125 36 0 72 134 125 4 103 0 0 61 20 98 0 74 47 16 18 29 0 269 131 48 3 103 74 63 34 90 0 26 117 0 32 3 0 80 6 0 27 72 122 97 67 27 122 66 48 156 106 99 43 9 40 95 70 108 118 99 100 0 59 138 48 52 24 23 21 40 0 83 32 48 36 149 15 142 101 16 15 16 7 53 82 9 234 27 80 28 30 124 47 28 114 34 86 101 159 80 8 0 54 6 41 81 21 49 150 58 54 67 30 64 48 126 132 205 15 123 43 77 45 42 91 53 84 54 42 29 0 96 86 28 69 126 72 45 214 46 147 24 19 85 8 32 43 70 151 0 3 99 86 99 0 93 38 67 42 0 50 40 0 64 0 28 86 36 95 102 17 25 32 40 97 107 38 27 24 63 0 115 0 42 28 127 47 131 65 24 15 71 41 38 6 54 35 26 111 5 36 104 57 58 20 27 90 89 4 88 54 2 
157 157 44 140 54 144 50 160 0 113 48 151 91 0 35 0 5 168 60 129 0 80 69 134 94 132 55 72 151 189 17 38 86 93 30 256 85 93 155 102 72 102 180 133 106 81 186 49 39 121 204 188 21 42 70 81 66 79 91 22 116 183 62 134 70 122 142 70 78 52 176 24 16 147 18 140 134 30 43 45 41 60 50 115 95 5 61 53 21 200 72 208 105 81 43 9 170 84 49 117 114 12 146 259 160 147 161 3 18 0 0 76 99 36 68 150 72 10 54 121 113 24 210 91 137 125 48 98 157 86 88 154 98 94 85 37 99 56 167 95 26 104 72 19 55 178 37 19 32 171 0 0 79 120 101 52 90 26 227 151 148 63 84 90 82 54 36 27 40 67 146 169 0 66 77 77 119 40 23 30 154 111 64 91 46 65 145 0 88 12 94 60 30 73 147 21 89 40 22 36 117 226 60 72 96 6 32 31 85 95 89 24 0 113 55 77 26 58 171 65 155 0 220 122 5 27 42 124 29 107 214 157 63 15 5 0 146 52 0 197 84 30 150 71 47 41 135 63 147 45 0 59 0 153 60 112 
36 165 12 88 86 50 22 119 149 98 130 17 127 39 36 3 58 46 53 95 158 88 76 9 79 212 175 108 46 189 88 34 31 45 212 301 19 57 9 90 55 72 115 40 88 123 130 95 96 27 114 83 39 20 18 15 0 112 75 153 25 243 86 72 107 89 89 32 55 54 52 27 16 32 30 98 104 89 9 170 0 90 90 70 120 0 78 86 16 0 144 126 163 21 75 2 20 51 0 51 22 69 120 112 79 91 36 18 40 173 44 78 28 129 68 73 52 212 32 205 92 70 128 40 21 51 144 87 104 36 70 74 94 52 88 115 28 35 111 16 72 135 15 0 66 134 45 24 17 76 15 70 73 305 145 1 37 8 64 99 125 80 55 86 66 64 7 63 65 20 90 132 50 72 112 88 142 52 21 56 125 21 6 94 85 99 59 92 176 114 186 57 24 15 84 76 56 24 16 79 0 119 76 2 18 27 60 33 9 1 8 56 56 250 138 0 115 28 17 24 0 54 162 78 104 37 180 75 13 37 91 210 34 103 8 164 109 27 67 214 157 196 40 0 20 36 63 61 51 115 63 9 74 156 32 145 
141 22 101 0 7 4 31 7 77 52 76 127 81 42 0 134 1 45 102 0 35 15 39 31 3 59 0 0 77 42 56 98 41 5 35 60 34 36 0 70 15 28 21 78 34 20 75 37 18 32 68 4 30 72 12 0 34 163 39 42 15 28 50 5 21 151 61 45 66 26 63 0 27 0 27 43 48 63 3 130 7 27 3 0 18 86 140 36 63 22 6 79 59 80 151 61 56 45 10 28 1 53 42 80 5 64 143 0 115 76 64 63 78 7 35 0 61 78 81 111 14 48 7 26 14 101 45 42 43 100 73 56 66 0 43 105 27 11 62 0 37 10 99 61 46 33 121 6 106 161 4 82 122 48 99 194 46 43 34 45 38 30 21 73 45 70 35 44 3 54 97 16 0 85 78 14 0 30 7 164 16 4 53 152 90 65 2 75 64 56 62 45 14 58 20 72 39 21 131 0 67 0 0 9 75 51 36 0 33 35 21 108 91 7 46 71 48 48 123 98 69 1 51 24 4 47 16 14 49 5 8 31 73 83 83 81 0 52 105 113 7 64 167 7 19 60 38 22 4 45 46 82 50 44 98 102 
69 138 157 61 25 48 0 40 78 150 113 18 53 30 141 56 56 120 102 13 130 8 76 56 96 106 108 69 119 44 0 9 69 15 163 105 175 36 80 89 120 136 18 147 66 45 123 147 74 24 68 175 53 27 84 74 76 149 10 78 15 130 62 144 0 81 102 100 93 120 158 52 57 48 87 58 83 138 0 91 33 28 116 0 72 91 184 35 114 84 116 250 168 78 111 49 78 66 0 69 75 63 40 220 105 76 0 1 6 108 57 54 37 50 130 110 89 203 172 56 93 186 133 146 94 18 68 46 90 39 48 158 107 25 0 210 151 62 56 142 54 155 133 84 47 89 73 4 96 145 61 130 199 86 24 0 60 142 28 279 175 263 17 47 166 5 169 98 12 90 56 205 100 148 159 140 159 118 162 64 54 76 28 103 137 70 85 164 75 145 99 137 129 14 48 143 77 27 21 45 153 158 201 12 98 98 102 66 0 143 18 8 65 89 139 9 79 69 21 143 24 75 63 123 60 163 0 72 156 198 147 265 37 27 6 105 60 119 83 175 63 132 113 0 63 132 175 216 72 135 78 89 110 120 86 96 
24 27 0 42 35 62 12 18 152 109 12 96 97 32 57 72 71 53 72 84 198 34 100 27 161 49 28 36 84 169 8 145 55 54 32 78 123 8 117 112 37 139 0 51 6 16 0 109 18 49 12 83 0 72 56 64 59 83 131 10 47 61 85 93 54 153 166 113 152 42 17 28 75 95 65 78 132 85 40 16 0 80 126 0 98 92 96 98 88 106 48 76 125 158 191 56 241 5 38 105 60 0 46 164 54 126 113 32 17 53 36 44 83 20 0 102 214 12 251 175 64 0 144 0 40 144 64 16 175 48 179 27 70 37 77 97 38 43 93 24 26 129 15 83 17 169 119 45 68 63 101 56 186 122 0 115 46 40 52 54 193 21 95 65 210 41 49 74 28 16 69 184 15 203 8 228 118 46 121 106 24 2 45 6 102 64 0 33 65 41 55 85 45 41 0 112 35 123 52 40 34 0 154 16 219 76 27 96 45 0 93 56 45 20 48 15 0 28 179 24 101 45 90 83 0 7 12 99 72 53 134 47 40 95 106 48 149 108 67 335 75 60 198 91 167 54 40 54 101 131 47 59 18 126 104 14 
203 176 30 39 29 111 66 169 115 90 0 36 32 28 23 173 72 124 25 76 24 141 42 71 31 57 125 4 126 41 97 176 58 37 41 110 180 51 0 90 54 108 80 178 51 49 117 48 66 210 55 45 36 56 24 81 21 180 40 69 71 53 121 60 135 138 245 95 68 171 95 86 123 85 45 60 13 136 0 222 113 63 61 37 0 244 45 85 126 48 56 71 22 39 86 140 101 0 74 42 0 63 40 174 27 63 101 71 63 0 10 16 16 40 94 77 69 66 50 0 7 86 8 28 0 123 180 64 46 60 63 65 30 0 25 138 21 63 42 37 116 54 21 149 10 158 43 27 56 70 35 58 173 37 11 132 72 66 16 0 117 129 3 42 33 52 215 91 19 67 66 98 15 144 145 12 30 53 72 149 9 73 75 49 36 112 0 93 18 82 54 74 12 132 0 41 239 105 54 53 118 21 40 0 161 81 46 116 131 80 114 7 84 45 88 127 0 128 0 170 97 46 72 119 36 86 26 0 8 95 36 98 103 82 79 156 89 93 46 90 56 20 64 53 105 16 54 143 33 111 28 51 159 71 20 114 
166 64 56 61 2 61 87 16 44 27 72 33 108 9 64 84 143 151 40 50 83 61 36 75 63 5 16 18 0 52 43 158 60 97 70 158 56 49 52 2 139 36 21 108 16 32 128 115 66 81 44 96 79 47 68 67 110 91 39 51 162 17 56 19 36 48 140 3 0 68 85 64 107 87 41 156 79 10 75 64 12 76 19 72 0 73 117 10 10 39 63 129 63 99 80 31 60 114 54 27 111 81 36 162 40 200 88 86 55 111 8 9 23 0 0 107 48 96 16 30 8 88 115 17 7 8 92 10 24 36 160 56 0 188 68 85 82 36 18 28 0 76 25 68 15 119 18 7 39 144 48 32 142 17 100 45 89 164 38 35 138 59 24 96 36 3 157 60 0 0 9 87 72 155 39 7 83 124 36 0 200 65 0 67 81 123 52 32 78 146 16 140 48 25 38 55 104 52 6 18 0 39 73 48 0 28 3 66 46 144 32 191 14 12 57 50 40 21 202 66 64 6 103 60 35 0 18 0 44 98 149 127 129 43 56 13 233 102 0 51 133 27 144 26 33 65 93 30 0 108 81 90 30 125 0 153 
28 0 0 44 41 5 46 25 44 87 0 110 105 86 57 55 4 26 0 35 75 134 40 131 0 118 64 0 114 70 77 36 0 56 173 68 154 69 35 0 27 40 203 112 26 116 0 127 0 45 18 49 0 119 42 155 113 16 205 45 46 103 75 33 114 158 123 101 80 103 93 35 73 14 48 96 58 21 82 69 59 8 8 148 35 48 141 3 58 57 110 140 60 32 69 7 28 3 0 59 56 33 84 82 25 100 108 51 102 117 60 87 30 49 35 144 53 80 115 60 102 35 161 88 103 0 61 81 26 122 76 69 60 100 62 39 137 20 22 80 123 295 64 105 101 84 67 41 47 8 37 92 0 4 126 65 20 14 48 75 11 78 45 28 18 131 139 5 66 31 35 95 15 82 0 93 111 80 93 13 107 35 0 16 56 36 146 11 101 74 83 176 14 144 52 79 0 0 28 51 45 178 72 64 30 18 129 133 20 45 43 9 124 165 136 58 8 12 42 56 71 16 94 145 63 11 192 164 59 87 120 137 10 62 16 96 108 28 114 183 12 189 64 42 94 40 161 121 43 186 127 251 71 139 0 94 
57 52 78 87 8 36 62 28 129 72 0 0 131 69 49 12 127 76 72 18 27 52 189 62 115 0 51 0 71 106 22 101 24 22 81 39 108 65 81 3 16 34 51 84 20 79 84 94 86 91 32 0 7 44 49 0 2 0 79 42 8 81 20 41 53 99 70 157 144 117 14 16 50 24 13 110 51 12 32 18 27 55 43 60 54 93 29 6 23 68 107 88 29 43 167 132 97 71 61 0 52 0 156 139 0 134 114 17 101 119 37 0 7 0 33 93 30 116 147 153 133 161 124 18 0 108 53 14 68 61 112 20 58 24 175 23 54 183 45 14 15 53 72 23 18 8 0 59 93 0 46 180 111 5 4 79 82 0 32 53 113 110 5 109 58 0 104 53 26 14 52 113 25 12 34 76 78 81 117 49 50 90 6 144 7 42 30 7 102 82 28 238 46 60 64 79 26 72 98 51 16 39 70 70 44 24 6 98 81 0 35 22 114 57 0 90 80 45 76 60 48 3 108 15 9 35 210 29 49 25 104 135 5 65 0 16 80 103 76 99 6 67 16 42 27 143 60 189 0 118 83 72 17 31 42 101 
47 0 124 82 50 12 91 41 111 48 15 102 150 53 65 40 69 80 105 34 39 88 38 0 126 0 122 69 55 83 90 108 22 18 160 91 1 44 42 0 64 77 79 165 1 138 129 35 107 35 22 69 0 28 22 84 48 107 55 159 28 34 116 131 85 76 124 32 76 78 104 65 89 5 63 54 53 38 18 45 13 118 109 99 5 69 148 77 179 20 9 191 95 4 105 22 51 112 24 150 58 75 60 25 54 48 32 13 136 161 55 104 16 17 22 138 40 122 72 13 21 152 30 75 142 50 91 99 52 97 112 52 214 39 94 108 15 92 24 52 19 207 49 118 24 18 162 64 88 69 47 45 48 38 88 7 86 105 6 43 9 146 23 94 88 57 94 50 21 27 33 55 40 58 106 193 26 125 60 87 26 60 15 84 95 35 125 81 118 96 139 179 80 116 2 29 98 41 93 34 97 92 121 6 8 63 166 18 59 108 14 2 112 44 54 64 93 25 24 44 37 15 4 67 18 0 130 59 18 99 42 54 6 94 32 101 16 46 54 142 20 186 0 2 92 7 18 104 0 160 81 138 168 122 30 80 
107 30 79 0 106 30 84 48 94 103 27 54 74 0 58 66 79 74 24 173 117 16 30 0 35 24 197 0 77 64 39 20 14 51 49 64 24 29 166 0 55 167 46 12 90 0 63 73 81 95 119 90 50 92 24 72 12 48 82 96 0 25 57 21 16 76 72 12 88 21 46 50 10 27 15 66 131 39 0 197 25 0 84 72 15 127 89 25 135 92 9 186 42 30 63 136 12 98 69 69 0 9 9 24 54 38 80 21 169 0 82 32 53 0 5 129 0 0 83 0 15 91 40 10 0 30 133 67 91 171 132 65 5 77 35 63 171 30 0 37 24 180 93 132 40 108 63 0 7 0 6 15 27 87 9 40 93 117 27 45 76 77 18 0 49 28 100 134 105 90 21 30 67 39 26 18 12 103 83 7 72 124 57 102 0 56 129 102 12 0 28 190 86 30 56 65 53 115 24 45 105 140 18 9 75 148 108 70 64 40 38 2 91 82 47 82 81 0 58 14 62 9 90 63 81 57 36 0 10 171 79 86 32 54 20 105 0 52 132 20 30 72 54 63 20 6 33 129 0 35 21 25 78 20 50 172 
54 48 54 24 4 24 93 76 89 107 78 0 71 122 0 38 9 17 36 41 86 96 35 32 61 40 176 24 0 50 11 71 45 12 19 56 71 60 30 47 31 0 34 65 72 41 24 36 51 50 51 14 20 45 0 48 42 24 62 12 35 68 23 107 115 0 239 24 72 60 10 64 57 40 15 25 92 72 48 72 0 86 9 2 16 159 63 116 4 76 30 103 122 11 84 64 16 112 73 42 8 103 51 46 61 58 14 154 6 46 112 10 0 127 27 155 30 42 60 119 0 152 54 46 45 30 8 42 0 6 197 0 107 73 100 0 94 58 20 64 8 195 69 0 5 139 36 68 58 0 56 44 15 63 6 50 81 41 18 14 33 151 49 122 0 12 31 82 7 18 53 4 78 8 114 165 39 18 64 88 86 0 111 81 36 35 42 60 68 66 0 64 87 66 15 0 66 52 57 51 20 18 16 4 93 32 27 72 15 60 109 24 56 46 14 123 80 9 160 89 0 18 81 165 0 4 92 18 0 146 12 89 10 52 64 111 5 126 93 102 19 85 95 6 142 38 0 70 30 180 114 37 66 159 130 133 
21 0 0 32 36 7 0 0 67 18 68 76 45 10 56 85 0 4 55 27 3 0 4 0 32 10 24 0 29 4 0 12 0 39 0 81 1 0 8 43 55 0 74 0 56 45 133 56 95 0 53 58 0 6 0 54 10 0 60 62 21 64 45 8 6 52 77 4 46 14 52 18 54 0 8 4 9 2 0 36 0 0 18 109 14 58 76 65 57 14 52 87 49 0 32 0 24 0 0 24 0 50 46 37 75 57 60 12 53 0 67 0 12 0 0 135 99 0 18 0 55 35 30 0 0 49 0 0 85 40 0 69 0 16 11 117 104 14 19 28 24 49 24 18 2 126 24 2 66 12 45 12 125 76 0 24 56 15 9 42 6 88 35 83 21 64 77 62 103 14 0 0 32 34 27 81 14 25 20 92 96 0 88 36 3 27 24 63 23 36 18 37 29 62 0 50 7 16 14 63 6 7 105 0 81 18 36 0 24 140 18 0 0 8 63 88 67 5 28 6 56 76 126 9 35 74 44 0 27 38 0 12 27 30 0 35 0 0 76 59 96 5 4 2 83 35 57 91 0 32 7 58 32 0 24 39 
109 47 191 0 0 57 35 72 160 152 72 13 101 30 12 3 69 182 8 6 56 46 84 60 89 82 127 33 63 8 23 24 28 52 0 42 78 12 96 87 125 143 82 125 31 108 91 90 231 91 91 106 14 27 20 128 36 49 12 69 0 96 106 59 1 140 68 35 6 55 59 6 0 50 18 0 70 2 17 6 24 60 74 12 52 39 117 118 119 0 71 42 65 118 164 45 39 99 76 52 49 15 50 98 48 22 74 102 18 0 118 46 89 35 54 115 0 42 119 0 71 140 188 85 58 73 134 118 45 77 137 69 22 12 68 95 103 48 3 20 110 68 65 28 110 57 38 0 0 59 79 64 127 60 108 145 86 48 81 119 21 166 0 127 96 60 89 58 13 78 0 44 65 153 0 165 54 83 66 0 6 97 27 68 116 0 119 63 6 30 50 148 32 48 54 69 114 49 0 41 71 115 198 51 69 57 16 18 120 30 39 22 0 108 147 85 15 98 60 39 62 39 78 21 1 97 51 5 62 35 18 109 78 20 11 62 54 56 65 71 109 80 78 48 14 54 43 49 56 141 77 20 66 12 54 56 
69 36 24 27 0 24 0 99 0 81 0 36 17 0 63 0 110 0 144 65 121 31 24 6 75 112 72 67 48 69 32 44 48 42 0 98 81 64 0 42 53 0 0 78 0 12 72 0 42 33 39 0 30 9 36 18 21 40 62 45 0 56 63 36 79 81 31 33 99 96 0 33 54 15 9 63 56 21 36 9 0 74 45 0 57 0 0 6 27 3 127 81 0 39 51 0 39 0 0 32 81 49 145 45 0 9 18 9 81 144 0 48 43 127 0 153 0 81 27 57 27 86 57 0 42 0 0 11 0 36 16 0 6 0 69 72 0 63 73 0 31 0 87 18 24 0 68 132 6 0 42 45 3 49 84 3 0 45 0 6 122 111 0 9 24 2 27 0 0 4 18 72 3 0 48 9 54 0 36 90 28 10 45 54 0 12 124 2 157 24 74 15 0 9 33 95 0 15 18 70 3 27 48 0 81 0 0 0 54 9 8 0 99 75 0 0 151 72 36 18 0 3 111 12 63 0 9 24 6 49 6 36 0 40 0 26 36 21 0 3 0 120 0 0 12 22 45 0 0 45 0 8 0 54 0 63 
15 93 8 38 0 92 0 24 72 37 28 64 24 80 23 32 6 49 12 66 103 143 45 76 88 113 39 54 21 13 43 27 126 28 7 9 141 54 0 73 57 44 86 170 39 22 163 20 101 46 36 90 107 0 56 12 74 112 58 145 140 58 72 114 78 71 140 62 128 105 60 10 109 102 33 28 18 77 28 132 6 21 60 63 106 114 110 28 25 91 117 62 76 56 0 69 72 15 0 38 23 48 64 121 71 77 0 24 42 14 44 18 35 14 201 128 17 26 44 125 41 24 35 21 72 123 15 55 20 25 45 55 46 56 30 0 27 94 47 122 90 49 54 27 14 76 84 18 126 161 20 128 64 56 36 44 64 61 16 63 74 30 38 67 15 21 18 60 96 64 35 27 48 44 15 127 69 73 142 92 51 4 100 51 127 206 68 27 74 30 28 98 93 76 53 40 70 7 4 9 27 50 32 0 130 20 0 26 4 96 48 100 49 261 12 2 0 18 42 52 51 2 16 49 30 4 0 29 33 16 95 7 47 0 0 81 158 49 0 57 14 75 65 21 48 32 121 81 3 99 78 18 74 7 12 144 
97 99 101 20 0 59 25 51 84 157 74 52 117 36 42 86 82 45 12 45 54 33 179 40 132 7 20 3 67 90 77 24 38 93 142 93 36 82 0 0 28 67 20 37 54 26 65 56 263 93 31 25 20 117 68 61 91 46 72 48 5 49 159 35 63 122 181 101 0 12 4 0 9 143 69 96 99 137 0 1 66 18 69 47 89 26 155 64 97 28 18 8 7 18 225 20 16 116 158 9 0 6 114 22 0 56 27 78 57 78 175 94 5 54 43 116 93 140 28 137 50 51 72 24 67 32 63 24 101 184 123 8 19 0 131 242 54 164 51 0 58 10 50 20 86 171 110 114 40 29 62 72 54 8 25 53 0 18 25 90 129 174 0 97 139 23 47 72 0 33 56 74 45 20 115 118 126 62 91 40 62 105 0 130 45 54 49 41 34 66 18 106 46 40 43 72 68 19 114 147 90 44 59 114 36 18 6 20 80 0 23 17 78 145 6 69 28 40 102 12 102 12 21 68 0 63 66 9 23 56 13 98 15 45 66 9 72 60 36 32 94 60 6 0 74 137 98 0 40 197 165 19 23 12 16 25 
36 39 15 2 0 0 129 65 66 36 24 18 45 0 6 62 40 75 0 0 120 24 0 0 0 48 36 0 73 67 69 61 108 8 75 55 50 75 24 60 43 77 27 0 21 2 9 44 99 89 51 69 36 9 25 9 36 83 64 29 0 38 164 93 6 64 18 124 13 57 15 78 101 137 29 0 45 99 10 18 10 57 47 0 93 43 39 0 0 72 24 58 0 29 15 48 163 60 57 33 1 73 63 108 5 32 30 44 83 60 14 84 0 87 5 6 0 8 5 0 65 22 49 45 45 54 48 48 16 132 117 24 26 52 91 66 30 28 18 9 34 12 14 27 63 203 187 0 75 93 48 72 39 69 47 5 0 70 30 80 10 54 30 73 30 9 58 70 3 0 5 34 5 45 103 147 0 0 84 54 95 28 55 61 0 73 32 105 103 82 13 47 0 27 27 54 31 25 125 0 83 10 0 15 52 24 0 50 12 30 53 23 21 42 69 33 177 7 165 120 54 30 49 2 2 44 12 8 4 15 57 27 46 33 15 80 83 48 53 64 78 94 148 44 10 0 6 48 135 172 0 28 29 68 45 179 
6 0 0 0 6 17 21 19 63 76 12 24 110 18 81 65 5 0 99 14 80 15 27 0 45 62 30 4 33 30 0 75 56 0 55 56 48 35 13 64 30 84 37 82 1 143 0 45 50 98 57 122 0 31 0 80 0 74 89 37 21 130 87 42 62 25 56 130 0 88 18 40 20 20 35 6 122 62 25 0 0 104 61 0 11 35 45 60 0 0 21 18 28 36 12 76 0 54 63 34 0 77 8 33 116 10 29 55 84 126 48 14 31 90 65 5 56 32 63 60 50 105 50 96 37 93 0 21 60 15 117 36 92 20 62 0 87 59 37 15 82 158 6 99 17 81 87 16 30 9 50 141 45 55 0 60 62 0 20 3 88 111 53 33 9 38 133 40 74 50 8 10 0 60 0 32 0 15 112 0 124 79 14 63 47 44 52 151 73 74 0 89 79 101 5 135 25 0 5 12 27 9 70 83 80 0 1 30 2 0 28 28 52 47 28 90 97 3 30 0 72 27 127 79 45 8 53 21 105 87 48 47 33 62 52 36 0 51 114 58 90 52 145 36 0 86 26 107 24 24 37 130 0 60 0 32 
44 32 74 90 0 69 67 107 194 90 26 15 75 5 126 59 31 60 7 79 78 51 129 41 79 61 48 53 115 50 50 36 38 99 63 48 151 0 70 0 71 101 42 128 24 121 100 0 75 52 45 93 73 33 81 104 51 24 10 71 62 88 18 62 64 43 104 14 28 78 52 127 20 99 28 9 151 44 41 36 0 30 100 17 24 8 97 95 10 76 53 78 64 92 104 21 78 137 46 86 9 3 42 51 40 42 45 86 84 73 156 0 68 16 105 52 20 4 12 22 196 42 72 184 65 53 0 68 16 46 221 69 76 42 63 56 55 14 4 30 86 97 26 69 35 39 45 56 0 57 71 60 8 8 105 0 44 5 84 118 159 113 25 88 29 57 0 34 5 18 0 32 30 48 157 58 20 57 128 2 31 130 37 60 69 80 110 54 196 9 35 118 42 47 20 36 152 48 79 90 124 138 79 21 33 9 25 92 16 35 5 81 0 18 39 123 14 16 101 58 63 0 19 87 29 91 80 49 133 130 67 57 76 55 48 50 54 18 38 86 95 128 61 0 42 119 83 3 42 108 88 120 42 44 8 53 
28 49 0 100 42 15 20 86 20 117 13 45 36 0 36 98 48 65 46 59 112 64 0 72 24 35 30 32 98 39 15 8 33 40 68 47 114 35 18 4 0 48 73 129 91 119 45 0 0 44 0 30 106 56 102 50 73 32 138 31 57 55 104 73 48 96 36 0 0 24 0 94 52 55 0 22 57 35 36 49 32 46 67 0 31 35 138 14 14 72 43 36 133 57 4 45 80 28 0 32 62 39 63 150 96 98 12 38 97 28 0 18 0 0 48 68 120 101 15 82 47 0 7 152 80 157 25 35 68 22 120 5 16 52 56 0 14 63 0 24 44 107 36 63 48 83 24 48 0 129 68 48 42 4 26 0 76 0 0 34 12 52 0 28 60 28 32 89 0 0 0 50 0 8 75 87 62 34 26 0 0 14 28 66 0 124 39 42 60 54 56 8 0 42 10 43 77 12 81 12 0 37 66 0 4 6 28 28 0 45 20 30 122 63 96 108 38 48 31 10 0 32 61 116 52 12 15 0 118 70 42 0 35 0 0 68 20 28 0 103 159 62 97 15 56 75 28 0 0 5 56 244 48 68 25 50 
42 0 40 18 12 77 92 102 108 90 0 144 70 36 33 0 0 16 0 27 71 16 0 0 50 0 76 0 105 22 3 21 0 0 87 82 43 24 87 3 132 0 108 40 0 93 66 50 54 78 10 61 47 0 40 120 7 86 16 44 42 0 8 129 62 30 198 86 45 0 70 0 18 122 96 0 8 82 0 4 6 73 3 114 8 55 0 38 94 35 6 144 16 45 0 36 93 57 60 16 6 81 15 38 84 0 0 34 93 69 0 20 24 0 72 27 36 0 22 0 82 15 33 60 0 18 30 9 92 16 80 0 94 118 72 43 101 13 30 180 78 76 143 0 30 77 87 0 34 18 49 18 9 42 3 32 45 33 0 143 96 3 56 144 0 87 78 8 30 81 90 0 80 15 111 101 9 40 36 45 4 5 0 123 0 24 0 3 79 46 6 86 48 123 8 70 26 82 45 146 4 123 74 0 21 48 72 78 80 0 45 1 12 81 78 55 30 134 36 64 24 31 0 9 16 133 18 64 15 140 90 21 27 9 14 8 72 0 112 0 53 125 49 0 4 30 0 137 51 18 156 63 56 36 0 89 
57 150 64 17 93 14 21 52 179 66 61 94 55 35 107 89 59 83 89 75 83 156 46 0 38 64 123 85 86 113 45 76 12 57 14 228 4 143 85 40 40 36 113 101 108 54 8 42 10 10 66 76 18 65 66 143 101 175 83 24 11 185 110 90 72 155 112 21 12 78 69 21 87 99 100 96 80 21 39 50 0 158 19 40 7 123 38 47 20 103 19 57 92 114 100 93 120 116 0 47 97 56 82 91 81 63 27 14 34 35 82 75 43 80 28 72 83 16 45 80 138 17 22 32 35 93 24 18 57 44 24 48 68 6 12 28 123 152 40 74 36 146 36 104 147 342 55 0 83 41 24 16 49 107 61 100 128 82 11 38 90 15 33 76 21 119 78 195 34 10 50 122 24 77 135 10 0 145 96 56 90 60 28 51 28 0 65 75 101 86 81 162 72 40 0 49 99 74 70 81 40 76 122 50 0 114 8 60 87 106 67 120 22 116 222 99 20 4 27 68 81 31 205 65 0 88 65 75 61 12 21 74 27 68 59 89 32 103 76 78 78 69 284 134 43 125 112 190 64 84 92 150 196 0 33 30 
78 4 0 39 3 36 0 42 0 48 0 62 41 9 75 24 9 105 84 61 72 0 106 42 105 54 17 14 116 102 63 36 42 18 64 117 12 43 62 54 25 0 59 0 16 7 16 95 81 44 36 78 74 94 9 105 0 13 161 61 65 29 10 35 45 155 35 100 0 59 56 59 89 63 54 36 71 38 53 46 20 0 42 58 16 72 203 0 35 122 58 39 100 76 42 4 84 42 0 48 18 0 24 185 45 14 54 37 1 60 96 71 0 18 5 9 27 16 0 2 143 8 86 117 36 35 60 60 107 67 149 24 80 42 56 58 67 71 43 93 69 25 119 35 6 129 45 18 12 42 18 16 0 59 66 32 69 36 67 40 99 0 15 48 49 35 0 78 30 19 102 83 45 20 144 72 87 16 8 31 100 100 74 43 28 54 105 102 39 7 12 40 71 12 100 24 1 6 21 15 0 65 14 42 34 6 37 8 15 93 0 45 24 37 94 96 18 69 133 104 72 36 86 24 11 8 45 116 33 35 54 42 113 15 0 91 0 0 82 163 19 98 18 102 37 90 181 116 180 79 33 47 6 36 35 123 
89 210 36 127 6 10 45 49 174 25 0 25 88 42 63 78 75 145 8 67 71 64 151 61 132 162 65 57 169 90 65 137 29 22 80 107 85 56 49 175 54 79 26 141 69 56 50 0 117 160 40 104 101 56 70 13 118 60 19 101 74 122 127 171 46 61 198 122 138 142 91 139 55 87 153 4 104 123 0 47 56 104 78 29 88 139 100 25 122 102 44 26 134 114 221 93 166 0 49 72 27 20 49 146 134 9 106 116 90 35 196 54 40 18 53 136 53 125 55 161 97 74 24 128 9 195 175 122 37 143 173 29 57 16 62 182 23 106 33 76 88 123 30 69 25 130 48 34 131 173 42 0 68 139 63 78 120 40 28 14 45 6 44 67 75 0 159 47 96 4 46 36 45 132 89 125 63 0 5 96 135 114 19 54 94 95 68 22 191 36 18 123 0 81 70 35 96 114 178 0 58 35 96 0 121 57 47 86 54 18 89 18 181 235 45 34 32 136 32 36 48 31 87 54 32 140 95 33 174 55 152 26 8 103 85 39 79 97 65 60 72 127 71 75 184 184 136 54 91 108 82 105 116 47 18 93 
24 75 81 108 3 6 0 96 30 8 44 54 45 53 0 62 28 39 0 0 47 78 0 0 5 36 36 75 123 132 63 44 16 12 89 7 10 26 40 60 95 112 90 145 0 6 82 107 66 52 107 12 30 168 54 57 12 1 12 73 0 74 84 9 3 121 0 70 4 28 83 41 24 27 21 39 75 30 12 0 96 9 56 0 21 40 194 22 153 122 66 73 7 106 161 22 74 42 15 23 0 3 99 41 72 88 131 0 71 0 0 76 15 6 45 102 40 11 11 4 2 6 18 0 54 54 68 54 58 48 109 69 80 0 40 141 18 30 126 12 0 48 64 6 80 0 82 4 34 165 84 120 57 45 0 6 18 54 0 74 24 15 9 74 46 77 139 0 30 12 80 0 59 44 42 0 0 42 76 111 0 32 39 7 123 32 15 72 76 76 23 35 20 70 51 27 67 18 41 68 104 14 105 6 134 16 32 6 0 47 0 25 33 30 157 44 94 42 100 40 78 0 1 67 0 12 1 20 119 36 0 10 6 16 0 10 46 8 16 2 108 93 160 41 13 95 45 10 0 30 101 32 145 54 26 96 
95 37 32 0 11 45 9 83 25 48 18 12 14 0 0 112 35 8 48 72 9 63 54 3 80 44 150 8 5 26 28 21 9 4 22 63 8 104 1 72 56 21 14 68 100 115 74 90 81 50 94 46 8 30 0 165 6 44 4 66 14 67 30 18 85 108 123 54 0 15 99 4 98 87 3 42 33 184 6 143 0 135 51 8 27 195 20 127 104 0 30 116 95 18 124 12 0 54 81 88 4 117 0 104 16 60 0 60 32 30 26 29 13 28 46 75 89 88 34 88 14 90 81 78 45 12 57 32 10 8 168 16 87 5 20 59 33 44 32 52 121 58 76 36 25 143 0 66 30 40 102 9 168 91 74 132 74 8 18 32 56 36 26 82 20 59 0 145 46 36 68 52 53 73 32 45 0 59 57 58 23 56 124 81 122 90 63 16 24 55 36 54 34 72 0 76 179 48 16 8 84 20 45 24 192 45 64 2 84 143 8 57 68 62 157 63 24 36 72 147 95 30 37 0 48 92 38 18 47 0 32 0 122 30 48 102 20 11 48 138 42 83 90 36 0 5 99 108 52 96 36 14 127 0 51 75 
80 42 34 28 24 36 78 3 16 43 16 0 51 0 24 53 20 36 0 65 12 46 90 30 53 0 18 0 95 91 39 42 6 44 36 68 62 12 60 62 29 6 48 6 0 48 118 18 81 27 117 24 64 4 20 79 38 66 91 33 20 84 96 47 28 121 79 45 36 13 30 19 2 44 54 6 32 79 0 0 26 99 109 0 40 64 86 24 80 18 90 28 58 54 180 95 83 48 89 51 6 32 58 66 0 96 25 64 54 41 22 27 14 20 0 10 0 58 45 78 36 0 9 33 4 95 53 63 63 78 18 97 0 32 94 41 77 56 21 13 33 33 1 55 15 77 44 7 19 81 102 48 33 99 37 15 0 56 145 32 59 35 0 97 45 0 44 133 72 0 4 0 4 24 28 36 28 68 56 21 113 14 12 24 16 101 4 81 75 24 55 98 38 3 48 16 28 0 25 26 27 0 42 18 72 34 27 102 84 74 23 61 45 0 44 24 15 12 71 43 39 47 29 76 0 15 22 0 107 121 51 3 41 23 35 22 20 48 93 138 120 0 0 12 62 36 8 117 24 33 0 84 90 153 0 62 
248 78 74 52 119 64 0 136 238 100 74 72 141 89 120 100 82 100 32 52 44 154 0 175 170 196 215 0 34 40 99 123 24 99 108 185 21 0 106 109 33 153 75 145 102 76 176 18 0 94 76 52 54 100 75 72 53 88 36 111 0 46 48 7 173 114 82 5 109 40 174 45 90 32 56 109 65 177 58 128 0 64 44 36 0 116 206 24 45 40 9 0 159 44 72 24 20 75 38 101 16 0 51 77 65 22 53 58 22 71 77 71 6 122 108 178 8 36 136 138 143 162 30 34 0 102 58 24 30 162 177 35 83 86 117 88 198 80 72 0 77 109 1 19 95 149 70 7 112 109 14 96 50 90 132 32 112 72 30 104 172 152 77 82 90 36 0 150 36 16 56 64 74 147 124 178 176 143 79 27 64 24 120 102 227 0 118 54 86 126 148 183 136 213 8 0 6 182 193 115 16 36 66 0 17 87 51 0 129 231 7 12 89 171 152 167 160 8 81 107 147 63 90 70 54 16 134 85 24 25 20 161 204 41 24 90 22 134 167 30 8 274 73 177 35 28 79 129 21 182 162 106 107 75 135 294 
18 1 24 21 3 0 15 32 159 35 39 40 147 24 0 117 8 134 80 37 53 4 5 17 56 86 0 49 81 63 63 66 115 18 48 12 0 2 12 3 0 81 6 105 30 128 36 4 0 26 70 197 43 0 18 60 0 53 124 142 3 67 132 15 12 98 177 6 21 9 72 0 28 0 12 66 118 45 0 63 40 98 13 51 36 35 42 22 85 72 122 44 195 82 36 35 24 12 6 28 33 0 4 96 86 67 18 15 74 30 45 85 69 14 20 105 74 118 63 156 71 17 19 64 40 129 98 8 92 121 79 38 81 31 40 89 0 111 45 40 60 65 102 92 59 109 48 61 72 42 6 36 28 72 48 67 99 3 93 60 95 84 17 121 86 24 126 8 114 0 83 20 0 150 30 199 51 48 73 0 112 105 57 187 36 87 10 132 127 87 9 83 66 74 32 53 40 96 24 0 10 21 87 72 75 10 68 0 0 9 1 48 37 77 55 10 48 0 0 0 18 68 117 183 0 112 38 0 47 36 79 131 7 48 85 36 109 8 98 62 71 114 68 1 12 8 105 35 3 27 60 131 3 24 0 56 
139 144 54 0 0 11 0 0 33 0 0 91 227 51 0 157 54 75 45 9 83 59 0 81 32 57 73 79 20 0 23 73 60 72 88 42 6 62 42 0 54 66 112 75 6 54 30 70 90 48 132 0 102 42 0 71 0 180 12 117 14 40 35 36 45 104 74 170 15 90 42 78 0 36 0 27 62 0 0 5 0 66 9 82 131 94 132 40 96 23 36 118 34 28 44 0 0 94 119 57 12 24 75 36 24 21 0 96 42 81 54 27 59 22 44 15 66 154 62 68 84 111 75 0 0 12 96 60 117 153 36 48 54 0 42 56 0 42 18 126 69 0 30 105 0 117 36 59 65 0 42 138 84 94 174 158 58 75 0 88 90 33 66 60 95 119 78 28 74 0 82 102 30 72 91 24 97 5 227 0 7 24 63 33 27 81 48 24 185 36 159 195 26 68 72 0 60 72 49 59 78 48 25 63 78 81 59 12 40 99 0 65 153 40 104 44 16 126 83 99 12 0 195 56 0 133 158 56 86 42 62 20 81 0 10 206 9 0 48 168 108 114 0 7 81 72 27 158 68 192 45 24 124 153 110 60 
83 136 66 52 36 87 49 176 98 47 21 36 67 0 61 57 18 81 86 40 73 60 79 16 78 42 42 40 32 51 76 0 96 84 58 134 63 5 39 147 3 155 42 41 43 161 198 12 27 57 72 197 60 3 12 138 51 159 94 60 90 87 0 118 105 36 143 34 4 61 94 0 1 2 0 71 79 104 4 134 28 7 0 143 133 134 93 16 80 9 98 48 83 103 73 28 88 98 7 43 0 49 119 150 67 9 111 30 54 0 9 30 45 3 129 28 95 10 12 119 127 25 66 147 96 45 38 75 44 228 100 1 6 78 68 17 99 70 99 56 40 126 69 18 0 35 141 108 34 92 72 6 300 0 98 70 45 0 114 227 98 133 7 77 92 24 150 40 57 14 28 8 15 46 126 137 113 56 7 0 1 89 30 81 138 89 8 0 111 73 155 179 67 24 4 51 56 110 160 68 71 81 54 73 36 21 94 119 90 124 20 2 178 154 81 81 18 16 10 105 36 0 134 89 109 152 47 25 16 119 42 66 58 5 0 98 72 18 56 89 150 137 2 135 35 154 6 90 15 204 46 64 2 83 2 82 
249 18 4 24 49 64 80 175 68 109 20 194 20 48 101 36 27 127 35 53 36 159 31 39 15 0 81 65 31 30 0 56 49 7 0 186 0 71 32 0 1 27 121 82 0 78 79 12 88 40 101 100 40 114 19 24 94 0 163 73 7 16 20 178 30 108 174 35 27 22 69 18 0 199 0 91 46 7 12 13 18 110 4 0 81 95 43 59 177 3 18 62 26 74 99 24 82 56 18 35 54 33 45 66 32 96 151 27 21 104 42 15 119 72 49 96 0 31 0 18 0 151 0 62 7 134 42 24 88 58 54 66 65 0 32 87 108 105 1 0 56 0 43 16 4 51 58 16 24 18 84 78 27 33 72 82 27 61 62 112 60 182 0 33 84 128 79 0 0 81 138 93 15 0 108 80 0 39 59 63 52 56 113 70 51 119 6 0 48 56 55 67 29 32 25 0 81 49 0 15 117 31 88 52 15 21 20 6 18 30 73 9 0 36 0 16 76 80 190 124 54 30 88 61 6 0 0 34 13 117 12 76 66 0 44 22 0 100 75 115 20 70 74 0 52 112 18 86 78 131 75 84 43 0 69 102 
115 172 88 52 74 107 0 30 109 132 110 72 39 47 87 64 20 53 0 256 166 71 109 30 234 125 24 72 148 160 70 118 127 100 182 146 167 0 69 48 65 116 137 15 118 36 130 89 88 126 54 162 85 37 8 90 3 73 47 113 121 56 186 72 135 247 78 46 42 106 64 36 172 80 59 27 49 136 86 110 68 103 66 55 34 218 221 12 96 39 203 62 164 84 168 92 2 71 145 11 6 27 115 79 75 87 70 76 75 161 95 138 68 4 0 100 72 60 101 173 87 63 24 91 63 56 238 76 62 66 69 21 29 122 107 146 86 58 107 50 18 74 48 179 155 46 146 155 74 103 0 64 99 106 54 16 105 59 109 126 193 138 29 163 112 42 60 66 32 40 73 91 43 94 118 68 100 121 81 83 142 27 57 108 16 70 60 56 68 105 26 73 111 74 116 85 61 24 48 36 182 85 128 4 202 24 22 48 70 115 64 42 160 96 95 60 51 7 16 42 48 4 54 123 59 41 30 75 18 96 193 135 70 47 52 192 48 32 90 99 38 79 154 59 66 46 164 138 61 67 20 163 106 51 12 46 
62 77 40 122 43 9 73 24 90 51 39 9 18 76 96 3 54 87 45 24 39 24 67 65 56 25 152 81 202 46 32 0 16 0 83 104 47 0 16 54 27 63 71 135 0 99 23 223 5 20 123 11 34 54 26 182 28 99 142 84 32 24 115 14 40 6 29 44 0 0 108 28 25 134 63 54 17 116 0 29 54 216 84 21 73 103 93 64 81 46 78 70 63 100 103 63 34 81 195 56 0 40 21 140 0 100 27 9 113 83 120 27 32 13 55 42 0 93 40 55 60 72 20 0 15 23 50 45 149 73 33 169 8 42 83 45 151 126 48 62 36 18 72 126 24 78 90 69 40 27 71 148 1 27 88 64 14 65 95 64 47 56 7 73 9 69 182 39 36 54 51 65 9 21 79 19 0 144 39 25 128 51 29 72 40 46 40 135 118 102 24 35 81 120 40 0 69 212 45 0 15 20 76 78 72 0 40 28 64 43 40 12 197 81 54 137 45 68 74 32 150 0 76 150 8 119 30 32 85 137 26 86 69 0 0 44 27 32 213 75 81 35 0 3 18 3 27 92 0 74 89 83 112 93 47 105 
42 12 32 4 39 11 45 13 52 131 0 5 62 6 21 45 16 55 9 21 13 106 35 59 0 23 0 30 101 13 42 46 48 9 75 18 10 0 10 53 32 73 19 42 0 48 19 35 97 30 50 64 16 31 35 9 50 88 35 39 6 65 32 35 1 47 9 22 68 9 11 103 26 16 22 45 21 80 40 10 0 11 81 87 7 47 149 76 35 15 22 35 26 54 54 36 54 0 5 29 6 47 28 0 135 52 56 49 9 9 9 0 64 49 79 33 7 7 58 17 8 44 35 93 14 88 35 29 51 9 40 27 19 81 20 7 36 36 8 54 47 125 6 57 9 106 12 0 20 59 64 86 42 16 63 63 132 75 0 38 8 57 1 9 120 132 96 102 20 0 55 49 11 5 47 0 20 62 25 0 151 22 20 48 36 74 118 4 46 37 23 0 81 5 58 9 22 0 36 5 42 36 32 28 49 44 7 88 10 83 0 39 52 64 55 43 14 0 73 56 40 42 146 11 10 63 92 63 93 4 36 9 12 0 30 108 52 27 46 43 34 51 9 27 34 15 10 62 0 112 50 72 48 77 5 77 
163 83 84 6 3 40 14 60 98 24 15 2 104 45 64 51 99 194 40 42 103 34 88 67 38 73 75 29 48 87 86 181 88 95 30 152 103 53 107 46 74 126 59 37 53 117 59 54 34 66 18 114 72 92 0 93 114 87 78 78 4 96 125 86 18 58 54 73 88 96 53 6 55 0 85 8 149 95 0 88 106 73 44 0 12 72 42 43 43 76 67 0 17 75 140 158 45 153 15 13 4 32 110 41 93 117 31 96 48 20 99 74 120 91 41 97 24 81 73 26 115 102 166 45 0 32 178 56 82 205 44 1 28 0 46 130 0 32 46 38 14 0 0 47 0 39 101 23 75 84 60 110 87 0 63 71 29 88 61 0 54 22 0 60 166 28 0 62 68 0 46 45 79 153 89 88 4 30 129 141 81 89 7 64 30 0 72 72 22 62 133 151 78 30 12 110 83 128 62 49 110 72 38 6 169 105 25 30 18 81 95 4 24 74 22 0 4 15 0 64 12 28 40 119 28 42 85 43 53 43 52 115 68 16 34 41 12 185 54 122 68 23 116 6 143 142 50 162 46 8 27 137 170 97 21 171 
72 76 84 54 20 0 123 76 310 169 36 82 99 29 84 107 102 171 0 16 63 95 66 67 29 63 42 0 150 101 42 207 114 31 163 95 36 42 0 72 11 100 71 139 36 202 155 74 107 69 10 15 32 36 117 84 0 136 37 66 81 64 105 103 0 249 26 94 30 103 72 49 88 89 0 46 100 0 0 16 28 37 139 45 80 0 250 74 123 126 106 155 69 108 102 138 157 42 24 83 81 103 64 120 77 99 51 81 107 27 36 84 18 56 81 96 32 68 33 30 159 84 54 0 140 249 30 65 113 68 143 144 127 0 113 88 6 42 74 71 12 0 5 77 12 32 195 42 75 171 115 74 50 99 99 82 18 9 9 160 106 209 35 52 38 104 34 0 49 81 126 114 42 45 34 162 6 45 105 157 90 57 99 109 15 72 74 50 33 48 76 99 14 0 20 152 105 7 74 20 174 82 125 29 35 21 71 12 0 126 70 11 147 14 15 84 48 147 39 171 0 32 0 6 54 18 119 27 62 117 57 0 34 126 11 91 108 72 0 51 90 122 34 0 113 95 136 145 81 294 146 181 108 67 30 35 
69 17 45 78 18 65 57 23 45 139 26 104 30 66 75 0 5 20 20 39 37 89 17 107 75 115 81 85 96 34 41 18 42 0 21 66 132 37 49 32 71 60 109 104 0 30 57 50 61 18 65 25 20 17 33 0 64 1 33 29 62 0 23 107 122 88 52 24 9 96 55 81 2 79 42 18 0 35 69 21 9 78 55 24 92 59 82 159 42 78 46 24 30 0 47 3 0 58 75 96 80 15 29 0 10 8 76 63 69 41 59 54 16 48 32 57 0 0 0 51 89 10 39 41 102 18 42 0 65 56 36 35 58 32 0 12 0 14 22 0 15 104 56 27 22 64 6 42 19 8 37 65 46 70 18 76 14 12 9 120 118 12 38 87 16 36 55 8 0 8 89 0 21 95 61 41 32 52 15 59 76 2 52 10 27 56 96 6 46 17 44 18 17 174 74 0 86 14 15 34 27 45 0 2 42 0 0 0 40 47 63 28 0 93 30 64 32 59 102 79 81 21 0 76 20 24 19 56 7 73 108 14 48 38 11 63 84 77 0 84 20 81 72 16 35 32 124 2 0 93 104 57 41 53 47 12 
32 6 101 49 60 49 32 45 23 63 45 0 42 99 40 0 61 55 32 24 148 72 76 0 40 40 73 69 0 45 27 50 52 45 62 36 0 0 37 24 78 34 84 108 64 45 53 54 78 49 45 44 9 6 12 24 10 25 40 74 50 125 66 68 24 148 84 12 6 18 50 56 20 18 38 48 29 3 36 16 8 2 31 27 12 18 56 4 81 85 0 44 131 81 54 70 8 51 6 115 159 0 84 69 120 16 21 89 10 33 12 22 76 32 24 108 12 19 70 0 0 24 92 89 97 60 21 54 77 27 105 99 10 8 10 9 144 24 16 36 0 23 33 0 106 86 0 0 7 0 40 24 27 44 50 0 122 24 43 70 16 125 36 34 42 0 67 75 6 94 0 54 73 43 34 69 69 39 16 16 23 44 80 32 54 8 52 76 12 26 32 148 46 6 0 47 3 37 14 11 64 33 32 0 75 39 43 18 45 107 6 6 62 105 104 59 30 6 102 42 36 0 108 66 0 39 40 0 125 25 43 60 92 20 0 12 24 50 123 62 24 88 32 40 41 20 39 20 29 90 9 74 68 4 54 120 
47 5 40 32 0 120 16 112 0 27 12 85 124 0 5 53 24 0 39 48 0 63 0 60 128 63 53 24 48 78 46 64 70 0 0 114 54 58 30 51 47 36 0 10 6 0 72 8 91 45 117 122 0 18 36 107 42 10 0 48 36 122 44 56 56 100 195 34 120 8 2 9 46 57 45 0 70 46 17 32 66 18 0 79 0 24 42 147 141 18 19 80 151 96 78 0 24 72 48 9 55 34 40 0 15 63 4 39 57 18 70 6 64 46 24 0 54 18 25 105 29 90 25 55 18 11 0 12 115 4 72 15 63 16 119 141 38 5 32 19 35 137 96 13 27 63 42 54 0 41 40 30 111 0 0 44 65 21 0 20 42 98 0 0 48 130 42 18 20 45 89 5 18 86 42 90 90 12 20 50 66 0 62 42 24 72 36 27 82 45 2 100 0 112 0 50 42 4 49 18 22 28 102 0 153 8 123 32 23 51 78 42 0 62 6 84 90 18 30 0 32 30 36 64 0 133 63 24 8 91 91 5 18 115 186 50 48 18 62 50 76 73 0 0 157 24 38 93 63 86 16 0 0 42 13 30 
139 55 86 72 0 66 9 23 36 20 0 0 35 35 46 3 0 22 0 85 97 71 89 72 66 146 29 12 110 60 54 0 10 26 33 77 8 34 34 100 36 6 47 99 20 32 20 77 42 85 99 56 42 78 28 0 0 131 14 61 20 59 143 36 31 84 113 16 59 42 69 70 0 15 0 12 106 14 43 56 15 56 35 35 39 176 51 55 144 130 58 56 8 12 8 82 53 21 4 121 0 61 97 42 173 67 135 128 66 72 68 62 65 123 61 81 0 113 105 0 0 128 42 138 27 216 46 111 35 46 104 8 16 0 42 69 15 65 58 20 151 98 49 80 5 75 20 21 12 49 6 100 111 65 0 170 85 18 62 102 89 59 16 7 84 0 49 0 8 108 9 70 0 128 16 42 10 12 64 66 91 28 96 81 49 34 95 0 49 0 24 10 34 32 28 61 130 62 18 104 2 42 58 0 122 52 64 8 10 40 30 0 12 93 33 6 85 121 22 0 90 82 123 16 8 117 56 68 22 0 28 78 4 0 21 40 6 21 109 47 0 92 42 63 21 118 67 63 24 6 10 56 72 70 88 92 
111 8 52 75 53 30 190 136 153 27 229 96 191 135 187 112 81 0 12 161 112 102 64 69 116 36 169 48 213 72 47 70 139 0 24 37 80 75 196 113 29 16 54 71 127 111 57 200 146 141 93 71 0 108 48 32 72 58 196 76 8 98 249 28 102 180 150 52 128 12 120 70 234 98 27 145 0 105 0 57 52 105 75 75 117 57 171 49 225 72 171 207 40 99 31 161 104 186 41 101 167 33 72 141 98 63 108 28 50 77 142 24 97 150 15 198 160 102 73 59 225 151 96 113 87 241 40 58 24 106 130 203 52 52 38 0 20 57 112 40 40 48 119 131 36 27 152 90 106 137 40 27 11 85 123 103 148 9 163 110 45 291 79 6 83 90 90 36 32 191 96 38 26 108 0 340 90 66 102 93 27 44 77 229 45 236 66 202 9 81 102 108 30 157 6 56 0 30 100 117 22 112 12 0 107 93 176 25 43 168 41 15 76 90 102 54 146 60 114 42 127 54 156 0 100 138 38 66 106 151 4 89 127 132 96 12 48 75 170 158 96 82 0 12 159 89 104 171 48 223 45 36 116 182 21 216 
62 24 70 56 105 3 14 67 62 0 80 57 15 54 77 77 78 98 30 172 117 43 27 71 45 129 164 9 70 83 14 0 72 27 74 221 58 3 42 38 51 84 20 102 54 53 113 118 59 171 149 48 67 78 23 16 0 133 177 63 55 116 81 35 42 115 112 12 9 12 91 53 123 99 42 111 63 104 81 133 36 56 57 24 27 142 17 88 128 0 77 100 72 0 42 128 58 48 90 177 0 74 24 49 148 121 119 53 122 89 35 58 35 107 30 156 54 44 8 9 153 71 30 18 0 0 18 93 92 138 188 114 74 62 49 6 19 94 54 0 31 186 95 27 6 107 98 56 12 3 104 15 63 39 16 100 33 39 130 60 45 131 60 67 101 51 83 83 51 60 23 117 3 105 51 105 0 28 153 100 56 89 88 120 33 111 63 141 31 186 57 69 35 69 3 49 158 84 30 171 29 10 31 18 199 26 41 63 55 61 31 12 63 27 40 52 82 8 88 7 49 45 129 16 45 197 45 66 61 57 102 97 24 75 93 35 64 67 33 84 53 97 161 56 0 86 66 94 32 108 90 74 57 3 35 183 
106 49 121 6 0 0 80 211 0 70 33 66 48 69 4 28 86 42 10 138 45 13 22 32 79 66 30 0 74 86 36 36 35 80 40 175 0 39 101 0 33 51 39 62 40 48 77 2 99 45 82 72 89 48 24 14 54 47 70 0 2 34 59 118 87 0 56 102 45 12 20 34 4 63 24 6 87 35 0 82 0 27 6 0 17 18 72 30 61 18 33 140 135 28 47 24 64 0 32 42 46 8 165 76 24 21 20 12 34 64 57 54 66 78 28 45 60 37 0 72 22 37 0 14 47 10 74 68 97 107 177 31 95 0 0 83 8 16 149 75 6 70 48 0 67 90 45 46 6 49 48 16 42 76 36 28 0 34 91 38 85 40 20 129 45 6 0 17 34 43 104 18 0 55 86 45 100 0 66 72 0 59 0 84 8 42 0 32 50 86 63 28 0 26 26 9 12 14 0 84 18 103 76 0 36 4 21 8 5 5 56 0 18 27 14 0 5 16 12 14 39 40 30 60 0 65 0 0 22 35 47 24 53 81 56 33 48 30 21 22 24 42 4 0 14 47 68 30 89 20 35 32 18 52 39 93 
22 29 30 36 99 30 88 60 134 3 0 55 32 0 7 40 0 81 0 36 12 99 98 8 130 4 74 104 97 10 26 179 64 8 99 324 63 69 0 14 16 0 1 3 0 58 0 48 21 16 24 30 13 25 6 9 21 0 90 0 20 122 30 117 54 126 102 39 18 53 40 72 34 80 7 48 64 14 82 86 28 99 4 0 0 100 54 200 103 90 96 3 55 30 102 40 109 169 192 62 0 88 0 122 28 122 2 166 0 106 72 76 18 119 0 27 42 2 0 97 102 21 0 40 0 56 21 32 21 18 9 0 2 0 138 28 24 56 6 68 111 105 128 0 9 147 0 3 46 72 66 31 37 0 72 98 107 0 8 0 69 56 3 88 48 52 24 24 49 18 36 101 24 32 8 24 63 41 94 139 173 54 112 9 68 0 45 0 101 6 0 171 54 48 99 56 30 8 77 40 26 43 0 45 30 56 0 171 48 127 16 112 6 81 36 90 15 0 88 0 111 38 140 64 25 36 77 149 36 140 4 63 7 40 104 120 0 24 0 2 33 34 59 5 13 117 34 45 81 82 81 141 94 0 8 65 
74 118 36 34 61 41 66 97 97 50 67 5 72 13 77 92 38 147 47 72 182 128 86 117 157 153 74 139 173 132 2 72 91 128 115 42 192 59 54 30 48 217 23 178 126 59 134 73 7 25 173 222 131 83 44 76 110 72 35 34 81 157 28 99 47 59 181 99 0 38 73 42 130 56 66 72 25 60 70 140 106 87 34 22 116 161 176 134 86 84 144 91 96 40 85 184 16 54 56 58 112 208 54 137 80 48 113 72 59 95 100 36 122 5 98 80 163 93 6 203 83 249 61 144 105 0 45 70 45 148 54 33 131 28 48 148 129 107 136 10 78 279 10 24 125 69 187 117 63 119 64 67 241 27 62 65 106 76 58 105 115 247 32 40 96 78 145 123 44 92 78 100 12 80 293 111 76 59 104 25 131 23 67 89 0 83 97 74 171 215 146 121 0 108 66 115 116 74 131 84 99 54 190 70 90 36 49 65 126 141 98 39 204 139 10 81 103 21 36 4 10 61 212 110 125 45 128 56 55 154 187 96 71 88 145 95 83 104 145 168 85 175 115 126 60 68 180 232 72 179 173 18 66 62 0 96 
48 0 0 18 20 11 0 115 0 136 18 48 0 99 60 0 48 69 0 24 63 24 29 35 5 74 148 65 77 54 46 29 15 4 20 54 83 4 10 1 2 28 66 64 0 97 28 8 0 14 23 14 56 30 37 100 35 60 111 29 84 91 9 95 84 35 106 43 32 20 23 53 10 113 45 16 77 45 32 12 22 0 0 0 39 34 51 9 113 42 12 45 81 32 89 71 28 0 20 24 36 6 52 36 41 20 36 27 37 30 62 66 28 49 90 88 54 0 10 36 30 0 63 33 4 24 42 0 12 8 164 0 37 0 28 56 79 24 71 69 117 24 116 12 0 42 8 0 0 36 45 0 12 65 0 0 48 0 16 82 49 0 93 1 0 32 0 53 32 0 56 34 90 0 119 118 28 0 0 99 103 45 14 99 85 10 29 50 22 30 42 28 72 16 36 6 78 14 53 12 8 16 108 32 75 16 45 7 32 0 16 9 34 96 0 35 38 35 37 40 100 4 6 23 50 58 45 81 65 75 74 4 18 35 9 44 7 67 25 1 15 72 0 33 0 0 34 20 36 15 0 15 54 12 47 99 
188 45 0 113 9 61 0 67 99 138 0 188 134 0 27 98 9 0 81 25 150 14 40 101 41 0 137 54 72 0 0 45 36 0 12 110 135 52 121 27 56 35 54 105 42 42 40 0 76 103 0 78 124 63 119 242 147 89 31 4 17 15 40 88 0 23 112 27 0 40 24 7 0 37 21 27 177 24 0 0 87 0 0 20 16 79 81 54 12 143 76 18 10 0 101 49 0 0 35 45 35 21 79 63 35 95 0 8 65 81 184 75 81 69 10 54 79 30 144 32 100 9 106 168 84 90 64 0 197 132 49 55 7 0 28 148 72 45 65 25 127 72 0 90 33 121 31 42 29 49 0 58 5 9 0 108 5 57 0 128 108 13 14 0 4 40 5 20 0 0 102 50 0 47 144 158 0 5 74 27 29 56 0 0 63 95 79 54 93 0 9 82 22 16 27 36 20 0 211 121 56 12 129 45 40 3 12 32 45 113 25 9 49 49 27 133 91 86 90 83 18 4 0 72 28 24 25 80 124 20 35 18 81 0 113 45 0 10 54 218 117 87 66 12 108 225 40 67 47 77 79 35 61 52 5 64 
59 67 30 66 66 61 18 51 143 109 137 0 132 0 69 32 21 151 233 28 111 4 66 54 99 148 103 33 5 68 15 60 19 111 24 49 50 40 0 7 45 105 82 88 92 124 119 20 141 32 30 56 74 46 0 112 151 187 89 129 96 24 79 36 12 60 93 64 84 18 40 104 52 104 21 91 186 57 50 16 32 8 45 47 32 110 159 75 0 98 42 165 40 67 9 90 147 0 70 167 114 61 27 102 93 119 157 65 23 60 114 99 29 0 81 32 208 75 135 166 96 101 117 104 102 48 0 42 98 132 309 39 201 84 35 106 99 18 137 22 66 32 52 108 45 151 34 62 28 145 23 40 117 143 124 130 20 64 89 23 160 177 30 121 159 21 94 18 0 28 32 208 5 124 132 121 192 45 55 0 101 37 57 30 39 145 137 137 64 50 6 73 57 19 153 87 91 158 19 180 5 24 160 56 12 32 12 4 0 10 41 126 128 109 169 38 40 10 52 0 37 10 97 59 24 76 89 24 50 127 131 28 99 30 0 51 40 20 111 82 64 0 101 12 40 98 154 52 158 107 112 96 0 42 98 77 
28 168 18 133 63 0 0 51 129 173 108 112 62 29 57 24 67 36 0 64 116 40 77 52 121 98 111 18 48 187 37 51 6 81 38 99 57 115 56 24 9 45 83 10 0 57 35 0 27 76 162 93 0 28 64 55 88 49 39 0 6 85 22 76 49 203 132 68 0 16 154 27 35 0 35 12 35 67 0 84 72 125 44 97 79 83 27 45 79 101 46 72 105 0 216 40 59 56 63 36 0 0 9 55 88 98 48 182 12 21 115 0 6 6 0 86 35 81 150 181 43 18 103 48 0 101 28 0 79 55 42 14 48 12 40 107 49 65 73 16 106 164 45 52 25 200 69 54 32 0 28 0 70 191 0 37 14 0 66 86 7 20 35 56 126 151 84 32 28 0 69 125 74 149 72 189 172 43 8 52 76 0 72 119 113 8 21 47 138 85 30 16 16 99 97 59 0 30 0 59 92 54 229 72 50 30 51 28 47 82 72 2 105 73 16 25 71 52 137 32 40 27 129 25 0 0 0 56 13 50 105 65 2 89 72 0 89 28 12 85 36 152 62 18 65 12 42 106 48 64 59 22 50 54 48 54 
41 58 93 36 32 29 45 12 185 135 0 46 71 0 111 32 49 104 0 154 21 78 35 10 100 120 57 72 93 97 119 76 118 82 112 173 18 8 15 0 36 125 70 81 62 41 37 12 97 123 125 67 44 18 47 120 92 163 89 13 14 48 73 74 73 83 201 10 3 0 83 4 50 131 60 78 48 29 0 172 86 102 96 58 28 119 195 61 225 65 3 37 15 46 193 50 33 132 247 96 55 24 120 42 45 186 44 72 90 79 68 30 43 103 24 110 88 54 59 56 10 9 64 24 37 87 36 103 98 32 145 93 16 90 90 100 82 84 86 20 4 136 4 18 18 21 51 0 14 55 72 6 20 47 36 69 34 70 92 107 49 93 16 96 79 19 133 23 49 94 94 88 0 123 148 69 59 71 47 85 227 52 24 54 0 0 39 63 82 84 107 48 69 48 24 42 69 95 77 6 28 68 30 4 62 28 51 44 68 48 85 0 143 7 8 78 24 26 22 0 67 14 135 77 121 80 24 9 63 154 61 93 106 54 27 14 120 35 54 48 88 101 81 70 144 24 0 176 36 149 105 80 34 79 27 142 
74 40 31 101 48 16 22 105 51 61 87 56 154 24 92 106 22 153 42 33 70 50 108 54 45 57 108 65 110 14 23 81 43 32 69 134 239 89 52 35 124 41 61 57 45 166 43 40 60 177 72 74 80 120 49 0 84 105 142 70 113 87 106 92 82 108 40 18 108 33 109 92 139 68 92 32 61 40 0 34 62 101 11 102 74 42 26 20 87 54 55 147 15 50 76 198 108 0 97 48 0 30 81 127 12 83 25 139 8 98 116 36 68 94 97 78 18 102 21 21 123 27 90 6 30 156 99 6 76 153 109 0 28 64 57 58 0 24 8 4 0 101 34 134 33 288 137 20 110 12 16 39 110 108 45 0 39 27 58 62 71 91 34 166 28 27 18 212 3 0 0 94 8 64 69 125 87 36 65 122 23 0 10 39 19 188 111 87 76 54 82 169 33 39 68 20 58 67 100 127 78 80 71 62 9 51 75 87 48 146 14 79 22 105 12 39 63 1 15 5 7 0 66 50 92 0 46 81 12 0 107 154 29 71 45 46 103 76 90 50 32 48 42 15 124 12 0 8 132 212 90 70 200 183 108 195 
93 0 0 89 87 65 73 113 153 150 71 88 102 194 112 91 3 58 4 12 164 110 0 25 4 59 24 55 108 21 0 35 3 3 104 15 114 56 71 14 145 54 74 132 88 119 0 63 105 113 80 45 47 22 41 20 108 39 71 45 108 65 111 121 41 40 112 0 64 33 103 19 30 89 30 24 75 18 32 18 24 88 27 55 20 70 94 6 87 10 9 49 55 0 40 86 16 36 76 54 110 71 41 18 107 21 76 108 13 99 15 0 35 83 0 82 79 60 69 45 87 48 9 48 7 48 76 25 38 51 244 76 113 72 32 0 100 5 24 88 114 5 15 135 0 44 27 36 33 7 49 12 66 26 15 91 76 116 0 70 199 51 0 28 8 8 47 66 4 2 35 0 48 134 39 42 0 72 69 72 88 9 31 69 108 112 96 123 66 42 0 83 114 25 42 69 121 20 13 90 45 0 34 6 0 56 54 52 0 77 0 49 138 85 4 35 23 40 168 49 60 0 57 49 99 28 4 0 24 0 80 44 75 20 6 81 88 108 5 6 32 47 30 21 53 55 40 110 45 53 63 113 8 81 61 99 
81 72 9 18 54 30 34 39 29 0 0 0 69 0 39 110 99 8 0 60 131 62 93 54 146 18 177 36 9 13 23 113 18 48 37 58 54 42 27 78 65 130 16 0 37 90 99 0 77 81 10 72 48 21 73 94 38 73 15 36 64 112 0 28 12 55 40 36 5 69 32 74 36 38 0 10 46 32 2 69 12 14 35 16 32 127 93 15 24 0 0 29 84 29 45 6 20 8 0 0 84 15 11 167 63 44 48 48 9 12 81 48 122 32 78 48 73 81 42 46 51 87 4 134 0 0 72 0 12 83 106 21 2 24 60 112 6 72 78 6 13 72 45 11 20 21 96 18 28 14 42 78 0 24 44 48 12 96 14 40 43 62 46 7 97 4 90 0 10 8 54 58 35 0 69 41 70 0 25 20 69 10 0 40 43 24 28 18 50 102 86 0 8 6 5 62 11 36 123 49 20 39 10 6 8 48 12 18 136 48 45 8 241 27 40 79 0 72 56 33 97 0 0 66 60 14 15 0 113 12 81 103 50 54 54 0 63 80 109 18 29 85 0 112 36 107 27 18 42 0 10 0 16 27 0 231 
76 21 73 55 64 9 73 18 56 71 3 27 0 0 12 36 2 101 0 51 0 90 0 38 0 108 172 56 84 29 40 62 64 2 96 160 18 54 56 52 137 107 136 234 72 79 74 32 48 18 59 63 89 65 6 60 32 16 158 40 38 155 106 42 40 52 80 47 61 64 92 0 180 31 72 87 87 81 24 142 115 8 114 102 41 21 69 35 96 28 87 32 21 137 152 89 0 27 46 54 4 117 152 62 35 66 125 0 16 12 131 10 8 0 20 48 12 81 29 81 21 0 28 24 69 77 28 103 59 24 62 48 27 27 0 117 16 87 3 0 67 144 0 19 16 27 0 0 0 42 54 12 6 19 81 0 47 30 40 33 63 18 4 79 34 64 199 94 105 35 51 202 32 56 139 22 78 79 48 24 60 1 36 5 81 42 162 84 98 29 132 73 16 84 0 0 89 86 31 153 159 32 10 2 3 129 45 56 16 30 88 12 23 52 47 24 39 2 64 49 104 2 67 123 90 62 123 27 24 14 100 40 54 56 0 93 52 34 74 161 66 94 3 28 44 38 49 26 17 88 28 72 65 72 69 40 
78 16 64 42 60 45 32 36 162 196 100 105 40 100 55 20 15 88 0 35 133 56 55 107 50 24 155 75 119 63 13 74 10 79 88 40 155 90 133 62 37 0 89 95 63 43 69 72 40 54 109 27 56 105 30 93 112 66 54 169 89 94 32 140 190 83 66 62 64 54 89 57 33 104 55 34 71 51 35 99 70 182 13 58 23 50 87 63 63 87 163 84 147 21 78 106 64 81 72 97 152 62 28 37 50 90 73 85 24 73 118 68 107 45 64 57 69 0 28 150 137 143 126 70 52 16 36 112 36 48 137 66 95 132 43 49 99 29 77 8 99 85 38 0 87 185 63 70 71 27 24 21 32 194 154 95 27 88 14 90 93 139 112 94 48 83 51 96 0 117 12 39 52 78 132 179 76 71 47 36 28 0 92 106 82 72 10 48 76 0 114 64 104 100 40 34 81 107 32 195 47 113 108 4 94 38 36 36 51 75 0 73 85 164 122 61 69 12 72 48 28 92 132 63 6 81 76 9 86 104 74 159 142 36 44 112 8 140 115 84 102 201 44 57 41 127 124 125 56 109 66 31 110 72 77 171 
61 3 60 42 45 0 40 134 100 64 3 32 80 18 75 56 102 63 35 149 98 0 77 10 37 55 41 72 105 51 161 39 1 27 58 179 123 44 5 112 1 169 116 0 42 70 66 84 38 51 144 70 60 32 59 80 23 54 78 26 21 20 32 98 36 137 127 92 0 0 42 127 8 207 84 27 133 108 35 165 44 24 93 32 56 102 66 0 63 3 114 71 14 159 118 62 36 0 109 43 49 112 56 27 149 63 64 68 165 42 53 76 9 46 105 74 40 108 111 102 117 21 33 28 42 49 16 38 41 110 88 35 22 24 51 155 107 148 86 95 116 228 61 55 67 123 92 0 45 18 24 0 21 115 121 0 115 8 150 143 153 155 14 20 50 70 42 66 177 109 19 148 3 20 110 118 53 0 86 62 119 153 130 106 85 58 29 135 166 150 129 143 28 68 72 46 68 31 163 151 31 43 14 113 25 95 0 70 91 89 28 49 99 54 81 104 49 85 103 83 28 90 140 161 101 125 0 104 16 169 96 0 21 24 48 86 179 23 113 42 9 100 0 55 24 85 61 42 8 41 63 30 62 6 53 111 
41 18 54 72 4 72 9 87 36 121 0 90 27 30 96 44 7 40 0 78 40 37 0 79 76 6 60 54 72 73 8 36 0 40 116 87 81 93 0 64 57 21 48 47 5 77 0 9 189 137 30 29 94 50 88 144 39 59 20 76 6 79 62 0 52 92 88 41 34 24 73 0 4 8 0 0 0 45 30 7 1 47 25 43 11 62 81 24 0 62 48 19 14 44 36 0 83 112 9 27 50 51 131 44 32 47 9 94 18 64 12 98 0 38 0 26 14 8 52 80 64 48 74 78 30 156 8 62 24 10 191 50 41 8 4 24 0 20 7 21 44 0 1 58 105 91 42 3 56 0 9 31 0 0 18 56 36 94 0 65 44 72 15 104 12 83 59 15 62 62 25 36 1 0 104 66 36 0 20 0 48 44 128 87 30 36 45 40 94 16 18 56 10 30 34 44 7 0 32 97 36 55 83 61 28 32 0 24 0 85 24 6 32 54 36 87 28 8 181 78 30 36 139 35 0 0 64 12 100 47 37 56 59 12 0 17 23 45 28 48 3 30 5 25 9 27 34 66 24 120 101 8 108 39 99 63 
42 52 8 9 158 4 34 2 35 85 20 26 36 0 0 27 69 32 0 104 26 109 57 39 135 78 198 54 66 34 0 36 0 49 44 62 48 48 47 75 12 85 62 78 78 67 82 148 29 19 45 6 0 54 40 83 33 91 85 35 48 133 103 0 0 34 10 44 16 0 18 18 24 54 42 18 32 74 48 25 0 81 114 18 52 117 91 99 53 4 41 23 59 48 51 0 52 12 117 81 83 39 4 8 32 32 83 0 36 62 50 55 0 20 4 145 0 22 42 28 40 35 91 47 6 36 24 38 71 13 3 77 60 72 37 34 35 10 11 95 114 68 0 30 40 101 36 18 51 28 51 7 13 41 3 126 48 107 0 81 9 54 12 36 21 120 127 10 8 0 34 156 0 20 36 86 96 64 55 9 0 6 19 8 90 72 38 0 16 120 64 77 3 81 26 5 64 18 59 46 64 28 69 6 111 12 10 76 144 14 24 63 26 49 81 88 77 28 0 56 106 12 37 93 16 76 15 82 55 42 92 16 0 36 0 42 0 6 0 34 88 61 24 119 6 24 69 102 0 48 18 0 105 9 18 4 
0 34 10 50 84 20 0 0 36 64 96 104 48 48 164 16 6 49 0 22 36 23 4 27 20 19 0 74 48 0 7 45 0 39 163 143 0 0 0 47 0 4 112 0 51 63 68 66 0 20 56 0 31 21 12 86 21 64 18 34 0 135 37 24 71 24 88 64 33 56 29 36 33 87 63 18 0 54 10 46 42 32 61 100 33 0 126 0 82 9 9 0 80 59 38 44 72 0 24 28 94 0 42 35 24 28 60 104 32 20 60 32 61 8 47 119 12 32 76 0 145 6 0 28 24 0 166 24 0 48 75 38 0 30 0 42 16 16 27 16 0 8 0 74 68 65 24 34 67 0 79 0 0 43 133 0 0 58 48 96 151 60 54 36 30 58 90 84 0 24 105 44 8 24 36 72 104 36 0 72 0 95 77 34 63 24 84 57 30 0 0 57 74 46 57 16 110 16 39 18 26 45 107 21 36 43 0 12 17 71 0 0 105 48 65 0 0 0 36 0 54 9 99 67 0 46 117 0 29 35 12 125 69 0 64 109 6 36 58 58 28 113 44 0 28 26 22 4 0 42 33 91 42 36 89 12 
42 28 88 36 85 54 30 72 89 125 45 125 12 168 62 31 18 69 15 36 7 114 72 0 19 0 77 35 27 0 0 20 43 3 64 83 54 36 76 0 10 164 54 65 0 65 88 16 60 129 134 30 18 85 8 6 6 51 48 101 48 0 16 22 48 119 105 51 38 0 82 0 30 134 36 1 43 2 0 25 0 69 2 0 28 103 23 5 182 26 0 14 128 48 53 63 48 42 50 40 66 64 18 89 78 85 52 84 34 70 15 18 0 88 30 68 81 73 78 0 6 81 15 7 0 124 32 15 114 0 97 49 45 48 20 146 18 61 0 6 73 105 63 54 0 30 10 5 64 30 46 34 122 45 28 18 39 70 15 100 137 131 34 49 9 25 72 6 24 42 60 74 9 43 76 18 37 54 125 9 109 24 69 18 147 24 18 112 14 64 33 54 49 74 0 99 24 36 22 98 105 45 36 33 58 15 52 44 0 12 30 28 115 115 25 6 62 0 83 42 78 52 48 60 27 83 28 0 48 90 35 61 0 6 0 60 0 51 21 3 16 107 61 0 28 24 64 83 40 9 109 85 12 96 14 96 
83 64 8 26 7 2 47 152 8 57 27 87 157 1 83 144 0 82 14 64 50 60 0 135 61 63 41 64 24 37 63 56 67 0 35 71 22 49 44 21 48 42 0 133 14 47 52 0 12 125 65 84 6 6 72 30 21 0 69 78 0 127 0 56 56 0 94 136 27 35 101 0 63 16 9 0 64 61 0 0 0 21 56 0 69 0 122 80 34 75 0 0 79 188 113 6 56 156 54 116 0 55 0 76 32 97 45 9 65 63 177 24 108 80 0 34 18 8 12 3 7 52 42 40 87 225 0 14 22 28 131 106 20 48 206 28 0 0 77 0 0 64 20 0 8 0 20 0 54 63 7 40 3 0 104 7 0 0 81 77 0 151 8 15 24 12 142 42 25 35 18 0 1 10 0 24 56 0 100 35 28 49 32 5 96 63 8 100 69 79 42 119 0 27 0 109 0 44 99 13 53 68 0 20 58 91 40 0 0 12 85 24 42 9 67 126 5 18 84 0 71 63 103 89 40 7 21 21 139 160 6 59 0 40 64 49 0 0 0 59 179 49 72 0 68 98 7 104 9 81 0 63 20 67 0 0 
164 75 101 170 87 117 0 80 14 123 42 138 21 16 6 0 75 85 0 126 0 124 62 60 0 38 121 102 72 134 122 45 52 36 84 190 103 18 123 14 16 254 220 159 36 77 66 16 140 10 180 47 43 68 77 140 48 68 192 0 19 121 0 41 75 136 52 178 48 36 40 0 17 151 101 27 73 0 10 10 75 66 53 15 16 43 258 56 242 76 176 140 59 60 96 65 40 0 82 17 2 60 201 159 27 94 89 108 18 42 8 72 150 254 21 54 30 99 70 89 148 30 86 91 26 39 54 30 119 18 60 224 56 8 8 66 119 132 132 3 63 54 48 7 28 91 0 9 0 81 108 21 61 28 90 118 72 51 146 73 218 186 63 36 111 187 111 0 36 68 102 215 32 12 45 12 59 40 96 98 14 115 109 0 54 107 130 34 63 60 86 124 61 72 0 2 75 24 0 46 180 0 5 14 14 20 15 113 0 89 32 5 80 22 27 24 73 28 10 105 12 55 172 92 0 42 33 0 81 38 58 81 0 12 116 27 96 39 103 129 83 39 82 28 21 106 60 97 80 161 146 12 108 119 71 109 
187 108 56 75 30 129 0 94 156 135 102 72 123 90 114 36 161 176 100 111 68 102 34 108 71 44 178 42 9 144 52 39 52 48 25 74 10 77 65 12 48 164 0 68 97 57 42 37 96 23 97 106 66 88 22 15 42 121 74 170 32 92 18 45 80 98 39 67 8 142 87 8 42 120 4 46 40 144 48 22 54 75 60 25 12 45 124 121 89 94 41 27 30 72 43 18 53 86 51 3 112 30 98 140 51 113 18 47 16 144 119 0 42 49 38 98 64 106 61 159 222 217 160 21 17 21 56 27 85 90 169 20 47 56 78 0 7 40 0 40 69 8 53 24 17 19 34 63 0 87 18 153 54 24 99 112 18 120 79 55 5 39 36 6 151 124 42 33 0 27 91 112 64 87 115 32 30 57 111 40 60 53 24 33 18 115 164 10 59 49 75 86 34 8 33 38 55 134 16 96 0 48 83 1 107 65 0 38 14 55 30 0 57 45 89 29 65 166 221 124 89 18 22 108 18 40 45 25 4 83 142 107 136 28 33 74 36 122 70 91 11 144 98 12 69 134 100 98 54 121 187 90 32 38 72 16 
24 0 0 74 4 0 93 70 171 99 39 18 131 100 75 46 32 119 0 27 47 39 142 18 160 150 58 31 157 59 71 133 78 12 24 132 52 36 73 36 56 4 36 138 36 113 104 54 0 63 38 54 70 62 88 18 64 105 114 126 117 95 93 259 45 89 91 50 76 70 166 40 109 108 103 19 86 93 45 48 32 79 77 23 41 0 125 118 43 119 55 36 135 99 110 68 40 144 78 43 14 0 52 81 86 108 50 53 20 36 131 27 12 0 65 102 12 38 31 169 207 36 8 99 9 108 7 68 82 54 98 24 51 6 63 59 12 82 50 118 54 103 100 2 0 67 91 4 0 129 64 26 39 20 99 6 6 64 75 39 84 151 19 0 43 67 5 22 66 0 50 163 65 46 140 75 135 16 106 91 45 102 7 133 121 0 198 126 169 42 71 185 50 28 81 46 81 20 108 86 58 56 24 0 42 18 12 81 0 110 0 0 117 163 95 69 52 78 118 24 162 22 15 56 49 106 42 117 123 76 39 80 75 95 97 54 70 153 65 0 59 227 0 116 36 115 144 145 149 83 12 0 98 6 14 61 
23 85 90 78 57 109 3 69 132 98 33 15 15 0 19 158 6 87 0 6 9 67 169 53 45 73 9 27 85 96 33 82 59 39 0 81 48 36 66 38 93 73 74 138 54 146 46 0 36 57 132 49 33 81 18 49 50 12 103 51 61 172 93 37 68 94 60 39 75 27 81 54 37 36 60 3 84 74 45 147 0 1 25 0 44 12 35 33 10 4 34 15 102 110 211 42 93 15 0 12 3 2 137 151 36 0 95 28 35 6 42 0 81 30 75 8 24 21 6 185 34 54 58 19 11 30 20 126 79 71 236 32 86 35 2 37 36 37 30 49 106 11 18 34 0 60 18 45 36 133 9 0 53 18 111 36 86 0 75 18 129 0 25 27 77 80 58 64 74 61 59 74 41 7 44 41 3 34 64 54 11 30 41 43 92 125 27 117 46 7 93 15 81 70 0 0 26 47 114 18 132 76 25 0 72 5 31 35 45 17 0 104 39 92 0 10 23 4 27 0 48 0 126 104 25 37 27 6 14 31 42 45 21 40 15 24 0 21 52 137 121 88 36 28 26 40 72 12 29 3 48 103 68 159 131 96 
50 65 24 103 69 64 48 8 51 99 29 54 238 5 124 117 18 106 40 42 63 64 112 0 9 117 47 7 103 225 18 31 0 72 149 216 133 85 98 60 44 27 177 116 8 119 143 63 66 92 44 52 82 85 61 128 61 6 110 0 54 188 78 1 160 119 126 88 12 77 103 79 35 48 12 78 121 48 44 31 65 64 0 81 45 8 57 20 100 43 78 54 73 87 82 55 88 25 63 50 12 65 85 126 0 25 8 117 3 162 42 27 23 147 18 9 65 106 0 218 149 50 30 16 36 20 16 57 166 110 209 13 100 80 64 118 42 142 38 0 110 125 0 157 16 149 98 62 0 18 0 32 86 74 36 28 38 22 0 55 148 39 46 67 24 30 59 36 29 22 40 12 40 68 160 15 86 55 64 14 117 45 0 67 0 89 76 24 120 16 152 166 60 58 40 3 124 141 75 147 96 0 8 117 24 27 69 83 0 81 0 54 38 183 25 100 82 36 17 30 9 7 43 109 6 50 219 33 0 26 72 152 81 92 0 20 5 30 49 127 192 49 4 3 144 23 142 80 117 111 59 72 106 131 9 81 
70 9 70 45 48 3 8 121 111 76 100 36 24 87 25 58 92 33 18 92 83 0 88 32 201 67 187 48 55 62 62 70 2 13 60 156 150 32 0 158 56 131 54 44 0 57 81 132 7 85 42 37 5 16 0 33 134 78 83 9 60 96 0 95 114 47 53 0 45 44 9 45 0 97 8 0 95 53 12 15 0 91 29 26 48 190 101 51 122 47 103 60 129 0 83 25 8 41 84 36 72 36 175 112 37 78 63 72 78 18 91 54 22 148 0 0 84 43 88 117 91 118 52 58 0 0 69 42 5 56 18 112 36 8 151 35 24 66 126 8 0 137 148 0 80 156 123 9 83 7 24 62 75 200 16 86 57 96 15 92 70 159 59 104 11 56 80 62 40 19 34 50 10 35 84 66 0 38 95 120 85 0 33 72 0 40 0 7 55 43 140 115 108 13 47 40 21 58 199 134 40 70 64 5 5 33 16 67 64 45 33 5 35 86 56 96 130 16 64 51 70 55 0 102 94 9 81 18 75 122 89 157 24 179 32 121 91 71 59 2 84 105 104 65 76 30 126 183 82 54 0 88 40 0 90 43 
