43 92 14 79 163 0 35 15 91 72 18 86 49 35 37 155 124 41 0 102 176 57 142 140 165 6 51 104 35 183 135 93 178 65 60 64 130 7 126 98 149 34 83 27 81 53 4 63 126 109 126 137 92 83 101 0 91 132 28 118 109 40 15 167 155 46 85 12 13 112 32 48 27 38 48 71 77 117 126 63 20 77 111 163 27 126 158 140 4 55 91 24 0 57 20 57 60 0 19 70 81 0 175 51 49 0 22 136 66 85 60 152 180 41 121 61 61 95 48 112 49 52 30 0 113 97 138 0 12 208 32 99 56 42 4 77 100 35 36 77 14 169 96 184 145 107 78 14 81 63 42 0 48 54 72 50 40 89 136 104 92 71 49 19 132 51 64 19 51 72 79 92 210 63 77 49 74 86 81 46 0 12 49 117 18 107 168 4 12 63 14 145 114 80 90 21 27 144 116 41 135 106 39 6 90 0 100 58 108 92 71 22 51 104 68 102 65 62 209 84 99 105 40 132 70 119 24 14 7 112 39 0 73 80 40 126 157 135 197 110 0 152 68 18 60 42 92 0 88 150 68 111 48 144 59 111 
32 0 18 53 12 9 12 36 24 50 71 95 6 29 55 38 4 66 27 24 143 79 0 32 68 4 4 45 94 52 112 4 16 0 34 77 52 27 0 18 60 30 12 83 9 182 0 8 0 48 101 24 9 62 3 55 120 8 62 166 16 9 10 80 64 114 0 163 0 96 76 48 36 40 0 0 17 48 72 32 0 3 12 167 12 125 116 154 61 99 80 37 24 143 38 113 0 54 72 181 0 27 81 0 8 6 54 121 62 102 48 15 4 0 8 72 24 81 39 4 213 8 57 67 9 80 44 0 48 48 45 36 24 82 12 18 4 0 27 114 173 125 92 54 18 45 0 0 24 20 45 107 24 36 83 32 36 45 66 24 57 0 90 20 72 114 149 108 107 80 7 37 33 33 8 8 110 0 54 55 22 0 2 91 0 47 0 32 104 48 77 36 60 7 81 0 69 143 49 40 80 60 75 60 85 85 47 140 50 0 116 79 9 44 10 70 43 63 4 0 172 32 16 104 207 37 91 0 36 74 18 129 34 30 135 26 94 0 27 24 24 65 127 156 12 24 148 145 111 129 12 174 50 112 18 58 
64 14 51 7 114 22 49 35 85 48 36 78 0 0 161 14 32 51 58 20 50 133 48 63 16 35 4 36 0 36 0 0 62 42 35 53 12 20 98 0 12 5 42 61 80 0 63 51 54 70 54 12 51 20 0 0 0 18 63 17 16 6 90 32 63 24 39 67 47 44 0 8 0 4 2 45 0 29 147 0 0 35 6 16 47 29 105 44 3 0 40 35 40 20 17 0 41 0 9 40 0 68 62 66 95 50 89 0 0 39 61 36 108 0 20 10 6 16 56 30 28 0 5 0 90 19 32 49 55 18 57 76 24 42 0 104 110 28 18 14 63 6 0 46 52 24 30 0 68 9 14 8 61 0 45 0 100 81 10 68 66 12 76 0 2 14 56 4 32 36 6 2 30 0 57 42 44 80 45 54 26 84 0 12 15 12 29 0 14 48 58 82 43 121 42 55 49 78 18 102 33 108 4 24 77 25 6 0 26 10 54 25 118 94 110 4 36 9 10 75 33 0 12 32 0 48 32 41 28 36 0 36 0 45 29 18 0 0 24 0 36 88 0 56 78 38 61 82 81 18 0 147 142 16 8 27 
83 24 55 19 143 0 15 24 66 115 98 26 6 141 183 85 56 48 0 0 153 35 99 5 147 64 39 51 102 109 0 47 44 49 70 101 20 15 0 33 47 150 0 147 120 65 61 37 9 110 56 27 46 24 6 52 151 6 7 81 90 74 8 23 35 80 45 121 0 184 60 128 12 0 2 0 44 11 20 0 0 20 32 155 36 59 208 87 31 0 129 49 72 120 20 36 20 18 77 79 3 62 34 5 36 27 18 66 6 52 19 36 21 18 39 25 65 13 24 36 93 15 30 91 17 0 0 8 61 126 11 69 20 41 1 86 46 45 24 139 119 108 47 63 30 42 6 105 110 6 15 32 27 62 66 24 74 74 36 47 108 16 102 18 2 70 116 152 68 119 35 71 63 74 62 98 33 78 125 109 54 0 44 78 55 92 2 9 54 57 21 64 54 36 70 0 8 143 18 6 49 73 78 94 28 7 53 75 14 8 23 70 113 35 48 69 114 12 27 16 96 47 40 44 170 64 103 107 3 34 6 93 8 17 173 9 30 0 6 18 54 161 148 48 17 26 112 122 137 62 0 144 42 66 47 0 
25 41 134 9 13 0 53 55 0 52 129 9 119 64 118 0 8 0 91 82 1 51 0 65 15 3 0 49 56 9 45 0 0 41 18 94 6 56 18 15 0 11 48 22 22 35 12 120 0 15 7 0 17 9 31 63 56 47 63 14 57 38 35 85 0 47 64 77 6 68 10 32 72 38 89 18 6 27 42 14 7 30 20 152 44 33 36 15 92 28 33 82 90 8 42 0 45 65 93 16 6 20 24 87 0 7 32 18 8 61 42 24 0 6 16 0 53 155 56 49 0 85 50 88 59 0 14 9 74 0 8 0 14 29 30 71 71 36 32 75 0 32 87 97 44 95 36 30 64 72 45 72 104 59 0 28 52 36 9 154 65 41 15 52 0 27 72 6 30 0 70 48 34 18 43 24 3 10 4 49 114 0 16 0 66 0 30 76 18 15 31 117 149 128 13 106 51 20 48 56 9 59 36 32 36 30 38 27 21 85 15 90 100 80 102 84 121 17 18 45 51 6 0 27 62 18 58 29 63 62 48 61 5 180 89 0 90 0 18 6 48 22 0 2 2 42 24 27 7 42 62 45 0 3 79 1 
60 36 35 18 58 14 0 54 20 26 71 103 36 18 157 103 82 98 21 92 0 66 89 78 185 12 50 54 54 8 56 77 130 9 34 29 0 84 53 95 30 93 36 102 74 10 68 24 65 0 18 28 58 123 18 93 117 87 0 77 84 23 24 78 116 50 36 220 10 106 71 76 114 91 74 21 28 21 0 16 55 76 153 109 106 57 44 112 101 83 154 34 189 148 100 60 90 25 180 42 107 45 85 47 84 18 30 97 0 43 18 115 81 53 95 11 78 32 77 51 214 36 242 21 42 90 128 39 40 42 0 42 46 81 48 4 10 20 126 187 24 64 46 52 32 109 0 88 135 108 65 84 81 82 111 87 69 96 80 165 33 58 157 61 137 0 104 102 171 138 0 140 0 54 42 71 94 114 52 188 12 109 106 134 26 47 100 107 183 81 27 52 63 136 76 102 71 151 92 110 4 32 186 135 18 140 97 68 26 44 90 80 0 70 200 36 0 71 32 127 39 124 74 29 210 116 49 29 28 18 177 0 42 90 54 16 106 20 140 122 51 145 73 167 85 197 96 132 112 125 27 132 88 123 35 67 
106 60 140 30 63 21 50 46 4 40 138 17 2 8 72 0 16 26 23 56 102 72 81 35 97 63 0 18 0 0 40 6 153 54 0 18 12 12 145 9 6 45 39 77 66 0 56 16 51 14 17 81 31 95 0 90 0 156 6 7 34 49 17 40 131 30 48 8 38 25 0 16 43 4 8 0 0 40 87 10 0 13 63 38 144 76 5 5 0 130 16 78 18 38 43 0 14 155 81 45 94 77 24 87 56 40 70 96 36 29 0 101 65 72 13 0 0 14 84 45 10 99 14 11 22 0 0 9 0 0 67 56 18 0 54 77 155 28 81 77 26 80 0 19 49 111 63 6 81 81 0 26 28 24 70 0 162 52 3 4 49 132 51 53 28 91 183 0 32 35 41 91 104 12 45 42 107 33 24 134 22 56 10 45 9 16 9 28 86 38 97 58 72 56 80 98 49 144 14 14 72 14 91 102 64 5 175 0 122 9 0 112 8 126 77 0 39 0 0 0 52 0 2 0 0 98 4 1 96 0 21 18 34 56 48 7 0 63 109 82 5 24 0 182 88 0 110 156 50 24 66 228 20 72 74 62 
42 46 55 30 167 5 68 30 0 107 115 81 0 69 50 45 1 71 125 25 210 112 57 48 0 0 0 27 6 108 56 0 111 2 44 66 24 47 39 81 63 23 86 48 26 82 83 143 30 44 50 135 149 152 54 52 39 129 6 130 62 0 0 66 46 100 27 56 27 73 26 132 158 68 56 32 46 132 101 36 75 62 59 108 36 46 69 32 172 0 152 49 32 77 70 168 106 92 129 32 17 72 55 14 26 61 14 73 53 71 12 34 45 135 64 10 100 81 26 45 76 51 209 22 33 217 24 0 78 63 121 26 102 158 0 21 69 56 56 96 8 82 29 61 44 135 0 60 112 138 110 58 21 147 30 99 102 81 88 130 112 18 165 88 19 114 205 0 100 27 78 16 18 12 119 15 52 64 124 59 72 42 17 3 63 46 4 100 48 62 69 115 82 179 114 109 0 8 220 37 25 28 42 48 42 141 188 117 106 136 52 68 80 123 72 0 41 36 72 38 96 0 12 117 167 6 33 34 32 70 78 105 0 49 137 32 81 18 64 116 30 174 48 196 0 93 127 0 112 86 27 8 49 98 55 63 
36 0 9 49 35 0 45 49 84 82 87 99 80 90 148 14 80 27 0 35 54 93 22 35 94 48 209 60 41 128 170 0 109 41 81 110 119 0 21 50 71 210 0 108 102 0 20 86 0 9 162 27 18 99 5 0 51 81 54 36 123 45 87 197 56 161 42 103 42 125 6 135 6 32 143 8 188 109 137 45 84 111 60 116 74 96 92 49 61 72 92 110 0 21 64 63 34 54 42 52 0 18 39 120 39 46 91 88 55 105 69 48 177 78 43 0 154 130 0 38 99 105 8 30 83 58 25 76 0 27 65 14 29 83 0 36 0 28 105 100 0 54 126 102 137 119 161 51 87 27 9 0 30 176 108 0 63 98 109 134 82 22 45 93 70 54 48 73 48 66 42 72 0 48 0 63 114 98 66 98 68 79 58 4 36 165 0 42 100 56 63 42 0 146 72 96 121 0 180 119 32 121 25 113 68 121 76 183 63 135 94 121 0 0 73 104 89 69 129 12 95 27 93 18 84 0 62 55 56 0 37 28 24 147 81 6 41 7 119 151 16 77 30 82 0 6 55 107 60 66 150 197 64 37 85 3 
0 36 107 18 0 30 6 18 75 90 0 102 9 78 69 48 37 64 0 12 39 102 60 0 69 18 58 65 0 34 0 40 39 92 0 118 44 18 87 24 0 155 33 63 54 30 9 0 18 36 0 8 0 32 4 62 171 18 4 113 24 12 0 0 24 37 12 21 18 45 99 109 23 36 4 54 36 12 48 14 82 6 37 109 42 81 72 67 54 0 183 81 83 0 84 135 0 72 46 77 51 27 0 107 0 54 8 63 26 39 0 30 0 33 30 3 12 54 6 71 126 71 70 37 54 2 4 0 7 21 42 0 28 42 3 15 0 52 0 15 27 32 30 74 9 72 0 56 42 0 18 18 36 21 17 67 36 90 21 32 88 51 60 3 38 2 0 39 111 180 0 102 22 41 48 0 43 169 123 54 87 0 32 204 42 3 28 13 147 15 108 17 34 48 105 105 0 117 0 0 4 76 103 8 130 27 41 75 70 44 16 50 48 16 56 32 20 5 76 0 87 108 8 81 99 6 63 27 44 72 51 106 56 84 57 90 39 0 54 12 27 52 63 0 12 7 37 138 27 117 15 62 0 48 87 12 
106 58 100 0 181 0 19 36 30 42 55 97 15 12 87 194 67 83 122 56 88 79 43 72 98 0 75 24 101 124 12 104 70 41 56 77 12 31 96 50 8 19 77 120 44 24 68 121 67 87 127 20 98 53 142 48 67 67 109 190 137 45 0 133 78 28 172 142 81 38 73 48 81 53 14 177 92 72 164 54 11 94 71 94 52 4 118 108 169 180 56 9 73 177 93 37 24 118 99 107 73 76 187 99 47 88 56 9 93 45 0 0 49 60 76 91 189 164 48 100 120 6 171 40 57 79 24 0 58 61 135 18 187 24 9 21 45 148 14 226 15 74 85 158 20 67 0 31 195 161 127 82 0 133 162 0 20 120 99 41 160 48 110 32 114 230 69 44 152 125 0 92 149 101 7 134 28 0 131 52 58 40 118 18 32 197 18 55 109 35 36 87 24 46 15 113 119 28 63 43 59 16 146 84 94 15 35 53 126 30 82 63 134 77 142 16 25 164 142 126 118 17 23 75 122 77 170 115 102 24 160 89 18 64 121 27 29 12 18 106 59 195 0 102 49 44 132 119 176 315 9 143 69 129 32 0 
111 6 0 68 86 112 51 99 88 25 28 105 57 28 60 18 39 58 15 97 58 205 237 67 120 42 44 141 0 0 0 15 89 140 58 56 30 12 47 49 70 111 84 22 48 24 29 75 112 243 34 180 153 14 83 36 101 149 145 73 87 132 48 72 55 26 164 11 97 64 28 120 26 93 6 27 71 82 70 100 5 175 68 145 72 156 99 98 34 4 84 41 152 15 0 86 44 18 23 158 64 49 38 94 55 18 70 107 8 24 123 132 13 0 56 135 4 173 34 90 86 133 0 0 272 69 124 25 50 84 115 122 96 37 76 64 122 107 105 50 63 154 84 282 101 29 31 10 169 9 41 65 76 49 44 8 70 12 282 98 113 55 48 109 40 33 40 56 64 228 144 79 144 58 52 43 6 99 106 16 0 97 14 37 15 18 167 27 66 62 217 90 146 41 52 80 61 83 108 101 80 173 12 6 20 16 40 65 131 12 30 129 107 13 121 118 19 55 204 138 31 225 2 7 86 57 68 87 32 146 21 54 33 134 91 136 54 39 155 78 23 75 7 207 35 157 9 34 120 52 101 51 80 141 24 18 
59 0 18 80 94 16 82 7 34 94 58 31 135 15 32 110 48 146 125 25 112 116 176 47 108 49 102 48 109 53 82 0 167 135 76 18 81 0 114 61 27 0 13 80 40 61 63 57 62 151 0 85 112 177 3 50 151 126 121 35 100 23 0 45 85 196 122 68 85 0 9 101 40 94 14 64 39 75 161 81 16 8 175 161 99 10 226 164 134 193 46 72 22 8 33 0 102 64 105 83 32 70 55 27 90 72 105 21 40 140 186 47 134 46 6 0 51 119 0 219 16 108 11 39 125 41 56 68 101 6 131 18 30 8 56 59 12 48 148 70 73 77 0 107 54 3 68 10 123 54 158 136 0 72 142 72 0 30 122 110 80 0 5 124 57 97 128 84 64 158 47 89 7 15 82 0 189 32 49 91 96 29 189 132 7 155 29 82 203 40 114 149 40 183 99 36 18 106 108 75 20 71 0 8 37 0 141 34 195 5 15 168 64 53 72 43 24 42 125 154 65 0 7 75 76 0 29 116 84 6 13 0 81 35 46 8 93 0 209 14 79 119 129 82 191 76 96 67 35 86 68 122 62 14 128 30 
63 144 87 108 124 9 113 42 0 36 108 71 91 149 35 89 56 6 14 36 150 225 39 56 114 9 38 66 59 48 66 104 110 87 64 115 62 24 6 0 43 50 105 122 88 94 36 70 27 165 0 44 41 100 64 61 108 104 74 176 169 184 65 27 90 39 36 35 141 66 30 84 27 22 75 157 73 55 146 94 95 7 163 179 21 106 36 136 168 66 88 18 126 91 14 148 171 2 160 0 61 33 140 107 0 25 224 155 57 0 15 72 43 52 6 107 122 58 72 137 0 78 109 8 155 4 84 72 47 44 80 101 81 55 100 35 202 74 0 85 90 153 107 172 10 104 123 78 128 30 75 41 195 27 59 132 21 12 27 35 168 65 80 99 178 116 204 84 68 106 32 60 71 78 149 0 12 172 33 171 145 15 13 74 70 82 129 39 120 74 97 72 42 62 2 178 50 169 90 112 43 42 126 76 96 0 60 92 18 182 63 27 81 117 236 71 34 111 12 85 102 149 35 0 72 96 146 27 79 15 47 18 0 87 35 27 69 28 60 213 158 86 36 209 68 72 40 53 36 111 6 187 186 145 11 64 
56 112 32 45 98 87 35 32 59 75 2 36 18 26 113 30 12 25 15 4 149 49 140 14 23 54 36 45 72 40 34 24 135 144 81 71 10 21 23 31 96 92 78 73 62 8 44 30 0 136 0 41 16 56 111 24 27 0 15 65 8 0 0 28 13 7 21 86 36 92 4 41 18 0 0 0 48 4 66 0 42 2 29 114 18 56 72 50 12 28 109 0 18 99 16 131 42 45 46 0 59 32 111 0 34 47 22 115 53 5 24 72 8 33 27 18 4 0 4 7 61 54 69 81 36 28 26 33 21 8 42 83 10 18 4 72 104 0 0 188 81 85 60 71 0 82 32 22 42 60 78 12 18 126 75 1 60 16 15 4 182 54 72 45 69 95 122 12 0 99 0 109 3 18 0 66 5 115 54 35 48 20 27 18 12 9 30 14 12 30 18 28 102 51 87 75 7 14 55 0 20 27 33 43 9 0 106 69 28 15 29 72 42 6 73 48 144 74 66 71 32 0 0 84 12 121 81 63 6 8 18 74 7 57 44 9 27 28 6 201 55 218 72 112 9 27 26 49 94 56 37 112 42 33 0 3 
35 70 102 14 47 28 130 146 76 33 154 8 78 36 64 138 38 18 9 59 27 86 35 93 15 0 24 67 45 6 61 76 73 138 36 146 52 154 6 0 0 10 24 30 85 85 102 48 30 80 20 64 10 131 37 158 65 0 5 54 92 15 9 225 0 106 12 78 19 81 113 118 35 19 4 45 23 27 6 48 68 81 103 165 75 72 29 9 127 2 90 6 136 12 96 111 4 142 92 136 58 0 86 28 7 69 27 35 0 93 28 89 13 0 36 63 85 116 74 20 137 16 153 28 159 36 71 0 42 47 104 63 74 36 83 56 120 68 57 102 18 48 57 20 35 107 55 81 113 0 80 76 70 14 32 65 43 113 135 152 35 27 34 12 116 75 39 0 68 32 169 39 51 76 28 87 73 65 148 63 0 77 24 53 76 19 70 144 108 45 155 29 48 68 111 81 60 10 32 20 105 26 114 8 112 38 47 162 153 32 67 72 6 16 100 0 84 4 0 39 79 32 28 105 32 15 15 120 80 146 9 147 8 124 118 75 0 0 155 81 24 101 40 183 68 40 21 164 27 40 0 51 0 112 2 68 
30 67 113 92 68 27 20 15 90 58 0 62 0 45 33 127 36 24 45 17 25 2 40 53 98 1 96 68 102 73 52 221 0 86 39 29 109 176 18 19 41 3 54 140 196 4 77 51 72 88 23 6 0 5 8 0 6 9 25 121 38 56 32 36 2 70 75 69 87 49 44 8 99 0 9 0 0 142 5 0 17 62 18 53 14 0 113 52 33 0 12 53 45 81 24 26 112 30 153 41 94 100 10 33 10 34 131 76 139 31 9 133 81 12 0 83 63 84 90 98 24 61 62 0 12 32 46 45 36 0 91 12 27 69 0 56 31 59 30 62 66 0 141 82 94 61 118 54 63 0 22 25 73 21 0 132 66 198 6 55 44 28 47 34 215 51 21 12 54 25 7 57 54 44 34 63 87 30 0 75 48 0 65 79 0 31 0 38 113 73 18 108 8 134 3 198 35 76 54 216 9 54 0 23 96 43 49 0 50 173 83 140 81 3 75 45 0 90 82 9 20 0 36 74 28 99 52 49 0 4 8 20 158 34 27 66 24 92 262 68 99 37 30 194 11 54 98 20 116 37 81 70 22 170 0 0 
0 66 48 12 149 14 115 63 95 43 8 166 42 37 128 78 88 146 42 0 0 16 75 0 60 0 78 36 0 15 23 36 91 19 43 165 65 48 0 53 167 45 82 52 132 149 76 13 74 0 18 66 16 34 21 84 62 0 35 88 21 54 73 102 82 81 14 139 16 20 36 76 40 29 83 63 31 9 8 34 146 8 9 25 53 66 167 67 0 3 52 38 80 15 14 59 0 0 112 40 21 14 54 66 134 56 72 47 0 30 84 10 117 59 5 2 0 71 208 44 118 100 39 65 66 77 20 23 109 80 0 100 82 47 12 77 48 69 36 7 0 55 24 45 46 147 96 77 119 68 0 0 9 136 18 35 47 34 52 0 66 12 60 59 38 95 48 0 120 12 75 0 28 91 0 54 182 15 24 12 93 183 2 109 97 111 69 5 171 76 32 82 42 79 19 45 69 217 45 98 24 143 20 48 122 113 81 80 71 84 21 24 59 51 182 88 0 34 72 36 41 105 3 25 107 26 24 28 72 30 8 66 94 101 36 134 0 89 79 20 92 39 75 135 15 94 101 130 147 54 18 111 40 106 45 72 
40 25 28 0 117 11 69 98 111 188 51 0 72 28 99 89 26 66 32 92 43 122 152 92 120 143 108 126 0 199 79 52 15 61 45 0 8 58 32 50 90 106 48 107 175 40 62 20 70 59 42 9 152 80 0 18 161 33 58 58 88 42 56 64 98 81 48 91 52 223 100 103 121 35 62 78 65 109 101 89 83 234 131 0 97 171 160 52 48 65 82 0 172 81 85 3 137 42 125 108 83 169 64 18 76 177 59 64 56 51 62 147 70 70 54 79 46 151 8 9 44 48 0 14 137 33 91 40 33 40 108 154 93 54 91 146 133 56 25 68 172 208 40 66 18 48 40 121 150 105 12 7 0 0 62 36 91 122 118 39 181 116 158 33 74 28 125 103 73 83 146 0 77 10 8 72 42 252 82 241 72 112 44 14 9 26 40 74 176 27 157 116 78 12 152 96 38 61 63 28 38 45 18 36 109 35 21 54 37 27 35 15 61 79 164 44 117 49 52 167 52 46 29 42 49 42 21 75 132 114 116 175 130 117 108 8 102 64 133 42 12 91 108 48 156 132 106 165 141 111 0 302 61 14 136 163 
66 154 85 36 112 0 74 69 104 99 69 162 14 32 81 99 48 18 54 208 64 48 107 60 131 8 2 19 91 116 43 77 125 73 83 155 36 48 50 6 141 0 214 20 72 85 81 93 19 148 105 116 120 107 74 175 141 48 60 123 74 42 43 144 0 173 142 87 97 35 0 111 48 48 91 68 98 87 119 72 86 41 67 36 41 36 108 84 20 299 96 69 51 70 22 39 28 50 17 19 136 100 87 82 127 62 61 129 39 8 54 84 17 78 34 102 62 155 205 90 170 118 48 64 191 80 18 86 77 108 127 58 62 3 117 109 86 65 80 40 42 60 68 290 73 71 47 45 133 66 78 18 47 82 66 0 147 148 70 70 47 120 18 81 177 20 137 63 74 165 36 91 0 83 0 23 0 124 55 0 78 40 32 79 155 92 64 42 46 159 18 25 10 60 0 146 30 91 191 119 45 168 166 167 115 88 168 50 24 111 50 0 24 9 81 67 107 48 22 38 38 28 22 20 46 56 60 64 70 30 55 31 87 207 45 39 111 72 20 58 8 139 1 97 42 65 48 56 151 127 144 102 12 89 0 76 
0 33 39 96 116 13 32 4 0 0 46 0 0 75 94 58 24 30 72 64 35 87 72 0 8 0 21 60 0 9 45 48 129 117 106 10 87 31 20 69 93 81 0 58 99 28 80 29 0 46 25 18 37 73 20 72 30 0 57 79 32 22 120 17 91 16 72 0 14 78 10 113 9 2 70 80 0 0 81 0 28 5 146 27 27 73 48 0 58 0 144 29 48 41 72 51 46 4 3 3 0 54 38 28 78 80 63 36 0 41 105 4 86 66 72 11 32 63 51 74 121 44 103 104 25 72 161 6 24 4 8 108 1 38 15 13 92 21 48 24 0 36 24 0 0 129 20 0 129 102 69 77 104 0 35 8 47 132 36 26 52 108 123 18 0 70 20 5 21 0 0 60 169 16 48 51 43 68 14 30 23 104 65 114 41 0 102 51 68 32 26 12 59 56 90 40 129 54 0 50 27 53 28 8 131 189 6 17 18 59 46 0 9 77 75 24 3 36 115 6 8 48 22 202 38 74 149 0 0 18 80 23 0 74 125 64 98 0 111 140 30 67 0 98 144 48 64 102 154 96 64 81 82 6 0 21 
2 66 1 2 9 18 167 18 0 8 55 71 112 9 50 109 5 54 0 8 54 18 59 4 7 0 137 0 63 9 158 32 54 70 0 96 5 65 93 91 18 20 18 36 175 107 56 18 63 12 30 36 46 29 22 71 13 18 58 0 69 5 32 55 57 151 32 87 42 0 59 25 41 105 64 87 41 24 82 21 2 8 72 28 69 102 28 47 62 63 82 37 137 107 0 50 68 56 83 74 42 43 108 4 9 60 141 133 41 97 2 31 6 54 0 6 48 38 20 113 51 20 41 38 127 28 49 3 80 0 0 40 7 48 91 53 13 49 30 37 0 76 81 41 12 4 32 50 74 69 73 102 48 0 26 55 0 0 0 18 104 12 7 59 78 148 121 90 73 42 56 76 59 0 40 74 24 24 72 200 70 61 102 8 24 50 58 96 196 34 27 120 0 51 77 81 58 36 24 22 70 108 18 42 0 18 177 246 79 7 45 182 9 45 115 70 31 55 85 55 131 61 1 26 93 5 32 72 104 30 57 117 61 78 37 55 54 3 124 39 19 68 0 132 32 110 101 67 63 65 12 47 48 56 104 65 
48 12 49 10 8 25 7 58 3 16 6 114 0 68 9 74 24 58 78 32 2 60 96 27 45 24 0 66 42 16 16 0 111 46 43 44 55 32 0 54 107 49 0 115 58 26 3 0 66 6 4 6 40 16 45 8 8 26 56 0 58 0 114 104 5 36 18 72 18 8 0 80 34 14 70 18 4 6 53 16 40 0 78 34 113 87 75 0 28 51 76 18 10 20 16 26 126 74 0 0 6 10 10 64 82 90 6 0 0 0 117 0 0 36 25 63 90 0 25 18 91 12 32 80 110 24 75 8 8 64 54 104 38 7 0 77 0 0 64 113 89 0 0 18 28 25 0 40 49 32 21 149 6 42 57 12 0 40 63 62 75 21 120 0 93 30 10 0 48 0 56 16 69 9 0 0 47 18 8 52 0 0 10 75 0 111 147 32 67 85 46 20 20 0 45 0 58 14 27 72 4 53 0 6 20 96 14 8 48 15 33 50 36 80 0 120 0 127 80 0 44 72 0 0 4 65 0 20 36 36 16 12 40 36 98 62 57 6 99 3 39 34 117 6 46 67 40 33 0 32 0 43 55 99 70 4 
24 93 142 125 39 31 93 13 27 71 20 5 72 128 20 162 72 53 16 114 105 100 56 15 26 3 81 104 30 54 126 88 74 49 69 99 81 38 81 10 26 42 51 132 43 0 64 167 55 40 193 42 55 65 38 72 96 74 69 36 170 0 34 85 26 166 54 60 109 61 77 12 104 70 99 3 63 85 60 8 12 51 113 62 81 38 78 43 111 76 117 52 59 146 106 80 51 91 116 90 111 32 4 45 23 113 62 2 48 73 30 44 134 18 95 0 25 107 19 100 53 66 18 44 91 142 145 43 50 54 92 22 30 136 16 30 56 12 121 46 43 41 29 88 48 151 89 146 103 54 5 57 190 145 0 27 94 111 9 20 49 62 88 51 131 0 15 84 45 29 0 122 47 76 80 12 240 137 36 144 102 32 0 34 118 94 47 53 82 140 48 107 126 111 70 18 36 37 106 21 34 58 122 9 173 135 31 42 93 90 102 64 33 63 4 114 144 10 105 71 38 8 78 66 59 45 238 163 48 85 76 62 36 52 98 13 112 4 87 135 21 71 48 101 95 89 2 105 74 94 20 100 57 103 107 61 
0 81 10 8 32 5 39 0 72 55 72 20 42 61 33 83 56 74 0 33 27 0 87 28 148 4 0 126 0 36 32 117 0 64 9 9 48 103 107 49 0 89 35 10 0 21 24 26 0 104 24 9 0 36 18 6 119 9 45 131 60 0 54 0 16 59 3 41 18 54 56 0 89 44 131 114 24 12 44 16 103 13 63 77 8 5 42 105 0 51 133 48 142 120 123 128 50 34 101 15 119 9 6 40 57 80 48 93 8 24 9 109 45 3 0 0 10 46 18 166 85 0 133 19 153 0 0 14 17 68 3 42 73 65 12 5 16 8 15 37 51 78 35 132 4 69 36 109 148 78 9 0 0 18 16 3 92 48 0 24 88 24 55 12 120 20 135 94 78 86 1 82 82 16 8 50 0 102 0 128 60 35 0 126 29 32 50 4 207 40 64 75 0 118 57 158 31 52 17 108 57 161 86 60 40 52 93 47 6 45 0 47 7 6 113 98 16 0 127 142 0 117 8 25 216 129 6 6 0 56 6 53 21 192 123 72 32 32 10 6 12 81 2 101 0 80 92 127 74 51 60 105 88 57 0 31 
128 114 48 46 86 15 112 22 56 66 18 23 0 64 78 16 63 0 18 20 40 97 64 32 35 8 36 54 110 40 0 0 94 237 29 38 68 49 45 93 69 27 0 188 60 130 157 48 48 163 12 118 34 115 4 0 42 51 72 54 94 29 0 24 80 41 67 85 0 75 9 94 48 70 24 0 30 53 105 39 64 14 51 54 69 66 119 129 62 75 94 72 0 28 51 48 66 0 160 6 15 32 36 84 43 88 93 54 56 4 57 33 4 6 0 0 77 15 0 166 55 30 72 38 63 16 0 30 139 0 24 40 64 42 42 157 0 27 0 74 134 0 7 76 9 70 96 97 117 92 71 54 0 21 125 72 16 58 80 69 99 60 166 30 114 100 156 96 112 54 49 63 6 56 28 18 60 109 0 4 62 120 102 9 8 12 27 8 197 0 48 34 32 137 0 9 18 20 85 66 60 81 0 71 24 144 148 24 54 6 61 40 27 92 66 15 93 24 45 101 44 24 6 104 12 0 28 105 31 0 42 86 45 0 64 9 91 12 186 42 63 135 0 48 97 99 17 190 83 60 45 72 54 78 39 59 
16 0 81 23 84 108 48 29 43 50 141 0 99 36 14 138 36 42 105 66 36 1 80 76 63 0 128 0 0 147 48 14 65 18 8 61 0 51 18 81 0 0 129 95 45 2 22 113 81 86 30 3 41 8 111 81 6 135 42 33 16 58 12 89 99 93 79 3 16 66 42 76 78 96 70 94 0 39 24 0 0 59 45 170 66 132 0 96 54 63 93 54 78 2 163 69 72 18 24 30 30 45 18 54 47 69 14 27 42 176 128 0 18 48 36 0 72 67 140 102 30 59 182 99 75 79 25 0 60 42 22 24 193 38 154 18 39 16 57 81 37 147 23 49 56 30 0 96 74 46 70 100 42 190 105 105 32 54 47 140 81 6 65 84 63 238 70 0 81 28 127 60 91 84 12 54 72 36 17 0 82 78 25 42 24 72 72 0 96 52 99 70 72 116 24 159 51 0 99 90 34 25 54 138 27 63 68 84 136 81 0 21 8 0 36 14 133 61 120 116 37 62 30 5 0 4 24 100 64 26 67 120 78 57 130 81 6 0 97 20 47 34 27 12 54 21 198 17 102 0 49 86 36 45 107 6 
4 8 39 0 45 155 13 37 36 0 30 22 36 0 48 168 0 59 24 116 6 39 54 64 54 0 102 10 36 51 6 65 24 26 10 3 0 8 12 112 0 33 9 128 40 6 65 36 0 10 74 80 58 40 50 81 0 160 30 73 43 0 0 48 98 91 90 36 9 78 18 18 16 100 14 48 0 45 75 12 65 32 100 16 118 39 18 0 9 72 64 12 18 44 6 118 110 0 82 16 58 102 36 0 32 16 40 91 59 56 0 108 0 61 18 10 6 22 74 78 23 0 83 26 45 117 82 3 20 76 27 18 53 56 121 64 89 0 66 54 8 10 0 56 8 107 82 0 85 89 126 21 0 0 37 161 36 21 18 94 0 14 103 66 8 6 148 0 113 64 16 77 82 54 136 54 0 32 0 0 0 0 0 30 22 44 48 30 31 6 18 4 0 24 48 86 9 36 55 16 51 25 4 105 0 42 4 32 38 0 0 8 35 86 24 0 37 49 88 85 89 0 48 32 36 89 21 135 52 54 98 0 7 30 8 10 3 42 106 10 35 68 66 46 49 15 89 69 41 48 81 42 23 48 32 18 
56 33 163 0 93 25 61 55 71 56 87 70 0 12 21 19 42 25 78 49 22 90 45 54 60 0 48 48 0 44 27 9 88 39 30 228 68 29 113 9 98 47 131 35 33 16 18 0 21 18 24 58 66 140 45 4 0 132 25 14 120 0 0 96 40 45 82 29 78 0 6 1 35 6 74 0 70 60 109 88 48 30 50 40 49 86 51 78 33 66 36 45 16 49 15 93 58 16 8 9 45 24 38 21 81 64 19 0 56 0 0 56 0 64 0 109 8 44 30 48 117 2 38 1 72 79 21 17 60 33 188 55 39 21 12 56 36 0 38 172 123 18 30 69 18 57 134 38 8 5 78 100 135 145 44 16 70 90 35 52 27 130 6 72 94 21 121 12 23 58 66 0 1 8 0 48 129 73 0 0 0 12 81 41 66 35 107 32 77 72 45 32 49 169 0 22 48 83 112 67 76 33 45 22 37 0 94 0 17 50 64 12 40 0 30 0 119 72 0 64 131 86 42 18 24 12 28 35 9 40 0 6 0 101 11 90 73 32 4 67 54 138 72 18 54 74 52 39 28 48 64 45 73 48 48 89 
38 30 41 90 155 18 62 92 36 63 235 125 54 69 56 33 12 0 42 88 51 40 81 112 166 23 97 112 54 122 36 69 50 21 54 99 42 54 35 0 25 59 81 86 63 56 24 61 6 84 37 34 55 0 8 20 32 72 64 146 57 3 61 54 81 154 37 61 131 54 136 54 68 92 55 48 32 77 36 25 9 70 60 45 0 92 54 108 76 109 91 107 30 167 66 91 6 63 132 86 93 16 212 18 36 28 21 118 68 51 0 85 193 113 100 37 24 112 83 143 131 16 137 47 58 11 11 56 45 57 35 24 91 35 10 29 20 0 71 94 72 196 36 97 0 10 5 0 115 63 90 131 0 5 30 31 72 54 35 87 56 15 64 90 79 50 203 100 45 16 50 21 58 90 73 158 68 10 97 153 74 37 6 33 18 39 146 36 159 83 81 40 38 70 87 110 113 54 74 147 24 74 46 36 154 45 54 241 62 17 138 69 52 47 25 91 16 50 0 7 161 22 108 0 83 178 12 9 32 78 0 87 32 72 111 71 45 0 38 84 9 190 89 75 16 132 169 187 116 131 27 182 0 72 18 45 
11 4 27 54 41 27 49 0 51 0 81 197 71 59 57 50 38 24 27 0 103 143 0 50 12 12 103 75 7 9 46 14 142 43 15 104 60 129 62 56 109 49 95 73 33 106 37 30 12 0 138 7 55 45 38 91 41 21 82 95 97 6 6 214 30 71 9 41 14 97 108 62 14 17 96 3 78 55 126 25 58 60 43 85 43 80 55 18 61 50 38 129 42 0 34 116 6 31 209 61 11 106 14 74 51 15 68 49 35 62 62 64 48 33 73 11 13 58 91 33 41 6 76 0 48 72 33 45 99 72 76 0 64 88 25 35 92 0 56 77 63 40 38 107 39 22 0 0 70 50 9 133 12 111 42 86 40 70 160 132 44 37 38 49 26 63 55 24 64 3 108 18 71 42 7 47 5 41 259 56 30 46 2 56 49 51 27 42 56 0 108 40 16 45 75 85 83 69 87 17 0 163 10 87 52 99 59 60 96 167 14 52 45 0 56 29 72 15 37 40 100 56 1 118 118 40 83 136 71 123 43 50 62 36 22 125 25 0 6 47 134 43 73 93 0 69 4 77 117 91 47 32 11 72 26 95 
116 128 0 51 127 24 70 74 27 44 69 164 18 56 163 164 32 79 23 68 11 98 84 30 81 50 58 27 80 86 27 32 162 69 63 25 0 74 94 77 64 31 72 81 108 6 27 83 76 0 121 123 99 146 37 0 20 110 49 78 42 55 93 118 79 47 81 0 88 5 10 60 155 62 149 87 10 28 53 0 91 55 143 49 121 36 42 124 59 26 54 0 28 194 0 30 71 39 126 24 6 45 88 14 91 98 105 10 106 71 162 173 149 75 197 0 59 119 70 82 52 15 65 0 40 111 82 142 65 45 32 80 94 61 56 28 102 76 57 92 10 148 18 96 74 81 141 60 45 39 197 108 57 163 18 27 108 203 99 6 160 131 119 69 66 29 100 94 39 15 35 26 93 0 144 87 40 140 36 96 158 20 51 110 18 93 18 12 0 76 46 0 92 150 14 0 89 137 117 80 165 23 88 46 30 46 103 56 53 84 32 105 92 260 15 21 112 32 99 69 98 0 26 102 111 148 76 5 0 0 6 30 52 63 25 20 30 68 87 18 74 173 33 160 58 15 54 27 84 200 87 301 114 76 54 77 
67 0 155 49 80 6 54 34 13 115 27 18 4 32 4 9 8 37 0 83 34 76 170 0 155 0 62 123 48 8 0 1 45 0 42 178 54 26 10 2 0 59 7 79 8 40 4 0 9 70 0 143 21 52 6 22 85 153 169 68 72 6 82 54 71 24 43 48 131 0 0 17 0 6 56 127 0 78 96 16 2 37 51 54 0 18 75 9 30 102 72 36 75 4 124 24 25 156 0 15 12 0 81 38 16 183 44 0 16 7 0 118 36 20 0 2 7 0 6 161 0 0 44 64 164 33 0 0 0 0 80 14 40 7 0 0 86 42 6 67 0 14 0 72 24 123 87 0 153 94 81 0 52 0 34 10 48 9 24 20 79 18 57 0 0 0 48 28 48 120 0 71 169 20 61 10 71 50 77 124 14 18 1 82 10 9 36 81 14 45 18 42 109 81 52 67 72 74 0 99 86 56 62 33 64 28 18 8 42 0 8 11 8 182 14 66 29 18 83 109 84 25 8 36 28 69 46 48 72 0 13 14 39 88 70 6 22 75 12 15 62 127 34 28 35 52 0 24 50 154 10 176 122 6 48 48 
20 79 21 53 25 12 40 91 48 57 96 43 48 67 89 51 36 16 96 36 120 108 33 50 18 0 138 135 52 7 0 100 53 36 20 48 35 48 22 60 36 12 0 77 67 23 18 143 36 48 10 0 44 24 42 105 6 51 72 54 48 22 36 96 110 0 92 18 176 70 25 60 123 1 36 19 26 30 34 6 0 84 86 145 14 40 0 0 93 0 94 8 45 57 137 6 15 114 0 14 28 0 0 0 35 8 48 183 42 120 12 33 0 36 8 48 48 57 27 14 36 55 102 59 54 90 14 35 10 35 18 2 16 75 64 22 104 113 0 56 12 81 34 69 50 36 97 63 20 15 14 78 34 72 58 74 36 52 72 66 72 14 27 36 120 239 169 0 0 34 84 4 136 18 19 0 66 87 148 21 72 78 149 21 0 15 84 42 66 46 134 63 95 99 71 98 29 45 0 68 121 44 36 0 72 6 69 44 63 8 0 0 9 12 68 9 122 62 71 57 119 46 31 23 22 66 48 92 43 132 17 95 0 28 117 11 12 0 106 91 84 80 93 87 20 24 67 63 34 85 7 85 103 24 56 7 
21 45 100 48 78 99 30 18 93 18 21 32 0 3 48 169 8 45 80 88 28 103 17 0 12 0 84 16 33 90 0 91 127 107 40 32 27 42 32 0 72 3 126 198 63 12 23 87 0 48 56 32 24 83 12 15 2 34 45 14 3 16 0 39 72 26 28 0 117 18 86 0 36 73 104 59 0 57 55 64 0 57 29 87 0 3 111 48 96 85 0 150 2 192 84 36 0 77 14 72 0 47 88 18 144 36 10 7 38 0 35 60 135 98 65 16 22 75 109 18 127 5 130 64 81 150 52 21 47 14 162 18 122 101 9 0 139 83 0 12 64 96 81 60 110 87 0 0 6 24 96 0 48 112 72 0 18 83 165 12 76 0 9 7 45 8 34 12 9 40 54 79 4 48 3 61 27 72 81 0 22 32 9 64 8 50 0 0 12 104 81 22 110 45 0 81 51 0 0 97 8 37 35 9 30 8 0 4 0 100 70 16 81 100 95 18 4 8 78 99 56 32 24 51 81 0 50 66 4 72 0 0 48 81 74 90 126 72 81 24 15 78 7 102 69 0 55 27 9 118 18 85 40 56 0 50 
34 39 82 77 99 24 0 32 36 17 83 257 54 66 95 36 45 0 7 54 130 153 54 57 59 45 45 105 6 96 68 52 219 103 42 35 93 14 81 66 154 48 34 45 80 235 35 71 27 129 63 0 73 197 31 54 6 70 48 163 201 37 81 111 48 137 8 59 78 52 72 131 18 17 173 208 58 63 75 0 207 52 82 95 88 81 18 14 8 76 140 8 2 24 39 207 87 26 99 27 65 107 56 44 64 56 8 176 30 40 21 156 0 103 69 13 91 242 84 8 41 121 118 74 0 30 72 85 74 96 15 0 142 16 3 143 118 56 90 38 83 191 53 234 28 97 99 57 39 77 107 79 22 149 14 85 154 210 27 41 97 181 17 82 79 141 122 8 121 45 49 19 80 110 3 56 120 89 60 163 117 43 19 54 76 136 85 0 121 56 94 31 20 94 76 23 132 96 48 102 0 7 42 0 53 135 25 42 83 47 17 18 148 4 180 106 2 14 66 122 83 28 44 81 62 55 103 87 67 74 61 78 9 212 75 90 72 72 79 147 105 108 48 93 63 132 44 164 9 126 78 35 30 171 28 117 
148 44 136 25 171 7 25 80 0 120 25 169 76 82 68 111 90 53 0 42 28 25 27 73 58 74 13 15 78 20 22 64 197 114 82 37 8 20 99 114 59 5 30 63 48 56 42 12 24 34 99 0 127 159 12 30 92 119 45 23 161 84 25 34 88 90 0 88 0 44 41 102 32 80 68 108 20 33 76 78 93 28 32 38 202 85 30 25 148 14 149 42 135 101 23 104 131 18 88 51 33 64 63 127 37 115 60 0 0 52 8 36 36 98 24 25 128 78 84 149 1 30 56 31 110 99 52 36 56 32 72 10 60 32 8 88 97 63 12 98 8 68 4 186 36 72 20 76 28 104 44 75 48 32 99 66 45 92 108 40 148 185 13 0 36 107 84 8 154 102 0 171 32 68 54 35 105 14 117 169 140 43 60 5 58 83 53 120 175 0 23 86 0 69 0 123 42 87 28 2 26 56 30 0 98 46 99 4 76 0 0 94 191 0 39 76 12 66 65 70 46 40 64 50 33 16 82 0 96 30 134 56 25 119 32 39 86 0 66 26 30 114 46 20 68 35 43 180 36 157 32 93 0 120 136 94 
93 32 104 8 140 81 35 76 154 15 87 107 76 0 123 78 12 0 72 97 0 63 96 81 134 45 104 113 72 147 65 79 124 186 60 177 20 130 185 144 136 77 110 86 102 16 147 0 69 110 39 213 20 144 6 38 33 43 32 130 84 64 54 95 77 143 16 14 86 118 76 20 34 76 206 115 8 21 51 0 48 73 100 155 161 107 166 64 65 37 29 101 64 46 157 143 251 64 81 74 79 117 144 99 3 104 71 160 32 110 27 70 55 90 23 203 124 86 130 216 46 34 181 191 116 78 32 24 149 21 161 37 93 128 20 53 214 134 75 307 70 101 64 103 118 168 106 82 115 92 99 72 50 186 80 113 123 145 12 109 56 40 98 129 120 94 60 36 181 211 63 77 126 99 39 136 28 48 49 66 33 100 115 35 59 122 112 245 182 27 75 72 33 80 128 286 87 12 16 132 132 121 55 109 98 25 258 96 25 295 170 278 67 36 9 117 36 187 75 4 88 36 136 131 0 50 44 135 88 15 65 62 109 95 86 76 74 139 202 92 113 106 46 227 151 123 42 163 108 102 14 107 64 40 64 8 
3 18 104 6 87 80 55 0 80 35 27 213 0 54 38 115 18 131 151 16 72 160 107 0 84 0 93 52 0 295 80 161 137 34 59 155 78 69 75 36 26 35 111 58 52 0 64 85 0 104 80 24 53 6 0 36 0 162 76 0 104 8 86 99 24 93 48 97 81 32 36 134 99 31 105 45 3 42 120 8 82 29 124 123 145 81 101 99 0 30 96 60 30 9 128 0 51 0 81 230 0 0 125 32 54 56 148 9 48 84 64 54 86 2 98 12 59 105 94 63 125 0 177 64 80 86 65 4 66 36 166 24 236 121 8 33 81 15 92 78 19 104 0 111 14 35 124 72 60 0 132 165 40 130 78 18 91 120 54 46 42 9 79 45 73 128 40 0 78 146 0 17 8 32 0 27 135 5 102 5 64 133 9 54 34 50 62 96 109 160 48 11 52 111 26 135 22 36 121 161 20 166 36 72 90 126 55 12 146 72 81 32 141 125 49 23 12 29 0 72 66 46 96 74 62 36 121 13 111 77 32 66 43 12 74 79 64 0 0 3 88 145 36 42 191 107 0 31 123 69 3 129 64 68 18 171 
0 90 0 29 98 24 8 75 72 44 137 81 6 12 13 40 120 49 47 144 32 63 21 45 7 0 56 28 0 21 12 77 36 30 0 63 0 13 32 18 12 77 86 0 4 0 0 21 32 0 35 17 7 6 6 0 105 75 43 0 0 71 12 158 0 76 0 0 22 48 34 65 65 35 0 0 0 80 100 15 54 31 115 1 0 4 21 7 12 129 0 0 0 19 72 6 78 3 41 21 35 7 28 81 0 0 36 45 4 4 4 25 29 53 48 19 0 26 122 132 78 99 3 6 110 68 62 20 7 26 17 0 24 53 0 57 47 22 120 7 12 52 0 71 63 66 35 53 68 99 24 3 94 0 48 6 28 30 24 12 22 63 95 49 91 14 68 4 48 52 33 54 0 2 0 21 8 70 28 32 0 4 56 12 0 0 60 36 45 0 36 0 0 66 30 22 0 46 129 22 73 37 129 147 0 12 64 79 6 35 0 54 79 6 13 42 0 28 56 56 10 0 67 80 0 49 21 0 12 0 39 0 9 139 21 80 24 16 40 21 78 15 0 86 122 20 64 0 86 45 3 108 0 46 0 0 
0 0 105 25 111 0 111 117 47 14 48 176 0 18 53 51 14 0 9 135 32 216 64 10 113 112 56 128 32 73 42 65 94 63 133 84 162 14 25 35 127 89 64 73 122 0 57 0 0 20 72 16 65 44 13 0 24 82 0 32 28 0 203 62 79 9 42 157 7 0 35 145 72 12 286 36 54 110 96 60 93 116 118 132 36 24 152 10 65 63 60 108 80 35 28 2 36 51 128 38 35 119 0 64 121 32 58 0 63 30 63 107 80 98 149 85 65 58 49 65 190 61 32 119 55 28 147 39 106 164 120 26 70 95 72 111 69 54 150 77 48 42 63 172 8 56 1 92 3 25 0 114 98 166 89 72 129 100 105 14 18 197 48 36 90 46 7 0 47 8 123 112 119 80 103 51 99 24 125 9 156 38 83 53 123 118 112 48 89 129 95 187 0 77 95 49 127 92 84 176 94 161 56 0 151 118 0 20 120 39 77 24 31 24 58 205 54 41 82 16 61 36 21 77 79 91 86 44 34 0 62 114 123 218 89 89 80 5 110 113 24 185 149 96 130 98 46 12 151 84 18 81 58 87 126 0 
9 0 32 45 5 24 71 45 36 21 48 115 109 20 101 34 96 0 21 129 24 152 27 54 48 0 133 16 56 105 71 134 116 177 38 105 61 0 42 20 136 55 42 47 61 63 138 45 0 88 133 0 31 115 33 0 0 54 32 0 122 1 81 68 9 72 0 79 69 127 17 85 0 38 203 0 9 32 31 121 23 25 36 0 92 8 66 89 12 105 23 56 75 12 0 114 73 0 72 96 91 25 119 0 10 20 188 0 0 24 0 138 116 26 41 48 40 63 74 149 73 22 145 36 88 88 54 45 146 163 157 27 36 166 38 80 0 21 112 129 21 105 7 142 11 22 89 30 11 46 168 104 149 82 9 2 89 79 90 45 81 78 6 96 56 0 93 6 28 176 0 60 0 82 138 82 59 31 62 0 123 3 134 106 108 18 91 87 135 198 0 141 8 0 71 65 28 108 51 42 0 183 57 26 99 39 61 9 45 0 8 44 54 81 68 132 61 14 35 37 69 0 57 104 42 34 115 12 27 69 39 0 35 86 48 32 25 0 30 45 49 205 87 14 25 72 21 52 89 78 82 37 7 98 91 5 
0 58 18 40 42 0 56 20 60 72 1 77 0 18 58 3 0 0 57 0 96 30 104 24 136 100 15 74 84 103 37 96 38 31 123 30 36 44 12 0 127 13 120 22 97 8 77 0 18 106 40 63 167 38 15 75 82 62 88 0 29 24 8 63 55 65 24 93 7 80 10 72 56 37 10 0 28 30 45 0 134 6 46 60 45 139 63 45 39 69 104 39 91 119 21 0 65 22 99 14 115 25 0 49 29 0 8 130 38 8 107 189 40 9 24 56 49 14 147 3 49 36 50 54 138 97 45 6 18 24 68 18 110 15 58 82 122 35 40 10 128 54 51 16 21 126 113 0 209 85 93 142 24 0 30 2 36 82 121 55 75 5 35 24 180 69 78 66 15 24 30 95 71 22 35 0 10 0 51 30 10 0 113 77 133 8 87 83 108 76 0 14 25 32 48 87 43 90 0 54 103 91 0 75 25 47 41 39 0 75 130 12 0 63 62 0 75 71 45 184 22 75 0 14 28 127 142 15 12 0 40 14 46 12 30 57 61 49 51 124 40 89 120 223 56 166 12 73 60 90 55 49 5 12 27 0 
54 110 87 12 20 12 155 0 181 13 51 28 117 18 36 29 0 0 16 16 116 62 75 124 0 9 137 74 30 142 0 106 35 91 39 222 68 19 18 70 66 58 78 43 109 35 0 72 36 34 36 129 158 135 49 54 173 28 41 41 78 0 56 216 50 94 60 0 110 0 4 18 40 43 121 45 40 18 119 81 28 80 112 48 31 164 24 132 8 82 107 3 97 109 82 32 72 82 70 0 42 22 97 10 0 0 56 55 93 78 101 86 105 83 55 18 32 153 16 37 0 22 8 17 169 97 52 21 46 81 80 27 78 104 18 100 72 106 40 116 10 167 70 109 58 113 64 12 64 22 115 14 88 63 7 18 76 111 24 30 109 32 3 99 58 103 161 72 11 60 63 106 72 12 37 84 114 66 117 78 51 39 32 0 36 46 53 42 15 86 8 155 50 152 3 91 9 0 110 24 14 60 45 22 16 22 117 63 88 100 110 76 96 45 86 166 46 35 34 14 26 0 47 60 112 6 39 66 74 97 17 56 31 78 68 61 100 0 154 36 54 46 53 105 86 154 105 1 15 85 126 123 98 14 12 113 
112 59 172 122 285 17 77 85 46 93 102 6 45 40 94 111 20 92 96 67 70 64 34 0 57 5 32 16 0 143 25 115 180 111 77 145 50 40 41 42 26 76 0 237 122 89 57 24 111 96 10 108 79 107 2 8 137 11 78 143 25 66 51 68 135 68 49 75 30 79 45 102 0 18 12 70 43 129 6 94 125 97 73 128 112 145 150 255 69 36 50 155 46 97 0 108 26 144 61 34 138 92 135 24 0 6 36 176 218 66 37 129 211 94 54 126 67 169 32 103 85 76 97 103 50 122 59 63 63 68 56 18 2 86 14 95 2 150 78 31 13 189 81 98 144 83 106 67 33 95 50 37 48 70 136 0 36 20 77 155 203 56 18 89 100 93 56 114 50 179 180 54 25 57 58 52 288 5 32 192 113 44 64 84 63 96 0 66 104 48 65 91 167 145 69 8 18 70 77 22 0 145 78 15 200 64 72 56 179 108 191 46 68 138 108 51 32 135 59 129 25 63 33 0 102 126 55 54 36 54 45 0 209 90 56 0 56 102 104 110 33 178 62 158 7 70 44 136 35 120 0 84 34 139 59 152 
145 62 161 19 1 36 78 79 21 269 54 160 42 22 128 91 42 125 84 54 57 64 146 40 98 22 53 67 60 51 26 101 34 33 79 136 57 96 16 2 57 107 20 190 8 52 132 191 70 87 12 63 34 153 48 120 107 128 136 63 26 48 83 0 45 98 108 93 147 0 58 63 79 124 9 71 112 50 55 101 30 77 68 70 0 66 60 57 41 38 112 73 106 137 75 70 26 212 6 50 32 54 60 156 92 157 76 54 76 155 57 0 108 48 28 12 106 93 22 17 57 98 57 58 205 58 69 79 4 96 32 32 125 110 18 76 11 114 89 10 60 49 88 228 10 227 200 165 210 21 68 8 36 141 83 14 96 76 48 178 138 78 133 43 37 83 35 16 76 126 68 54 96 42 45 15 151 174 154 155 74 65 78 94 27 117 19 44 49 108 97 111 88 165 118 220 68 23 81 107 147 104 61 19 103 44 93 148 89 32 68 149 35 114 25 78 52 46 179 78 52 57 41 18 94 16 82 66 102 66 66 115 69 150 156 18 97 8 45 26 28 84 10 97 55 0 80 58 105 70 194 257 163 80 40 29 
20 41 12 15 11 18 42 19 11 66 36 24 1 125 30 27 45 25 0 13 134 194 35 0 43 0 88 26 8 45 30 198 6 140 69 32 108 114 60 91 77 45 35 28 80 37 88 91 12 71 103 65 104 14 80 112 6 31 0 52 91 0 0 32 144 76 126 30 105 74 63 96 28 64 18 5 0 9 170 6 67 7 87 174 117 102 100 37 66 95 123 25 83 99 24 196 23 153 73 77 12 26 28 8 12 57 32 56 53 54 8 59 60 18 24 25 99 54 70 144 119 0 46 34 59 132 87 0 42 72 50 54 27 137 143 11 74 127 26 64 7 44 121 161 4 38 0 54 76 24 81 57 56 40 16 45 65 51 21 80 36 32 144 16 21 34 68 8 39 22 8 126 80 15 0 80 87 149 93 92 15 46 96 10 120 15 118 122 168 4 139 5 8 5 59 79 45 81 25 5 192 93 9 149 48 54 44 42 19 4 69 79 0 55 79 0 24 127 74 108 120 129 16 129 28 26 69 89 50 80 30 81 24 18 30 8 55 42 128 130 101 96 33 121 92 82 119 124 108 117 89 115 72 110 64 24 
7 8 3 27 10 0 3 23 102 68 84 108 32 22 48 21 0 0 0 0 6 0 165 10 41 4 2 16 89 69 40 5 27 10 57 106 58 69 0 41 62 36 0 14 69 75 22 32 36 86 0 6 52 16 40 28 0 5 46 41 7 43 0 30 24 29 24 20 57 68 80 0 15 0 96 0 0 48 5 0 9 1 28 83 9 110 174 28 88 40 0 62 62 7 10 0 17 18 39 0 1 8 74 24 88 0 0 65 5 126 97 49 43 168 0 26 53 43 2 61 0 6 18 58 54 57 40 28 36 48 0 46 72 30 12 110 40 8 64 41 18 78 4 8 71 16 0 0 24 0 5 16 0 0 8 18 20 7 18 37 81 0 18 12 45 102 8 6 30 10 60 135 48 6 0 0 0 40 48 17 60 0 39 106 0 0 93 74 33 18 0 28 0 65 4 36 75 93 0 127 81 0 4 26 32 40 0 51 44 14 64 115 6 8 0 16 43 38 106 48 56 78 28 20 80 9 0 50 2 0 3 26 24 6 70 96 12 0 63 0 9 93 0 10 0 30 28 24 110 49 3 38 0 80 90 0 
85 15 0 0 37 56 32 12 0 71 30 6 72 0 35 5 56 44 40 35 32 113 120 0 2 51 0 30 0 116 40 86 0 48 8 22 0 86 85 45 82 47 0 0 50 24 37 112 3 8 100 16 4 80 81 45 8 55 0 127 4 6 30 8 56 55 64 50 56 4 21 42 33 45 40 114 32 74 33 28 48 46 78 56 49 36 7 12 73 0 74 42 99 145 43 78 85 0 0 101 0 34 35 40 3 151 26 6 44 46 45 80 0 36 10 15 36 10 54 60 96 44 93 10 0 129 27 72 63 0 86 81 79 12 28 20 0 91 31 175 16 83 32 60 96 54 0 59 96 30 32 20 88 8 11 0 52 6 105 20 100 72 188 0 3 17 30 64 101 22 42 108 72 0 22 56 18 82 112 164 8 71 11 0 0 15 100 48 0 5 73 109 83 77 129 49 53 0 30 55 0 64 56 36 0 16 7 0 19 24 0 104 41 176 51 46 54 10 55 48 24 59 0 8 74 70 64 16 26 128 36 19 26 148 67 84 48 20 12 72 24 125 0 93 15 60 50 29 73 184 48 6 94 98 10 0 
81 0 19 0 83 15 55 23 49 0 36 130 4 5 67 114 28 30 25 0 20 2 50 30 15 24 24 27 24 9 0 76 121 61 0 57 30 6 102 98 15 28 15 70 16 30 57 15 45 0 92 137 37 83 0 27 25 32 68 0 32 0 96 57 33 72 35 21 15 0 40 30 36 19 16 69 35 11 4 45 57 10 43 40 30 30 36 0 10 6 0 25 0 44 3 10 39 26 12 61 0 55 39 66 48 156 11 0 35 86 40 35 66 44 23 5 21 20 45 57 55 5 51 36 18 12 0 18 81 45 40 0 18 18 15 73 136 0 0 102 60 55 9 165 25 154 7 54 136 3 44 20 12 57 76 18 10 62 82 6 56 40 48 93 27 77 86 0 127 132 21 61 116 6 15 126 0 77 153 81 12 126 17 35 42 81 39 90 78 0 30 20 27 40 0 27 34 27 96 16 35 105 45 0 5 98 0 44 83 40 43 123 63 44 61 52 18 6 45 12 32 36 153 35 63 29 76 79 15 0 27 0 9 27 60 159 76 27 47 15 79 18 0 63 78 5 16 51 72 89 71 97 18 21 24 7 
39 0 16 21 0 15 107 124 0 2 126 7 42 149 16 9 15 0 0 20 66 94 44 35 85 15 89 0 47 0 0 0 0 108 41 18 125 103 0 20 0 67 12 0 45 18 42 174 45 80 3 45 0 40 0 49 0 55 25 49 87 91 24 191 59 42 108 47 50 40 28 73 45 5 110 5 50 40 42 0 77 0 0 91 66 51 0 151 49 9 109 6 46 0 14 55 111 0 68 28 14 27 0 100 45 0 91 35 45 9 39 132 0 72 25 0 58 78 49 79 9 30 72 56 51 63 15 0 75 18 54 9 0 47 44 12 71 139 0 102 2 9 90 85 18 37 139 49 25 78 51 92 79 0 64 45 0 15 0 94 12 0 30 45 54 24 97 8 3 51 58 0 59 0 26 0 0 111 0 0 0 63 134 31 12 10 74 30 144 16 112 21 60 76 0 9 54 123 79 61 122 3 0 0 66 73 50 54 42 56 35 12 0 73 40 7 182 47 131 63 28 72 40 32 5 168 0 49 35 96 0 107 30 7 22 0 42 119 157 14 126 174 72 14 0 14 44 123 32 73 41 109 40 25 111 0 
0 0 18 12 46 0 0 44 42 50 116 20 0 0 44 0 8 32 4 64 23 32 35 36 89 0 22 36 10 14 24 66 81 0 36 10 40 44 6 0 48 80 41 0 47 64 0 6 18 12 32 0 7 64 2 14 63 108 30 95 4 65 10 53 0 16 2 14 0 44 42 71 53 0 121 80 80 28 16 82 53 112 9 8 12 26 14 30 44 56 54 14 47 66 0 100 28 35 74 43 58 40 14 36 0 32 15 95 18 28 4 87 54 91 0 68 0 23 108 29 80 36 61 24 2 14 22 0 12 34 26 0 30 11 27 36 1 0 40 0 35 42 20 28 52 0 121 60 16 5 0 8 54 0 12 72 21 115 3 54 32 7 8 25 48 43 7 45 77 54 4 12 0 30 16 60 74 15 30 160 67 39 0 42 60 8 0 10 103 12 0 37 24 51 42 78 42 66 0 55 8 10 84 24 10 13 7 44 15 63 43 59 112 36 2 69 18 42 0 0 35 30 37 16 50 50 37 0 8 26 48 32 50 117 91 48 28 0 20 18 34 59 24 24 10 62 88 23 54 7 76 115 13 56 71 0 
116 24 111 144 149 81 45 27 7 9 8 58 6 58 86 18 127 9 20 45 72 141 8 0 63 83 65 8 143 30 0 67 45 94 128 113 0 34 132 109 22 9 92 181 33 61 27 0 0 0 111 72 36 52 81 127 0 91 90 20 80 4 0 6 107 46 42 133 71 0 28 0 0 66 13 39 54 27 33 52 1 33 51 158 162 12 83 0 27 57 155 149 14 87 39 62 94 24 108 46 45 65 24 48 54 21 3 120 40 58 17 56 0 97 38 0 20 28 14 2 7 4 3 97 27 141 0 33 135 8 24 48 42 47 75 58 101 10 0 92 0 35 6 67 58 27 36 12 18 36 27 41 123 54 135 88 12 11 107 0 90 0 102 35 0 50 24 36 9 26 14 166 81 0 0 18 125 44 165 52 18 50 69 66 54 10 75 0 53 9 60 48 120 62 82 75 129 9 150 3 9 78 18 56 51 0 39 48 68 0 5 32 36 17 19 10 6 11 86 53 90 0 0 54 9 77 133 82 12 85 117 48 129 26 29 42 45 32 56 60 30 99 181 0 0 63 18 72 79 170 50 27 6 64 81 96 
16 1 13 49 110 0 108 66 0 1 81 74 24 0 97 32 10 0 47 50 64 57 54 57 105 102 0 36 66 0 6 16 44 97 62 29 61 7 100 0 64 29 21 9 40 48 35 40 1 30 56 89 70 24 4 84 27 184 14 8 52 55 24 0 71 87 74 160 10 8 7 42 0 0 7 25 12 40 28 42 0 15 75 72 5 99 106 4 43 63 72 44 48 106 0 0 57 18 85 20 18 47 6 167 1 14 0 28 0 45 0 125 40 72 66 15 4 36 102 79 55 85 0 114 146 36 15 33 56 0 25 10 95 20 36 57 141 0 41 0 29 44 0 46 35 113 67 45 47 27 0 56 120 0 75 0 56 70 9 66 0 32 0 25 1 92 35 4 2 0 6 100 174 62 47 30 86 0 73 0 16 28 65 51 57 30 5 72 45 0 9 5 10 92 64 113 5 54 52 85 115 66 45 66 34 48 27 106 44 2 44 4 59 94 61 72 45 25 28 22 18 0 0 9 15 73 122 7 91 5 21 30 47 65 35 8 0 117 35 42 47 124 100 99 54 28 35 44 156 118 52 123 24 42 52 6 
33 16 45 56 63 105 9 94 103 46 60 110 0 21 67 48 10 1 9 66 120 94 87 0 27 54 90 15 102 64 30 63 0 100 111 167 25 45 48 90 67 130 97 120 128 70 71 65 0 56 45 94 95 27 86 66 106 36 99 83 20 21 0 60 70 19 85 89 104 45 40 144 14 20 21 76 63 32 20 52 8 62 10 126 70 94 89 0 145 151 144 30 118 187 70 42 114 40 52 15 82 27 12 6 1 35 5 82 15 102 0 131 47 142 81 29 47 30 10 50 86 0 69 103 158 35 27 9 29 64 0 34 19 125 51 12 57 69 61 93 51 52 50 117 40 37 0 0 149 43 128 94 192 70 47 0 0 59 101 73 149 54 21 55 0 86 0 32 0 77 28 184 134 0 24 49 151 66 86 12 16 19 108 9 75 0 89 84 120 45 27 60 136 6 178 0 151 13 0 5 58 51 42 81 89 12 9 122 0 0 40 56 63 56 20 84 40 8 135 167 102 82 12 67 13 35 191 102 3 12 52 15 10 34 9 25 8 36 0 203 156 175 84 207 0 28 110 91 138 287 90 71 8 16 69 48 
17 126 103 0 103 55 56 80 30 23 112 183 78 12 62 82 57 85 32 25 90 139 101 33 0 19 165 48 37 56 58 43 50 119 85 52 76 95 48 70 88 54 43 191 68 44 172 89 136 33 84 2 45 128 36 108 67 71 104 0 119 4 80 166 46 78 195 0 91 27 56 64 88 49 104 61 21 112 128 27 90 104 170 97 45 109 72 74 87 10 76 33 6 103 48 20 55 6 72 74 10 96 7 8 104 72 99 90 47 67 54 97 0 0 42 0 40 135 27 68 8 55 22 24 41 118 41 155 86 95 72 32 56 104 9 119 54 47 80 77 56 44 80 71 48 83 56 181 123 81 43 56 42 57 78 84 60 92 39 7 186 108 40 51 219 107 252 32 27 84 36 12 68 34 64 69 46 49 32 183 16 89 156 7 16 32 54 18 220 15 90 81 99 157 39 93 180 52 112 157 80 40 90 33 34 128 70 124 96 41 52 116 92 63 63 29 82 36 99 61 59 64 36 84 39 42 91 63 17 38 150 72 64 81 186 67 0 36 220 166 81 202 66 111 17 140 52 92 110 73 24 40 75 143 120 12 
0 12 57 52 197 63 131 55 77 96 16 139 0 39 45 148 69 84 24 38 91 170 164 36 80 49 71 64 122 83 50 73 50 52 53 144 128 27 74 96 82 88 30 128 125 136 131 75 15 26 76 124 81 75 15 160 111 149 75 58 85 74 25 147 28 161 61 26 28 63 86 145 32 30 122 40 52 40 52 118 96 0 127 141 35 82 250 63 48 99 101 56 69 141 10 42 73 30 38 48 32 49 56 15 86 68 94 63 57 101 0 62 42 115 85 10 116 111 112 91 109 42 41 75 66 108 57 10 128 232 58 37 25 153 45 121 199 40 100 50 115 46 0 184 27 203 96 75 80 54 123 92 125 77 30 39 98 97 20 41 95 65 46 18 87 116 81 62 92 141 14 55 120 130 56 101 15 107 189 50 105 4 123 132 110 156 0 204 98 58 33 75 50 24 0 65 108 230 62 216 188 89 8 65 62 0 68 24 7 40 76 120 4 66 134 34 117 95 47 57 109 6 131 17 105 80 68 69 59 0 10 45 54 10 176 27 198 106 165 103 95 248 157 73 105 124 47 139 146 139 119 214 44 80 40 38 
15 48 32 0 167 18 36 9 10 0 0 35 25 24 31 12 0 0 0 87 50 107 21 35 42 24 90 0 16 54 12 63 24 29 29 42 41 49 35 25 40 49 24 47 35 12 0 0 54 0 25 8 0 93 58 0 30 109 30 14 44 40 0 35 81 27 110 51 82 17 14 80 54 4 115 8 5 70 54 0 36 36 37 6 8 28 30 20 88 0 36 63 30 0 15 1 8 81 60 25 33 4 32 80 44 0 0 93 72 8 30 0 0 32 76 40 125 25 63 21 63 0 22 0 54 74 36 0 24 80 40 45 18 32 28 43 36 92 88 62 0 20 36 46 81 0 12 30 0 12 6 33 14 46 0 0 41 21 64 0 6 76 28 10 4 82 34 57 0 20 75 10 88 99 104 4 36 63 91 36 6 2 127 8 0 22 4 15 0 65 72 29 46 36 0 0 55 16 12 40 200 69 32 68 0 0 60 6 0 5 96 5 7 32 28 0 2 153 110 18 99 0 15 84 28 18 31 66 0 56 18 42 6 0 0 0 46 0 97 122 0 53 30 0 48 30 133 21 60 16 12 65 157 0 0 7 
22 124 63 0 123 4 33 45 80 25 122 132 0 82 45 123 11 14 0 109 98 84 28 24 30 64 44 70 72 86 100 92 74 103 7 146 0 32 88 4 58 27 97 144 0 134 4 0 0 68 100 121 0 36 82 128 0 14 20 205 150 12 48 46 31 187 6 93 51 119 176 53 38 26 32 127 92 35 32 0 0 48 89 189 99 144 153 78 54 156 27 48 81 138 45 144 183 0 107 137 80 84 102 9 8 15 80 7 130 53 35 99 112 96 63 75 36 73 32 42 28 51 117 26 16 95 48 21 0 30 87 36 30 50 4 52 108 101 95 229 126 99 103 58 41 2 8 80 53 0 33 96 9 72 92 41 0 97 35 42 68 73 72 99 140 12 50 141 72 118 68 71 19 29 117 94 95 35 32 162 81 0 44 0 170 20 19 68 132 122 96 123 69 27 75 45 0 0 41 10 63 44 78 66 5 8 64 48 105 32 65 20 0 129 81 50 122 116 100 16 111 3 16 32 94 48 128 48 192 48 59 35 123 0 72 121 145 102 100 97 95 120 103 70 72 130 120 88 108 48 0 150 64 103 123 168 
65 21 143 4 93 81 74 96 18 60 24 6 57 30 25 87 6 61 10 12 18 118 89 45 203 56 72 105 65 100 0 95 3 21 45 150 100 48 150 22 120 24 141 41 33 10 159 81 0 32 162 180 95 54 27 103 73 166 113 0 36 9 81 34 106 36 107 65 70 24 15 30 30 51 66 72 61 48 87 0 72 86 208 105 8 42 33 51 75 3 45 123 65 45 78 54 45 9 129 166 61 72 0 89 33 206 6 18 90 48 91 81 72 139 111 60 16 1 48 23 73 50 90 91 60 276 51 42 12 24 184 93 85 67 78 4 196 45 108 145 64 69 18 78 40 223 99 36 187 76 81 0 71 180 115 2 0 120 54 3 39 54 16 115 0 40 78 8 64 54 24 33 108 29 45 60 67 104 150 48 78 42 39 170 28 0 43 59 86 0 72 107 104 248 9 126 47 117 153 36 141 146 54 4 75 105 72 32 57 159 96 48 9 88 16 6 102 0 99 28 93 80 105 171 24 148 57 9 64 69 73 39 153 0 66 72 113 99 139 138 89 116 90 85 169 62 45 51 14 97 15 148 67 42 29 134 
80 54 52 80 46 27 64 47 149 62 20 134 87 24 51 76 0 152 28 130 19 130 18 113 50 0 32 80 24 16 58 62 72 191 82 95 102 94 89 55 104 120 88 57 44 80 70 72 144 32 10 2 18 146 20 54 8 99 45 118 69 78 123 64 15 30 48 72 32 66 4 34 181 84 171 18 72 0 102 98 128 3 80 40 0 88 87 48 32 112 98 39 174 146 14 164 29 40 76 30 64 44 24 53 24 16 69 74 0 82 101 49 64 18 60 45 6 0 103 111 82 55 126 11 236 32 112 28 10 78 72 4 67 102 156 56 30 71 54 129 4 78 72 0 14 36 82 113 101 58 44 14 16 78 0 75 58 52 104 90 103 108 142 52 34 97 207 0 158 40 7 94 32 84 105 70 88 145 0 72 117 0 46 83 85 28 70 42 113 42 149 144 20 58 9 117 27 62 40 8 18 247 12 188 58 72 42 9 16 56 44 20 36 20 148 79 54 5 183 117 66 62 44 51 115 0 85 0 53 54 61 101 20 56 9 83 18 56 181 42 65 10 21 166 81 122 163 86 67 153 146 4 169 106 30 48 
32 30 85 36 54 0 0 51 45 59 117 96 44 88 93 62 15 0 131 65 24 81 9 54 94 0 109 79 15 27 114 42 8 180 35 134 43 85 105 27 89 1 0 32 62 79 26 104 5 52 107 6 28 63 54 111 10 154 73 112 72 12 33 72 78 97 58 150 40 155 105 0 90 1 55 34 52 34 79 10 25 52 65 76 172 267 135 26 26 42 86 123 271 32 133 33 80 57 0 33 25 16 111 176 60 81 20 0 18 38 75 70 13 112 0 66 74 142 24 57 29 33 67 66 82 108 111 0 63 12 155 36 78 26 18 0 54 40 93 78 0 183 84 70 39 34 0 51 15 78 60 190 48 65 17 69 49 41 97 171 98 36 74 84 57 183 8 0 35 24 126 167 108 22 51 0 52 0 75 155 102 0 30 162 56 94 126 108 30 35 86 42 41 157 47 161 38 63 0 38 0 50 58 0 103 72 67 38 193 0 10 16 79 20 26 105 145 109 218 180 24 0 20 101 140 0 102 12 71 12 63 63 175 54 111 110 0 54 57 36 59 155 84 18 82 30 36 40 182 152 15 111 18 134 157 18 
101 108 114 42 94 44 95 25 91 17 23 56 0 68 18 103 16 65 121 31 94 34 0 106 84 13 59 150 18 24 76 106 91 85 34 96 35 109 48 66 132 27 123 81 138 59 103 67 0 46 30 126 157 36 44 49 126 19 38 74 73 27 66 40 46 43 198 15 96 60 82 78 47 7 54 0 21 94 116 20 98 95 110 0 68 116 103 78 0 88 65 90 37 168 30 12 36 30 51 20 76 116 81 2 124 66 66 137 108 96 85 89 29 54 37 83 0 48 145 66 69 6 49 34 53 126 40 89 132 72 72 0 41 30 45 92 48 27 117 0 65 150 113 79 3 57 48 57 107 0 96 55 0 24 110 16 109 112 133 14 48 102 148 159 50 94 109 110 41 55 98 119 50 11 108 29 68 44 46 54 24 95 0 86 49 58 72 23 131 39 10 143 15 150 54 90 81 75 72 40 150 169 85 165 80 63 209 30 165 111 36 32 68 27 50 62 97 57 40 54 53 12 21 131 125 62 6 23 118 110 0 42 100 0 136 39 90 32 77 16 0 122 48 141 18 73 59 121 127 20 51 116 37 106 0 144 
10 45 143 87 119 11 0 43 0 75 29 105 0 16 10 40 0 89 0 45 24 122 142 5 92 30 45 75 30 102 45 20 14 50 5 106 113 90 130 80 131 17 18 68 40 40 5 116 56 58 40 63 0 60 6 67 63 137 129 41 10 0 0 57 113 40 115 73 33 40 0 75 52 36 54 40 50 49 65 40 54 9 10 27 45 145 8 28 40 108 78 102 98 128 15 16 10 115 25 100 49 6 12 63 92 98 17 101 0 8 0 111 70 103 0 0 6 45 0 34 6 0 22 5 95 35 20 8 72 88 53 36 91 18 24 124 72 0 81 54 4 4 99 45 30 123 49 0 62 108 95 113 85 130 108 0 81 5 135 30 66 115 13 58 60 94 35 0 10 77 28 23 148 42 44 44 18 48 144 18 0 0 40 35 0 28 0 72 68 8 106 59 0 5 0 0 156 42 53 85 86 99 0 48 127 78 18 131 105 0 29 0 0 73 16 0 21 3 149 106 83 16 35 17 58 119 60 30 0 0 46 36 45 0 20 8 45 91 28 135 4 179 54 52 0 68 24 75 95 150 25 79 4 72 6 8 
75 0 6 94 56 0 63 214 15 63 109 172 0 55 39 64 0 27 56 153 64 28 36 64 60 93 150 27 42 316 114 34 175 87 151 205 76 37 30 67 15 57 0 70 88 120 60 72 65 30 49 76 117 49 68 33 110 45 52 95 129 109 77 65 16 165 111 35 108 117 0 157 0 20 31 64 45 20 23 72 149 39 112 79 56 96 175 0 213 150 48 52 68 54 90 66 30 27 0 77 42 90 37 18 5 58 74 0 61 73 0 51 0 159 0 159 143 119 79 79 119 43 126 16 212 89 30 20 63 119 25 18 50 36 36 94 15 0 12 71 20 9 78 48 50 47 83 0 10 87 30 0 60 31 0 142 21 77 144 7 32 61 20 58 87 37 132 112 52 46 41 66 60 9 81 44 60 144 27 201 115 120 7 112 57 29 45 108 73 97 25 170 118 8 27 32 128 109 15 39 66 75 183 103 136 84 18 39 100 48 20 12 72 89 35 118 50 71 9 32 114 46 74 95 92 67 145 76 37 108 44 0 35 207 94 136 0 0 116 89 98 105 0 76 35 30 118 27 52 119 147 199 55 121 9 33 
56 48 82 25 114 20 70 52 56 45 81 67 32 75 124 124 56 0 91 56 136 67 126 83 108 0 76 64 0 0 21 68 51 84 6 168 82 31 0 163 4 91 31 78 92 65 78 29 45 7 103 184 62 249 34 32 106 243 32 36 0 109 4 136 143 22 18 71 27 51 0 65 0 45 0 67 122 20 147 167 114 0 44 20 90 79 131 168 81 61 75 6 203 115 64 114 60 0 30 67 13 0 77 190 79 72 66 50 24 18 30 32 195 30 54 81 110 82 151 56 141 93 54 76 16 66 70 18 87 97 102 101 0 54 48 45 122 143 56 125 0 78 0 135 71 121 56 94 172 49 18 5 64 95 58 68 20 3 56 91 50 38 98 43 0 92 33 42 45 84 52 40 122 16 32 149 111 21 91 0 0 138 101 93 32 48 96 42 88 103 12 27 46 35 56 66 87 125 0 0 0 40 121 54 59 105 48 44 1 30 90 68 96 96 216 6 58 56 50 93 48 105 42 125 150 11 77 42 40 0 76 6 31 80 0 57 81 45 163 132 62 229 59 133 27 81 141 183 200 105 136 156 79 0 0 26 
55 4 80 10 49 8 14 41 75 53 118 0 0 34 27 53 44 30 49 16 38 2 24 10 10 6 127 28 18 102 35 54 45 49 64 105 20 164 111 29 72 64 24 17 89 40 28 74 53 64 60 18 0 65 14 66 99 4 14 59 66 0 40 165 8 42 144 19 101 18 70 47 0 8 127 36 35 99 39 42 0 93 94 87 102 57 60 28 29 151 9 24 12 15 93 72 61 60 12 21 73 35 0 91 52 74 18 0 52 22 32 86 5 0 3 0 82 44 99 50 35 0 0 9 85 0 44 1 6 42 154 0 95 52 8 24 72 72 32 34 32 58 87 64 28 76 13 72 115 108 48 86 112 63 21 14 60 110 15 45 14 28 78 63 79 61 77 0 64 10 6 115 3 77 67 66 52 98 46 99 45 0 107 36 99 15 13 58 46 54 81 160 10 105 96 76 56 6 27 0 91 22 75 9 55 84 54 47 137 25 85 64 36 128 87 114 91 54 114 67 34 48 8 43 6 0 44 42 0 0 60 12 38 2 136 56 12 85 143 30 57 117 44 116 20 51 0 23 96 0 4 121 73 20 129 48 
0 51 63 70 20 0 66 52 0 38 5 47 18 58 56 9 0 0 42 72 85 82 93 87 81 18 70 132 30 20 81 24 64 66 55 23 35 0 60 12 14 48 3 64 9 81 37 0 58 14 35 0 34 17 5 0 18 48 87 69 76 10 72 15 24 50 57 93 16 84 59 5 0 1 26 15 33 37 67 18 24 9 62 58 2 25 176 11 2 31 20 44 78 33 64 15 115 63 21 36 80 56 52 0 47 21 18 144 23 75 12 112 0 45 0 54 8 39 15 6 0 84 0 82 82 49 32 93 21 9 16 40 55 26 12 24 122 0 11 0 87 113 9 26 94 47 48 68 19 36 0 10 40 44 16 54 24 54 44 3 64 1 0 28 30 75 104 67 43 52 3 47 52 16 11 30 16 9 60 117 10 8 0 46 33 32 64 72 10 29 15 32 66 40 51 80 5 9 0 0 18 107 9 0 6 74 0 0 8 54 40 12 47 39 85 27 52 23 71 63 6 9 47 59 20 0 5 61 92 94 6 0 72 36 119 44 125 72 49 94 103 56 16 90 78 21 19 50 20 34 30 9 27 5 56 24 
3 112 139 14 96 0 18 0 43 37 67 17 0 9 40 58 63 41 108 42 0 44 187 7 182 1 145 30 54 107 8 104 59 51 65 100 58 72 167 77 0 109 96 73 0 30 53 0 84 56 51 72 9 76 82 27 109 204 72 101 125 0 0 26 57 23 171 3 99 44 5 60 18 15 76 93 27 124 101 44 59 23 113 80 30 9 179 37 43 215 83 23 98 5 139 142 133 86 7 42 133 48 108 30 65 71 9 72 0 32 0 143 20 67 31 29 0 12 15 93 29 0 50 30 231 151 86 72 33 40 99 3 87 33 39 42 110 15 6 91 54 2 56 207 79 100 49 72 127 103 87 64 48 109 84 31 32 46 92 0 135 34 8 102 100 7 109 0 5 216 0 39 69 10 83 42 57 89 88 72 60 12 0 62 22 52 108 3 81 50 32 70 42 82 82 48 138 76 0 98 93 104 10 105 57 112 56 37 87 35 35 35 75 63 121 24 27 50 153 132 107 85 23 62 18 113 3 86 23 95 73 16 4 75 28 74 48 57 51 98 22 229 30 12 2 56 0 33 29 136 27 109 24 68 41 52 
77 15 56 2 14 86 55 7 60 22 44 102 4 0 89 111 6 0 96 12 69 59 3 0 7 47 4 0 0 106 11 8 58 34 58 14 8 108 79 95 36 28 54 92 84 35 100 118 0 16 113 63 41 72 30 8 57 85 0 27 2 0 27 102 18 16 6 38 28 5 58 0 36 19 30 72 32 10 115 48 134 26 87 100 99 50 105 20 40 0 34 15 25 124 56 4 3 0 51 26 16 101 44 86 69 76 74 49 0 20 91 32 27 0 2 11 111 30 154 28 147 0 121 28 45 27 14 18 97 0 112 16 10 87 2 52 99 0 0 0 71 28 50 62 78 106 29 12 92 28 25 8 36 62 43 70 47 25 55 29 84 10 98 12 81 36 22 64 75 9 9 7 0 0 65 5 0 2 51 63 44 91 48 7 35 36 7 110 141 172 56 22 107 130 50 42 0 50 0 9 12 138 112 31 13 90 48 32 35 74 129 47 92 27 154 6 0 6 36 54 66 4 2 39 5 42 67 69 56 130 52 40 7 91 51 74 72 14 40 18 52 106 35 92 70 0 0 25 67 28 78 58 75 48 26 89 
95 12 59 83 56 0 46 20 0 70 24 20 0 52 76 116 32 0 12 178 24 93 15 0 66 23 0 15 0 131 0 10 54 6 70 99 80 55 44 26 21 23 18 81 76 25 0 64 66 19 35 88 27 160 17 10 67 108 42 24 144 16 25 7 28 61 29 30 78 10 10 0 56 0 0 0 118 35 10 75 34 11 120 14 37 58 143 56 88 42 72 18 72 53 0 53 63 51 0 8 0 50 40 45 0 63 10 15 0 21 0 65 36 63 87 29 51 66 24 104 69 21 25 92 152 36 85 16 42 0 75 61 32 0 1 63 60 35 0 114 9 67 22 18 0 47 44 28 92 81 0 49 141 45 52 64 108 45 36 52 32 88 134 30 55 104 0 60 23 42 36 22 178 18 1 123 136 10 70 67 21 0 87 63 18 72 71 166 91 56 8 52 98 0 50 0 12 28 26 66 6 65 90 46 4 50 30 40 35 28 24 81 72 86 26 87 0 32 74 61 83 31 45 87 25 8 88 9 45 43 0 0 0 49 65 32 20 36 68 64 43 142 2 58 101 71 48 0 100 233 64 8 26 22 20 62 
41 104 37 73 80 4 0 120 39 36 175 63 72 0 65 35 60 91 100 186 100 8 21 45 111 0 0 48 60 129 85 68 0 40 177 61 56 147 0 27 75 18 30 32 27 72 18 110 0 12 0 0 2 0 6 96 35 72 23 138 72 99 72 7 6 7 0 45 0 88 18 0 95 0 12 72 0 0 74 0 63 0 125 9 18 48 63 87 0 119 32 38 115 0 4 114 191 0 119 0 54 3 38 91 27 0 0 95 2 104 78 127 105 21 8 87 9 103 72 72 12 135 42 24 4 0 90 65 18 18 76 12 93 33 38 51 102 48 183 18 109 139 101 0 84 90 148 56 66 9 108 63 18 49 54 81 63 182 84 59 135 45 60 66 45 99 109 0 71 20 89 67 0 18 27 60 35 0 8 66 63 0 52 0 54 129 35 78 54 3 36 56 105 129 0 93 40 14 0 67 66 26 111 57 2 8 0 0 55 144 7 0 114 16 253 9 65 54 18 75 27 4 28 28 54 21 121 0 0 0 27 0 45 72 95 45 58 0 113 97 36 14 0 81 6 28 72 40 70 28 8 72 27 50 83 84 
80 30 68 5 106 1 80 18 94 93 45 0 33 33 62 106 63 47 93 44 102 0 138 136 72 11 0 75 52 108 98 42 41 46 14 105 72 3 63 49 28 71 24 33 24 92 45 123 63 0 42 110 121 195 57 35 117 143 21 42 73 14 0 166 59 90 55 0 5 47 3 63 127 81 48 35 51 25 98 182 93 43 14 76 36 63 102 141 74 24 254 3 93 71 107 94 114 12 0 3 27 36 44 40 23 7 0 83 33 59 0 54 48 99 0 23 60 108 1 64 0 5 156 1 12 114 12 15 6 95 60 66 58 19 28 45 72 79 24 103 0 36 5 128 7 21 18 130 41 66 50 64 0 126 128 40 100 39 30 66 61 15 36 82 81 132 35 72 38 36 70 48 81 30 147 53 0 23 23 27 141 58 62 56 73 66 64 42 90 57 15 97 6 87 129 98 59 18 67 36 84 43 129 40 18 90 169 20 162 20 0 21 92 72 117 59 146 27 141 177 48 55 40 109 76 3 49 24 0 38 30 85 0 29 88 73 111 56 99 60 29 141 25 9 76 92 38 56 15 50 56 27 80 48 54 60 
75 40 21 0 82 24 56 4 46 56 48 184 24 9 129 78 36 27 57 72 137 163 20 11 58 20 58 80 16 24 4 19 53 86 39 112 59 145 24 54 1 55 28 89 70 36 48 16 72 58 173 54 125 263 11 0 91 106 66 10 86 25 60 115 44 101 0 25 39 52 52 68 138 8 206 11 4 75 175 6 67 76 74 133 27 30 253 69 109 8 59 23 76 43 49 6 55 15 31 125 5 52 75 126 28 102 136 72 41 78 105 94 75 5 44 69 63 100 191 109 150 67 31 80 119 46 18 86 104 22 129 10 15 30 7 75 33 59 112 74 34 170 20 126 21 92 12 30 63 12 19 9 43 100 101 85 82 141 24 13 50 83 135 14 92 12 87 24 87 27 24 18 45 45 57 53 118 90 84 53 113 77 74 20 52 49 63 39 195 123 80 108 30 24 45 4 73 16 34 76 41 75 10 6 64 176 28 39 70 62 110 27 41 45 39 92 69 12 36 57 46 0 56 134 59 42 71 22 138 48 32 117 15 7 79 64 74 0 144 42 8 130 104 108 69 42 91 42 197 57 64 118 104 66 62 98 
34 51 13 15 105 13 49 7 36 1 24 15 2 261 121 83 48 0 90 24 30 126 0 76 174 0 95 126 119 93 157 0 92 69 103 191 34 53 41 20 0 80 8 123 14 60 3 126 45 87 33 50 47 59 0 36 12 9 153 18 32 107 0 6 37 220 0 147 26 175 15 147 18 6 24 77 72 20 149 0 13 43 0 40 68 0 99 146 10 43 30 107 22 112 18 48 46 0 138 38 84 5 0 178 6 3 14 112 91 0 50 146 99 18 73 21 129 166 25 55 59 0 0 28 18 40 16 33 42 35 16 0 3 98 28 0 0 130 24 80 0 8 66 91 143 110 72 112 89 0 30 5 6 15 0 48 57 82 3 143 6 21 48 9 92 74 55 109 0 92 27 0 0 24 0 83 15 49 4 0 6 90 68 83 77 4 27 63 9 94 36 29 86 120 36 48 0 77 0 69 4 38 6 57 3 109 49 58 0 99 115 0 61 124 76 3 111 36 119 199 42 27 0 40 121 0 16 70 0 32 27 42 89 64 18 77 244 91 182 56 50 131 71 35 69 124 22 105 90 78 27 42 77 33 18 1 
85 0 32 40 61 56 32 32 44 20 37 48 24 22 95 54 62 9 1 18 68 26 0 33 35 54 67 4 68 9 49 0 8 72 83 165 12 81 9 2 0 61 67 46 0 0 42 0 0 12 30 24 0 56 11 92 81 14 56 34 16 76 78 16 6 22 21 124 0 82 28 12 54 2 40 72 77 6 18 0 10 38 38 119 107 7 30 79 71 10 91 0 64 49 4 64 14 0 89 4 14 0 12 85 0 0 54 39 8 54 0 54 56 6 29 0 25 5 79 15 45 9 69 63 4 0 40 7 60 18 44 0 12 18 32 27 29 0 111 20 18 115 24 0 52 68 28 12 16 7 22 24 95 56 40 56 42 3 32 43 67 1 136 19 8 14 0 0 22 65 50 57 0 58 54 21 0 14 42 0 18 7 21 126 46 18 36 35 36 126 86 14 104 33 56 16 81 66 32 0 7 54 137 25 42 19 36 85 12 0 0 21 92 54 14 99 127 7 90 21 21 47 14 0 41 0 121 6 12 24 13 48 17 98 2 56 0 0 96 37 30 84 56 72 53 98 6 25 72 88 48 48 0 8 30 12 
20 51 132 36 56 60 50 15 42 82 54 165 40 75 39 27 47 35 111 80 0 26 26 47 71 0 82 81 0 66 16 141 79 130 57 68 35 54 24 77 105 79 93 191 41 22 95 129 0 65 45 0 227 107 18 56 28 151 4 56 61 54 0 48 12 91 89 50 114 27 141 124 102 0 64 42 58 5 37 42 80 103 92 141 157 72 165 53 126 168 100 63 121 142 64 78 61 0 97 177 60 81 20 18 22 35 17 16 16 181 50 33 124 40 128 87 0 100 46 60 97 128 126 35 52 75 6 99 44 76 45 47 27 117 61 117 29 118 119 46 96 62 51 113 0 11 64 24 115 64 83 49 58 155 82 106 32 48 6 36 84 159 38 92 63 113 0 54 63 38 0 99 9 0 99 45 133 48 156 108 149 0 61 64 42 45 125 21 77 112 24 103 58 68 30 117 49 0 35 0 46 81 24 60 81 0 74 78 171 99 60 51 136 5 72 58 4 43 84 85 54 62 44 95 49 35 84 81 11 8 81 135 30 20 109 81 86 40 148 86 170 30 66 38 21 66 81 120 165 27 30 72 0 138 62 121 
28 32 11 8 32 0 18 6 0 28 20 132 97 6 97 18 0 56 72 34 39 37 8 0 75 0 101 76 8 36 8 15 0 106 5 4 28 0 3 16 4 52 18 3 0 0 0 0 54 7 107 18 82 88 1 36 13 32 0 28 49 20 0 135 20 77 48 71 2 12 62 8 32 47 149 24 19 36 44 10 72 76 54 98 12 0 51 28 6 12 11 12 141 72 56 44 40 0 0 71 16 118 29 74 0 39 18 20 0 0 10 32 0 93 13 16 14 91 32 20 49 37 48 8 45 88 0 72 20 26 63 4 21 47 47 30 42 28 15 100 57 106 0 72 44 22 88 12 64 72 24 0 30 100 18 0 40 89 73 10 17 41 44 6 12 17 112 9 42 36 26 19 13 15 11 59 35 28 173 0 94 63 22 48 36 0 124 42 66 0 22 123 39 43 0 72 24 0 121 10 46 30 0 53 18 41 2 39 46 44 3 8 0 12 74 93 0 139 0 2 6 0 36 24 156 63 75 67 30 40 19 39 23 33 35 88 33 48 66 18 53 96 46 72 24 48 58 0 45 120 89 37 0 116 12 20 
103 84 82 20 189 5 62 17 101 104 201 56 23 30 93 74 117 84 56 67 125 72 5 0 74 37 16 56 10 94 1 109 82 106 143 75 28 160 18 6 112 31 68 24 35 57 6 24 37 111 49 9 65 75 24 42 54 2 101 34 0 45 32 83 20 131 142 25 76 17 0 67 0 10 153 80 6 42 135 75 21 91 131 132 25 84 144 93 77 17 0 54 22 88 18 23 61 24 28 0 63 91 98 132 0 111 0 0 25 44 0 73 120 10 64 95 74 35 159 205 65 17 6 22 51 34 69 36 105 0 32 2 72 29 21 82 127 41 36 42 20 202 18 199 63 155 27 62 143 60 6 14 136 50 78 0 127 254 88 45 77 98 99 41 88 0 61 80 53 18 49 54 69 26 153 87 7 141 43 232 24 68 33 80 54 6 42 0 108 35 89 46 56 180 68 70 80 41 49 8 67 71 21 93 35 69 88 37 132 65 26 2 108 106 79 91 0 0 85 50 21 40 49 97 42 30 24 21 8 5 125 106 24 158 140 116 47 25 66 9 27 81 0 58 95 0 79 219 160 93 38 92 105 42 128 8 
84 35 0 0 30 38 58 228 56 64 28 43 102 104 108 102 46 116 18 35 63 136 51 59 32 38 6 123 15 38 103 0 150 36 25 114 56 51 87 20 84 70 4 48 51 42 27 125 0 38 5 6 143 41 36 9 85 53 51 18 54 60 120 121 30 63 31 83 76 0 10 82 45 23 113 78 79 43 15 14 101 61 181 77 19 75 4 51 35 42 84 9 79 32 99 96 127 24 12 85 50 42 12 45 39 18 55 31 12 24 93 169 63 59 47 82 63 130 81 8 85 61 51 35 5 27 108 79 81 30 6 89 76 73 10 16 36 89 144 82 72 34 192 171 25 86 50 10 162 6 6 103 66 124 48 18 133 51 72 16 72 68 96 43 42 57 50 129 94 125 42 161 101 51 5 105 75 4 72 80 29 23 46 53 123 175 112 20 51 59 9 91 100 141 26 105 100 126 0 102 97 48 63 31 42 34 29 74 39 28 51 129 201 134 83 67 61 123 32 42 120 70 28 58 178 73 31 64 0 137 12 20 51 131 108 113 42 21 67 73 73 145 108 69 40 70 27 36 22 113 61 77 56 34 20 0 
70 20 161 6 107 28 21 69 39 46 74 0 63 80 16 29 15 0 9 92 100 84 56 9 45 15 23 24 41 97 63 0 93 205 111 33 30 81 30 20 111 51 21 122 79 165 20 35 0 135 14 15 10 107 0 77 20 43 57 112 10 0 31 36 6 27 56 34 4 98 64 85 0 37 48 5 9 23 147 64 0 0 4 60 95 182 81 14 20 46 96 30 61 76 42 136 20 110 32 28 9 29 51 0 0 40 0 29 66 45 16 21 4 30 25 49 29 112 21 66 153 58 76 146 8 35 32 63 23 0 65 25 46 49 8 109 81 87 32 99 157 41 0 68 0 97 27 49 49 95 78 80 84 35 71 20 42 100 56 16 153 102 61 44 57 146 37 16 71 15 35 60 37 48 95 30 0 193 71 212 30 56 10 15 4 100 25 52 69 55 64 45 58 137 80 25 39 126 6 54 20 96 33 31 64 82 27 90 45 0 110 74 30 91 103 46 67 21 32 4 77 63 14 80 38 16 36 35 82 82 5 101 8 40 152 43 77 47 100 21 74 187 45 74 19 24 4 189 57 89 2 109 84 150 61 28 
28 15 79 128 151 27 107 80 94 101 106 29 64 131 143 68 117 14 0 207 6 144 40 92 70 95 150 97 96 100 48 109 59 83 48 120 131 118 112 35 192 72 46 117 21 0 37 65 31 75 65 72 63 36 6 30 108 87 185 106 48 103 5 191 152 103 14 116 57 202 93 76 27 116 105 134 27 159 150 119 115 231 99 69 30 98 0 59 18 39 18 224 161 65 18 65 0 0 115 127 135 0 146 99 97 37 74 152 45 51 35 122 105 152 48 161 55 90 151 69 65 56 108 16 168 256 139 40 77 112 48 143 124 9 48 155 85 32 97 85 0 197 0 141 227 61 112 49 55 228 70 28 119 10 129 0 8 142 418 84 80 18 29 97 22 64 87 8 27 175 114 110 108 164 41 72 97 106 172 0 4 8 14 77 8 27 107 112 27 69 95 18 84 55 98 66 0 7 135 42 62 206 66 24 88 2 16 81 54 30 69 21 57 77 20 12 0 123 82 80 93 8 88 33 103 127 65 96 40 115 52 62 85 74 87 91 123 0 104 128 72 81 12 104 48 45 86 122 72 44 14 0 38 70 57 40 
77 45 45 63 152 0 43 34 82 15 36 160 12 61 10 109 28 37 24 0 88 94 32 44 64 16 141 68 110 0 59 125 134 99 71 234 165 9 12 117 109 56 30 93 113 49 0 44 36 38 36 60 74 139 9 21 164 123 91 37 48 79 82 217 35 81 52 112 166 51 37 22 0 42 48 86 61 60 47 63 51 60 73 95 0 12 64 103 30 99 36 30 0 226 64 81 56 21 21 128 120 40 54 13 67 10 62 0 107 90 65 109 120 21 90 4 0 129 70 100 28 53 0 50 116 163 105 96 66 127 114 2 20 51 97 64 43 79 81 60 2 66 134 108 126 10 0 0 94 2 6 0 48 28 12 45 60 45 187 15 15 80 76 131 91 63 103 86 40 73 0 111 42 5 15 84 117 28 120 0 36 0 15 17 48 117 108 38 0 90 87 115 42 97 12 18 116 71 5 152 29 35 130 30 25 16 20 57 4 5 0 85 77 72 111 139 63 12 66 9 71 0 24 49 142 0 160 54 16 88 16 0 159 33 132 112 137 48 216 108 34 206 125 84 0 139 77 0 36 39 117 121 20 134 20 34 
126 168 35 133 283 26 33 6 0 12 37 46 21 60 157 149 67 83 21 75 91 160 33 83 90 44 66 101 36 71 127 193 35 75 19 41 32 90 223 73 110 27 39 54 44 115 0 78 9 27 66 40 7 78 21 126 20 62 80 155 93 0 40 36 116 113 92 79 16 87 71 72 131 44 28 111 95 23 40 117 24 68 43 17 36 58 79 0 26 84 36 127 20 189 6 82 245 23 57 57 75 26 128 30 32 78 6 214 67 35 5 84 32 0 18 39 49 83 57 86 126 59 63 18 15 63 60 0 100 110 187 56 66 116 0 32 154 14 57 249 156 164 48 77 18 233 37 87 90 30 75 63 91 102 73 72 81 135 124 95 137 86 88 63 28 202 95 70 212 87 98 29 81 163 126 222 35 121 143 80 0 0 77 81 76 141 41 142 45 72 28 63 97 117 40 66 36 74 36 54 102 124 54 135 95 60 45 45 12 38 148 109 117 72 170 5 31 12 93 99 95 0 141 94 114 80 20 14 63 47 54 0 114 35 123 63 171 124 15 166 55 101 97 186 91 60 66 92 96 122 28 86 37 154 0 138 
0 43 27 9 248 1 35 38 0 35 9 72 8 3 45 42 15 15 0 1 92 64 30 0 5 31 54 27 30 33 38 73 179 48 9 12 72 8 0 60 125 38 0 109 143 166 0 98 0 70 0 17 51 74 4 82 36 64 75 127 31 32 18 31 45 105 14 10 23 18 20 185 12 90 58 64 9 30 6 6 112 15 24 140 80 40 0 18 30 7 161 0 0 55 4 156 12 35 29 3 24 0 140 2 104 0 56 15 103 57 51 27 164 84 52 5 12 178 100 63 71 30 114 81 11 66 44 9 40 98 45 42 97 9 25 82 30 59 72 44 0 27 54 43 42 93 8 0 69 85 150 0 0 24 3 0 59 20 9 75 32 84 32 35 0 88 0 32 40 19 21 26 11 56 37 51 25 69 64 75 56 40 10 0 93 16 45 24 75 24 8 47 0 112 9 5 107 84 7 182 59 12 9 0 53 3 34 73 20 0 6 112 96 49 104 81 2 14 0 82 64 0 33 48 109 23 22 0 75 44 0 7 9 123 63 10 0 72 59 81 40 189 51 15 0 87 68 96 72 37 48 45 3 48 53 33 
37 10 59 0 111 54 106 41 95 46 77 52 49 0 36 29 90 0 72 64 31 82 122 24 11 51 183 0 10 75 30 54 125 154 77 100 24 105 90 96 122 79 42 253 46 0 62 27 45 78 55 50 55 90 9 51 77 36 8 1 35 0 36 36 30 10 9 0 81 60 67 28 2 26 38 66 20 61 13 106 24 9 106 0 73 16 213 25 28 76 39 167 30 46 120 98 143 103 50 0 4 34 24 178 3 56 72 5 58 74 18 5 93 20 24 70 65 33 72 91 93 0 165 47 43 122 14 72 43 91 111 40 78 65 30 114 41 33 12 70 126 107 0 77 18 75 28 90 37 86 83 43 40 62 78 60 12 88 24 34 82 103 66 42 14 36 105 0 16 54 79 86 49 24 54 104 46 190 53 27 56 52 127 77 60 26 119 6 40 86 43 59 52 93 36 155 3 18 54 24 1 64 30 42 75 155 98 28 117 42 51 119 35 0 39 87 62 14 97 49 87 96 12 141 25 15 26 94 15 36 29 54 81 36 75 20 24 24 121 48 72 104 69 99 48 18 16 63 60 128 32 125 0 28 84 30 
13 38 88 10 65 30 31 57 16 14 57 32 0 24 99 14 37 14 102 6 20 3 62 0 53 0 116 77 50 32 28 17 81 105 0 30 62 96 26 14 33 4 18 94 72 58 34 64 12 53 46 45 38 26 8 18 18 55 66 9 25 36 0 54 93 64 14 25 85 111 38 83 0 24 35 72 12 8 72 24 83 35 93 2 27 34 28 99 0 6 62 99 20 18 29 96 102 0 114 48 12 36 14 66 116 99 19 72 0 37 14 48 92 47 24 5 12 90 80 21 14 12 96 43 9 89 11 12 0 36 44 81 43 49 12 43 90 20 0 48 19 99 54 72 50 48 28 37 20 12 40 8 12 15 40 23 4 2 59 90 33 21 91 12 18 65 103 85 51 14 10 8 57 22 25 54 65 66 54 89 81 84 122 20 54 6 76 3 67 38 7 32 48 39 30 29 79 98 48 22 48 69 18 24 63 8 6 70 47 99 25 36 153 52 115 153 61 22 94 86 68 28 11 0 83 96 4 53 0 0 28 15 14 63 66 0 112 36 36 42 42 21 0 58 18 80 105 212 45 16 16 138 22 88 38 25 
0 30 7 46 193 0 0 77 25 96 173 51 0 0 16 133 6 48 0 147 84 90 45 30 53 0 64 114 51 10 0 66 63 48 40 50 33 165 0 0 54 18 96 80 91 15 24 82 0 158 30 42 159 51 18 54 99 15 56 21 115 94 14 47 82 113 88 67 119 8 54 0 24 46 0 0 18 215 49 0 9 115 114 141 0 21 150 84 150 10 21 104 78 88 18 12 55 57 10 8 13 54 57 87 0 35 42 78 38 0 53 130 93 71 45 64 84 71 75 62 104 30 71 0 0 79 28 15 0 18 142 16 55 18 46 120 15 109 43 72 82 0 101 0 93 28 40 0 119 0 81 6 83 107 0 0 35 199 173 18 128 28 27 61 83 98 77 99 8 48 111 5 7 69 20 35 106 146 84 0 54 21 65 73 20 48 35 0 0 94 72 121 21 87 30 0 74 15 96 127 21 70 0 28 8 45 92 35 28 162 135 0 101 57 40 35 0 93 30 120 54 10 41 18 35 0 64 82 42 56 30 6 38 72 42 75 57 40 93 114 102 30 59 84 35 70 98 63 105 48 15 35 49 105 82 42 
57 18 189 0 31 72 97 44 36 0 21 116 7 41 24 43 43 0 0 32 42 77 0 24 54 18 81 33 16 222 50 42 81 92 76 57 8 110 154 24 23 42 72 60 76 35 0 16 18 60 29 32 0 42 34 24 14 0 14 16 128 0 0 24 38 83 0 56 35 18 0 62 38 16 65 61 8 5 87 24 102 76 73 24 98 126 45 68 0 5 116 103 17 9 96 20 6 0 49 16 76 11 16 116 16 63 8 0 29 133 4 75 32 14 112 54 86 92 90 47 22 51 108 70 102 116 104 0 0 16 28 8 217 59 23 0 177 0 18 30 26 96 21 98 16 34 109 154 0 41 85 63 0 61 18 82 33 160 36 40 0 48 17 32 61 0 42 32 73 79 60 70 69 55 71 10 133 98 70 166 32 52 32 59 0 68 28 57 55 25 71 8 12 105 7 196 72 46 15 64 23 113 0 31 54 8 0 55 182 90 30 39 40 25 125 15 23 24 0 4 4 88 89 63 64 49 65 93 106 0 7 92 98 32 18 0 82 0 88 35 36 36 61 37 83 0 40 162 23 86 8 125 63 133 33 54 
5 0 0 45 42 0 77 80 10 3 138 117 5 82 111 75 5 3 12 82 17 165 61 24 48 24 72 49 22 104 24 65 74 131 50 55 72 128 15 8 98 43 23 18 81 35 76 45 42 16 56 0 8 2 8 48 0 78 0 92 140 0 35 88 48 108 52 41 72 57 63 81 16 40 4 28 10 82 32 50 8 3 77 9 34 52 136 66 0 28 62 16 84 71 0 14 67 1 16 0 61 8 118 0 6 0 67 2 8 89 0 0 56 49 51 43 137 28 49 152 50 24 14 47 67 0 146 37 77 57 62 25 108 123 3 48 10 21 6 42 24 85 0 45 18 24 67 0 40 103 82 59 45 56 11 90 24 122 123 73 40 75 84 76 110 0 97 64 53 45 112 11 110 0 54 61 0 0 14 169 0 0 118 112 15 38 24 20 108 46 71 99 52 56 9 46 0 125 71 77 1 0 75 26 0 0 56 77 17 36 12 0 47 6 14 36 40 24 90 33 49 0 85 54 0 4 27 56 38 18 76 0 93 40 48 101 9 0 83 0 16 118 44 1 121 16 71 150 48 143 16 6 27 97 0 0 
4 76 77 0 33 10 46 35 72 115 39 4 0 48 19 118 32 15 16 50 67 12 44 44 0 76 0 32 64 155 20 100 65 47 0 4 0 57 159 0 16 5 30 83 8 0 57 82 9 53 40 8 109 44 0 114 107 32 64 178 65 21 24 18 16 127 84 10 0 49 72 29 28 90 32 98 42 43 140 0 48 64 104 61 36 81 0 56 32 82 145 18 128 28 108 152 10 92 8 51 82 32 55 6 0 70 26 56 72 52 8 0 32 24 76 0 8 117 10 61 54 20 36 28 153 0 64 0 8 47 0 16 104 135 72 79 63 32 58 56 18 76 21 151 70 219 0 103 97 150 107 0 6 0 28 0 116 127 105 95 36 7 56 4 156 3 101 44 81 159 91 83 61 6 16 0 79 96 66 27 0 8 0 0 8 40 7 212 63 3 88 45 6 72 128 79 36 16 30 36 34 107 47 96 164 27 102 97 33 139 58 59 40 0 111 0 16 0 44 115 40 9 64 20 25 0 20 32 84 104 0 133 56 171 49 0 42 0 73 12 0 38 52 88 63 35 49 157 41 60 96 12 32 58 32 48 
21 16 122 32 97 16 43 0 167 53 193 64 64 27 24 25 4 10 15 15 15 33 177 40 3 27 4 60 85 30 85 104 30 25 27 77 76 4 62 64 93 43 12 66 149 29 51 4 0 113 81 0 82 113 8 17 72 120 45 102 0 45 77 4 21 124 65 28 107 6 106 7 0 40 96 151 123 108 35 120 6 0 106 129 66 40 30 105 83 30 58 42 106 81 92 44 68 64 30 0 43 70 80 32 34 97 33 60 72 93 27 0 5 93 15 121 71 22 22 101 41 10 84 21 65 21 87 4 26 33 64 42 0 113 32 27 40 135 84 111 14 63 62 270 137 68 76 98 10 50 102 81 40 4 59 0 48 33 15 101 135 77 20 0 121 67 63 66 9 75 59 72 192 40 77 0 107 50 18 0 45 16 31 68 45 82 76 113 57 95 21 119 61 129 38 44 126 41 27 56 70 23 97 71 129 25 8 36 49 107 136 39 33 16 64 100 45 16 65 45 18 78 64 16 133 75 65 112 24 0 42 46 72 101 60 55 2 9 12 33 19 69 0 79 20 0 103 82 64 177 74 42 78 20 45 0 
4 26 164 0 92 14 38 48 0 109 8 146 0 86 62 116 12 65 0 48 0 72 83 0 0 18 48 103 147 42 86 36 73 102 42 95 39 39 12 16 18 48 69 71 8 134 0 41 124 50 30 88 22 136 0 110 172 0 106 45 55 40 110 71 64 148 47 104 22 54 39 100 14 9 0 170 20 49 71 88 139 0 98 15 16 126 64 54 53 103 86 0 75 24 71 0 150 142 14 81 0 32 93 32 8 94 43 86 48 48 75 97 36 70 0 64 15 110 33 0 49 0 58 119 41 73 68 7 27 35 29 42 63 3 12 73 81 44 70 45 42 32 108 63 24 50 166 0 35 73 139 122 27 0 109 0 0 157 123 62 120 0 49 178 105 54 63 48 7 203 36 29 53 54 0 18 20 15 99 101 0 30 10 18 12 10 30 85 166 0 66 33 47 0 83 31 114 9 58 76 48 113 62 6 99 116 0 103 56 53 118 15 18 124 12 24 0 101 78 134 90 0 83 0 75 94 79 42 189 18 40 48 27 32 109 96 103 64 101 17 84 66 0 40 36 0 0 113 16 83 6 53 37 61 32 33 
8 32 107 0 132 48 79 227 45 75 9 137 24 122 36 88 12 88 36 134 51 154 73 112 96 16 78 33 8 78 102 18 0 45 40 93 67 28 9 100 80 62 0 80 142 188 39 42 196 9 21 72 0 135 17 27 24 70 72 109 0 101 175 42 136 182 72 140 8 120 17 97 49 34 72 42 26 33 18 62 56 107 22 0 50 164 59 37 101 44 0 28 81 28 0 0 30 112 42 95 24 16 14 0 140 8 158 63 64 85 90 68 143 63 0 65 46 117 22 54 42 0 35 162 92 7 19 62 88 166 64 92 46 70 147 139 26 75 112 32 71 105 93 21 18 0 30 102 50 42 74 20 0 0 18 36 71 9 13 28 56 84 0 24 89 40 38 56 50 48 193 60 122 17 194 24 70 76 42 105 69 116 50 80 45 61 69 123 100 9 125 147 158 62 86 0 132 132 56 188 94 147 88 1 80 43 0 139 18 40 129 4 6 161 25 57 86 123 72 79 164 21 32 0 72 110 55 78 99 96 0 54 29 76 112 76 7 72 179 72 119 195 203 138 146 48 99 36 217 0 21 143 163 12 137 12 
0 27 0 8 85 38 21 43 91 98 57 129 18 6 83 35 99 40 10 84 9 113 96 45 29 9 13 23 32 47 18 115 69 114 25 53 0 68 72 80 125 0 69 119 42 10 43 29 25 193 225 70 110 135 39 108 0 24 76 75 32 0 40 54 46 0 57 8 0 93 37 24 6 15 78 37 72 62 32 18 11 119 124 47 30 0 150 28 4 3 36 14 30 4 14 44 108 0 18 50 60 118 35 78 0 27 15 49 18 118 0 46 0 46 73 89 91 78 72 72 54 0 33 28 56 181 87 81 0 9 12 89 56 8 0 129 21 30 25 45 138 115 0 185 45 55 48 18 45 12 67 60 64 72 10 54 87 220 82 26 129 121 176 63 43 16 71 2 21 12 51 166 52 30 105 37 30 192 36 81 144 55 53 40 0 56 79 9 8 24 52 2 39 44 0 117 15 82 44 101 20 63 39 46 0 76 48 12 18 94 36 39 0 7 8 0 63 51 110 40 7 162 63 115 41 30 39 70 24 6 31 79 30 24 68 26 60 36 80 18 24 59 0 63 65 0 12 74 147 135 117 99 20 171 0 46 
0 15 0 60 42 0 53 63 60 14 18 0 0 81 18 22 0 77 117 0 8 12 79 0 36 0 36 42 50 64 6 20 32 72 54 125 108 10 25 4 6 25 0 41 35 30 90 27 0 4 70 0 0 86 3 0 117 12 61 59 20 15 42 36 50 35 63 16 36 45 8 60 12 35 95 63 81 35 18 0 9 15 65 54 23 105 40 153 120 72 63 21 85 43 88 48 29 52 54 20 0 0 27 47 58 56 63 9 89 74 70 72 33 5 0 0 84 63 45 102 44 24 121 0 78 0 57 0 90 0 54 14 49 7 16 15 0 42 12 0 35 100 0 0 6 28 38 0 27 76 53 35 36 45 20 14 0 27 80 43 102 18 3 54 0 18 20 40 0 25 53 65 62 0 4 0 79 60 17 0 72 27 75 101 9 0 54 54 67 45 16 4 40 123 0 0 0 63 0 40 144 35 60 15 32 22 40 8 147 17 118 24 0 46 25 21 28 21 78 67 0 29 32 63 28 0 0 20 0 36 36 41 80 56 39 97 35 9 121 60 6 72 48 35 10 0 1 33 116 52 30 106 74 2 31 48 
0 65 14 39 38 0 0 42 115 82 62 31 12 60 28 164 0 62 81 24 39 59 48 0 21 28 143 63 0 99 51 82 97 91 4 87 101 8 8 0 90 19 135 201 124 0 32 90 36 167 18 20 40 7 32 0 4 0 112 64 27 14 15 86 14 69 40 27 169 101 24 91 44 75 21 25 16 42 63 0 44 56 37 8 0 49 48 36 91 46 3 36 18 120 40 24 61 98 73 51 126 48 68 48 21 40 24 69 0 0 7 80 98 30 0 12 33 75 8 19 9 44 87 0 35 49 34 64 18 28 43 30 12 56 0 63 27 42 50 46 135 117 158 97 51 37 26 14 49 49 13 7 9 77 0 0 17 122 110 63 66 0 95 89 79 0 113 69 22 38 133 18 3 24 12 26 33 119 81 0 51 0 29 33 39 25 106 0 79 36 107 32 9 62 42 42 80 9 78 15 0 123 24 127 120 42 0 129 0 12 4 54 81 14 121 86 54 20 96 113 20 59 0 8 128 71 7 99 70 93 51 54 76 28 60 10 24 100 101 95 63 62 32 131 32 0 143 62 49 43 0 121 0 96 17 60 
0 143 45 21 110 18 36 0 48 90 83 133 79 6 132 75 36 72 0 16 93 14 93 22 189 0 161 40 97 6 137 128 161 102 24 336 54 0 16 67 30 81 0 155 36 79 65 40 24 0 103 25 30 96 57 56 306 81 60 146 128 0 0 195 83 64 111 109 226 60 12 25 47 77 147 0 165 111 109 0 52 112 245 97 0 24 27 103 121 140 51 105 96 104 102 91 47 156 61 25 117 33 50 0 6 79 16 182 179 89 35 100 63 32 85 5 61 71 16 87 114 0 39 33 294 143 70 99 21 6 50 0 81 72 14 4 12 162 47 84 18 48 38 111 158 195 8 24 97 42 65 49 54 48 9 0 38 65 26 51 32 48 51 73 155 138 77 81 28 192 21 162 90 84 7 51 32 114 209 63 143 18 81 67 66 30 24 40 27 109 87 117 0 40 98 49 7 108 15 88 173 53 105 27 97 81 108 7 81 66 43 112 0 65 84 112 96 145 70 56 205 36 13 60 124 19 82 94 0 42 37 0 77 84 32 51 126 8 84 159 18 216 13 99 16 16 80 7 33 102 48 212 90 30 0 6 
89 21 63 0 94 0 52 0 86 125 28 42 10 0 70 32 54 42 81 30 6 114 193 7 109 0 82 191 18 55 8 40 93 132 93 93 17 54 29 69 50 26 38 126 58 49 65 67 107 146 30 33 68 123 16 32 91 49 78 130 4 72 54 71 129 89 21 49 22 71 35 49 114 61 96 129 3 0 158 0 36 95 48 9 49 37 103 22 0 70 188 16 125 103 142 0 17 113 92 38 0 90 12 66 47 135 54 8 30 24 0 174 138 76 56 49 81 122 19 132 61 0 101 75 80 0 24 0 18 8 96 75 63 25 20 45 47 109 2 12 45 72 69 146 0 84 78 12 111 102 46 21 0 46 91 0 58 41 11 0 70 36 93 0 67 92 67 16 36 138 112 109 104 78 78 0 40 143 133 54 76 70 24 38 0 50 106 42 106 21 42 21 16 154 43 211 19 146 42 92 5 21 34 36 93 0 76 77 48 36 79 24 28 18 0 44 95 27 114 107 36 168 4 50 42 72 86 78 12 4 39 150 26 135 81 112 60 71 165 122 14 68 27 203 55 144 30 38 24 30 81 130 152 59 11 30 
19 22 56 20 80 17 109 88 133 237 104 123 72 73 165 102 0 241 91 24 193 76 119 10 20 127 70 135 66 77 82 42 107 121 24 171 131 28 65 92 115 120 132 89 94 76 46 130 24 34 56 20 190 124 12 14 126 77 54 186 42 31 80 116 95 16 124 122 95 266 66 64 62 70 158 111 56 38 46 45 161 96 80 177 54 207 113 7 36 0 98 104 251 180 96 201 16 32 143 100 20 287 36 83 69 261 69 59 36 36 155 213 15 42 22 55 27 161 85 149 96 89 85 42 102 73 30 97 34 88 87 89 60 115 12 88 31 17 88 131 25 125 232 103 36 83 104 132 110 114 140 120 28 125 62 12 132 207 206 160 143 93 86 66 56 83 156 76 44 39 15 30 79 51 76 58 169 102 34 146 140 89 0 130 98 59 20 81 255 30 155 179 48 152 102 92 139 134 177 80 22 148 8 168 122 67 124 62 80 168 79 62 184 33 131 121 26 63 154 85 96 58 26 163 91 0 42 28 49 150 92 172 91 152 129 62 82 44 77 135 39 56 24 304 49 88 167 102 3 203 257 209 73 116 124 20 
0 0 35 15 41 9 52 90 68 56 30 106 0 107 10 14 102 72 75 114 10 84 32 4 18 18 51 15 45 53 16 43 34 16 103 31 0 70 83 60 118 29 90 85 65 35 35 38 51 64 54 26 44 112 42 23 86 47 106 117 65 84 31 70 44 48 98 33 18 61 0 28 59 42 59 96 12 13 22 82 37 26 0 87 0 55 128 84 170 105 75 89 137 30 8 90 99 55 8 91 8 16 50 0 43 0 122 18 108 120 78 16 32 12 56 85 5 105 155 33 101 20 96 40 103 99 76 0 24 72 0 20 84 28 80 36 57 0 12 25 53 58 0 60 94 96 0 42 48 91 42 24 246 56 14 59 8 66 62 62 100 52 75 12 44 22 82 0 9 37 33 72 28 0 10 33 118 125 98 89 98 43 44 80 28 96 64 72 17 72 30 68 93 112 24 24 66 67 2 156 53 250 110 95 84 28 20 24 24 100 25 44 58 44 158 15 87 20 36 126 33 117 44 38 0 0 60 40 162 84 41 82 6 56 92 117 42 0 69 31 125 106 56 31 28 30 37 16 69 14 4 112 24 105 126 24 
64 0 67 57 118 27 97 24 70 50 6 137 14 45 154 71 0 119 21 130 108 139 30 124 29 24 53 0 105 24 156 174 57 68 62 173 89 100 23 84 112 83 0 190 97 63 36 62 144 4 40 125 47 144 49 30 181 39 104 190 199 107 8 122 2 216 77 193 45 8 123 85 180 112 112 216 78 116 35 126 49 195 0 54 74 166 66 77 191 72 62 58 141 183 92 51 111 51 87 69 73 118 61 98 15 117 35 135 167 20 77 111 56 32 18 76 54 20 83 92 62 0 91 18 156 48 105 33 66 93 30 20 184 67 89 33 80 0 49 133 70 90 126 94 42 78 0 93 33 103 73 0 163 0 82 56 29 124 24 36 39 8 116 32 147 101 110 108 85 35 33 133 163 93 50 36 133 126 69 104 75 143 5 15 45 60 24 26 79 16 60 78 184 115 122 68 93 36 100 80 72 64 37 100 95 22 28 126 54 80 64 102 89 44 48 47 4 79 54 96 102 23 4 17 163 0 126 32 104 64 130 143 81 46 3 27 41 0 184 121 137 117 120 132 51 0 153 52 69 256 67 175 72 95 78 133 
69 69 36 8 106 15 39 26 15 12 164 104 74 36 165 111 67 36 29 0 91 114 24 64 4 0 26 107 27 10 12 32 44 56 24 18 16 32 40 12 57 13 0 178 26 8 53 75 0 14 131 25 68 149 28 96 30 69 73 49 33 16 4 152 92 0 58 8 42 46 84 7 0 98 108 4 45 38 0 0 17 47 216 233 42 72 16 73 66 94 145 93 16 72 67 127 184 16 40 56 0 43 113 48 101 141 57 93 69 8 36 65 36 100 85 91 49 128 0 0 44 2 30 11 49 111 68 81 0 0 40 78 90 56 0 42 82 74 48 90 90 122 23 75 40 55 0 10 48 84 42 212 74 56 91 130 49 90 38 88 81 66 193 12 198 32 81 24 6 0 87 151 38 8 29 28 7 27 28 16 54 29 38 105 6 70 64 48 97 32 102 40 0 101 6 16 54 0 103 31 32 54 16 18 24 70 65 36 36 44 49 22 37 92 24 81 140 138 102 59 8 38 5 22 60 30 34 14 0 36 63 18 42 16 58 2 6 16 90 50 21 140 88 71 6 50 0 34 34 88 60 24 58 82 24 42 
12 6 111 42 37 99 6 0 60 8 1 95 0 99 37 6 118 81 175 47 29 59 6 53 8 0 58 0 0 161 54 24 18 41 73 9 5 83 34 24 63 0 72 50 24 56 51 5 66 16 59 0 93 86 24 18 63 100 53 123 10 0 126 2 67 135 6 76 12 21 71 48 9 0 59 0 0 38 79 18 4 38 0 44 32 100 166 99 87 35 0 84 34 14 63 56 102 12 32 85 62 56 72 48 83 79 107 30 40 86 18 0 117 2 0 54 79 140 68 0 65 49 63 56 86 49 89 20 0 15 122 60 162 35 0 50 151 6 15 4 44 129 0 97 39 6 65 0 83 21 0 0 14 98 40 94 63 81 35 38 36 20 88 47 19 12 4 19 23 0 35 22 144 28 73 66 134 1 27 45 95 126 21 63 0 74 68 0 26 96 126 153 0 126 10 99 103 54 0 125 4 102 9 34 45 70 0 4 49 127 20 48 54 81 132 65 0 40 0 42 48 40 38 45 34 0 8 51 10 30 54 48 78 93 54 49 17 0 61 0 69 12 82 26 122 55 65 67 51 25 36 36 87 4 79 9 
14 87 95 21 48 0 0 54 84 160 6 62 53 25 20 120 68 54 0 70 6 42 116 0 9 4 0 90 6 14 0 67 70 46 27 90 24 28 22 40 21 39 0 27 7 25 38 11 78 53 29 125 40 142 6 93 141 54 21 30 97 20 0 49 74 44 41 5 46 15 8 141 10 0 0 27 89 36 14 84 26 66 98 47 46 46 35 20 14 28 66 0 82 0 3 49 23 109 0 82 73 6 20 49 3 99 16 14 0 29 27 100 54 0 52 80 7 155 25 19 55 0 82 35 187 55 161 14 6 24 31 8 4 9 18 0 76 55 13 40 0 19 0 72 51 178 48 40 113 6 18 1 16 0 2 0 51 104 179 38 107 70 58 16 52 15 22 30 18 137 138 47 36 54 21 18 234 104 136 53 12 5 35 33 0 36 26 51 24 46 137 24 39 26 60 18 0 16 0 12 36 65 28 54 86 32 75 0 54 68 54 43 15 9 16 17 4 4 63 23 87 16 22 102 22 0 84 103 8 0 40 0 6 110 24 56 103 45 126 34 4 3 16 143 100 34 91 34 54 74 90 12 0 58 72 36 
104 39 82 30 51 24 67 56 0 18 141 117 0 99 0 26 169 37 50 84 2 77 114 60 101 17 54 12 85 0 0 59 62 0 51 64 67 81 0 80 173 79 28 56 70 32 35 12 54 37 90 16 130 36 50 18 20 125 54 40 6 220 25 137 86 50 122 6 64 23 0 72 27 74 42 55 4 5 51 8 85 39 20 94 0 69 168 110 63 111 98 18 4 37 58 0 61 48 69 28 8 6 79 106 60 42 49 54 30 86 36 43 15 60 4 20 44 77 220 74 13 82 68 8 81 107 1 0 58 178 24 54 45 12 18 170 0 40 190 74 40 165 8 117 67 34 40 72 46 83 55 4 127 0 88 2 87 16 45 31 92 60 45 40 32 48 52 82 68 62 69 194 32 8 39 0 18 40 36 15 0 40 73 66 24 47 111 34 42 45 8 0 52 53 0 117 212 79 91 155 23 67 117 86 30 3 40 67 34 40 9 47 3 0 68 36 49 37 117 84 52 113 51 31 101 104 0 81 64 0 81 0 8 80 19 59 65 0 120 90 100 103 114 81 28 214 111 145 133 48 27 114 27 43 0 44 
175 17 54 33 147 69 48 126 90 66 74 81 27 163 127 55 74 27 49 4 136 93 157 20 193 73 47 100 100 52 26 77 60 69 111 103 129 4 83 2 6 109 81 47 63 32 33 137 105 104 0 150 137 82 4 44 9 176 37 129 106 28 84 22 220 122 89 51 99 111 27 173 19 77 80 135 91 42 28 46 48 47 66 201 79 28 42 0 24 0 231 44 98 80 105 0 92 21 115 53 44 20 202 63 20 69 65 73 20 3 24 132 112 27 15 54 35 172 4 251 25 102 70 108 126 6 73 8 18 0 100 52 27 13 67 18 151 140 74 100 22 68 119 73 101 88 117 24 177 114 128 112 6 63 147 8 34 54 59 250 134 48 55 78 26 97 41 0 8 44 49 124 212 6 84 77 85 23 99 25 21 35 28 93 74 54 237 15 93 85 53 97 185 309 60 88 16 185 69 116 133 58 81 38 14 12 30 176 57 63 0 99 198 130 54 84 149 18 231 87 78 33 90 61 126 165 69 49 92 95 81 34 23 138 10 27 71 79 156 103 118 206 147 83 16 0 29 24 98 70 93 157 73 82 93 63 
129 28 102 52 56 72 27 77 74 36 72 213 18 51 161 73 141 81 84 188 10 14 0 25 148 24 0 157 28 123 11 9 35 72 64 66 0 4 60 36 67 56 54 47 93 45 0 46 0 12 173 10 54 143 0 4 90 60 163 40 16 6 99 169 88 48 75 83 41 40 45 126 32 112 122 0 16 68 136 32 88 185 140 61 98 54 81 52 54 6 165 10 4 39 53 36 91 63 58 105 0 60 0 44 3 92 20 119 14 37 7 110 0 12 146 44 42 76 79 36 81 87 36 82 24 61 0 81 24 0 25 12 87 7 0 53 42 72 54 18 26 119 7 84 8 0 72 0 8 138 90 63 144 86 110 51 73 188 39 25 23 102 18 27 72 0 56 0 86 96 6 148 97 84 90 12 7 97 36 111 99 21 63 56 7 9 90 72 22 0 35 12 42 163 26 54 0 88 141 54 81 158 102 114 34 57 40 83 0 28 12 20 69 51 67 27 35 20 63 56 50 80 24 0 42 92 63 0 137 40 93 36 3 36 131 118 24 20 217 28 93 55 0 67 18 14 12 188 44 109 73 72 66 69 106 59 
70 45 57 113 33 41 0 72 127 37 24 54 55 12 22 86 58 185 135 6 148 40 43 37 131 10 19 200 36 35 41 88 81 20 64 67 36 76 124 0 77 30 89 86 65 44 103 202 51 51 85 70 87 61 12 42 107 9 46 31 47 12 157 39 42 8 151 72 57 45 33 130 63 69 165 117 50 89 44 78 17 82 28 24 72 72 271 85 71 146 4 75 43 183 57 110 20 151 81 35 20 81 61 109 64 39 73 81 24 27 56 96 272 79 86 176 132 132 105 127 113 44 110 40 64 39 108 45 96 30 91 25 170 60 22 27 59 45 0 15 81 58 24 108 46 3 3 35 100 48 60 133 66 143 43 23 162 28 90 30 134 9 58 44 119 40 69 0 27 130 117 137 28 35 10 24 30 117 5 129 100 68 49 89 48 162 160 49 168 226 63 84 16 137 29 178 71 120 94 208 10 72 117 16 96 22 113 26 54 129 103 112 83 160 140 100 28 98 78 142 76 88 21 15 18 81 9 76 5 0 52 2 76 32 9 91 38 0 144 68 55 112 86 183 52 61 4 141 141 284 142 154 0 136 175 17 
118 0 0 56 21 48 67 74 46 42 0 21 40 69 55 108 115 64 137 60 61 50 0 67 99 0 52 139 31 4 68 0 56 144 64 131 62 81 28 6 35 39 96 92 50 0 56 75 75 95 56 53 61 101 64 41 64 48 179 0 74 6 23 7 16 42 86 38 94 28 30 26 32 9 82 63 95 18 64 25 49 142 104 53 63 76 144 127 26 44 15 56 5 10 6 27 74 24 60 87 88 47 0 96 67 40 112 54 0 6 34 127 33 8 24 99 64 21 71 121 14 29 14 0 125 28 4 0 159 47 83 12 37 71 63 0 63 21 55 66 158 56 98 42 70 65 80 62 141 21 26 121 0 28 98 25 90 8 84 25 26 28 20 12 114 58 62 72 7 28 0 7 183 33 79 62 106 53 107 18 26 18 83 115 4 63 0 12 191 41 44 64 104 15 17 35 134 4 30 72 7 99 64 104 69 1 89 35 88 30 34 59 125 72 39 35 0 94 37 72 78 58 22 62 58 55 91 64 16 80 0 18 115 56 99 122 48 0 174 66 23 16 104 48 21 28 101 109 87 190 73 79 53 51 14 42 
60 20 81 48 45 146 37 29 67 9 13 69 0 145 79 92 27 103 130 55 58 171 66 8 112 38 255 85 115 51 49 49 293 247 57 179 134 25 76 86 173 183 45 152 67 141 34 40 19 78 181 23 12 196 111 54 117 16 126 40 164 72 144 166 74 93 113 4 130 154 55 236 20 17 55 0 8 23 251 0 0 80 113 40 117 18 183 62 145 138 138 43 35 74 135 127 69 63 73 96 21 60 38 46 120 42 28 99 90 186 137 62 42 60 66 25 88 36 175 58 151 50 115 177 134 144 67 10 197 38 55 53 45 32 6 103 135 132 68 147 25 54 35 28 121 70 7 63 70 39 127 70 58 106 198 0 42 38 169 8 64 63 60 22 18 44 111 96 59 92 7 184 183 67 14 79 30 6 112 216 12 66 63 63 23 84 103 8 32 4 123 49 55 42 95 45 127 90 84 104 172 111 195 84 45 103 33 93 126 76 12 122 36 75 35 97 81 92 93 42 160 42 115 71 139 117 66 149 18 34 57 42 6 14 100 95 83 58 121 85 85 97 63 66 115 33 68 126 122 104 33 228 106 67 54 7 
15 51 54 89 54 111 10 21 12 36 46 60 35 40 50 105 93 20 124 82 6 24 0 0 68 0 18 33 52 6 68 28 45 159 49 50 106 55 72 106 95 42 8 132 45 24 18 79 0 29 135 0 4 38 64 26 18 162 16 66 44 0 8 83 17 54 48 19 11 130 97 23 36 24 53 0 37 30 63 15 7 0 116 86 126 80 110 20 8 12 56 53 117 24 16 38 76 8 164 22 21 118 46 14 6 5 36 77 0 70 25 59 34 8 10 37 66 132 80 34 52 74 83 63 91 82 37 4 42 9 30 24 9 15 20 102 0 84 80 37 54 98 79 39 14 40 47 12 47 4 73 72 64 18 71 86 37 100 67 83 76 82 97 33 55 52 50 0 97 27 35 151 19 17 24 20 82 24 69 22 64 28 27 17 24 85 90 65 42 24 16 86 76 83 50 101 46 30 15 10 36 36 107 44 45 30 30 37 45 123 16 32 164 32 125 40 48 41 66 56 131 16 15 0 50 16 119 108 13 16 106 28 16 48 37 72 86 0 73 15 94 83 75 0 113 24 36 92 86 6 24 31 14 43 150 0 
78 2 109 14 173 18 57 45 50 20 35 185 40 42 89 193 8 83 0 95 45 118 87 84 129 28 12 69 81 106 21 0 147 87 24 40 20 37 40 10 123 0 14 147 3 72 95 30 54 0 0 26 68 8 81 6 63 20 63 35 81 77 0 57 18 35 0 140 40 41 24 58 33 0 19 12 17 0 36 69 12 113 92 76 0 78 117 133 83 59 14 5 34 73 0 40 33 0 148 79 51 28 36 126 31 48 5 49 83 87 115 25 144 0 144 36 12 140 17 120 155 54 0 12 81 84 81 79 16 132 64 54 99 78 16 74 24 118 63 86 39 88 0 41 35 15 0 39 18 0 0 0 41 42 98 45 78 53 91 18 18 192 63 8 0 75 6 21 95 63 90 38 18 45 54 117 42 57 68 81 54 8 117 73 12 137 54 0 37 108 39 24 24 53 46 46 100 50 0 70 69 107 69 63 167 0 0 50 4 0 69 46 32 109 95 38 0 60 161 9 81 127 51 99 92 2 43 43 66 32 54 48 123 40 29 98 60 52 78 24 90 82 74 83 90 69 69 21 99 145 6 87 14 78 36 54 
25 6 15 18 101 5 77 146 72 65 39 75 12 0 8 15 4 0 24 64 0 70 35 17 89 47 18 47 28 24 0 8 114 27 62 112 63 74 34 0 0 3 69 6 0 48 42 8 36 159 0 64 147 105 0 27 4 188 81 0 108 46 0 0 0 6 50 24 88 8 12 128 24 5 3 88 0 113 21 96 111 80 65 56 0 33 83 0 56 71 75 60 56 6 0 72 106 0 13 122 72 51 35 18 3 35 30 108 0 0 9 56 0 40 0 94 0 64 46 78 36 85 68 0 183 94 64 35 28 80 35 2 47 9 24 55 98 35 49 49 84 9 4 56 156 64 24 0 150 7 18 21 56 0 0 15 86 21 128 21 0 45 45 19 18 48 0 22 88 32 64 0 32 36 31 12 56 40 156 117 110 14 17 0 75 10 36 30 24 83 56 105 63 24 43 83 45 0 0 98 42 193 23 33 77 80 12 20 48 12 87 0 128 45 56 68 0 54 38 72 65 54 0 47 24 25 44 72 21 72 30 0 2 96 62 56 60 0 51 84 15 107 48 134 21 36 59 0 94 0 6 29 25 153 12 0 
42 63 6 0 66 28 12 13 67 58 77 142 54 18 81 37 40 25 155 35 0 90 108 7 212 0 92 167 0 70 111 9 60 99 42 107 100 155 93 82 36 112 119 51 72 0 22 0 111 105 42 27 149 134 24 65 0 182 70 43 119 15 56 0 40 71 45 48 137 48 18 88 126 24 172 0 143 53 52 40 35 49 175 81 78 114 140 21 106 75 9 36 158 0 78 150 138 113 52 42 130 14 65 54 5 25 14 75 0 90 67 118 2 63 70 71 6 69 57 136 89 54 79 18 109 73 121 6 124 42 32 0 54 58 66 0 63 7 80 60 35 41 95 27 0 73 64 50 113 109 10 70 35 108 0 0 137 25 32 80 195 45 87 73 77 42 28 0 0 0 93 75 0 15 7 90 210 46 155 177 15 93 20 70 108 72 149 120 68 99 46 83 156 106 30 0 124 20 25 101 78 94 15 106 72 8 63 56 56 42 64 134 86 23 94 42 59 166 167 208 114 104 144 137 216 0 15 58 0 48 52 0 57 12 11 102 52 54 117 50 34 196 160 83 134 96 80 49 183 68 84 82 12 90 160 50 
84 0 0 111 142 12 12 27 52 27 37 119 0 90 28 32 54 69 57 0 92 147 33 75 35 33 54 46 50 81 111 0 108 95 32 5 35 0 162 40 13 49 0 60 0 10 34 10 66 126 10 39 8 0 22 0 8 40 201 27 101 32 54 10 134 96 53 78 67 78 0 68 34 104 13 99 36 4 105 63 0 3 99 82 0 87 89 24 73 71 92 93 48 144 102 14 25 2 51 24 0 144 0 36 12 72 24 72 34 18 92 16 42 4 93 7 111 77 72 29 47 107 4 118 140 20 6 40 228 34 0 12 47 117 16 105 12 32 42 0 12 72 51 51 12 111 28 36 72 66 14 30 0 81 108 0 0 6 69 21 132 11 51 16 7 73 35 54 82 171 71 265 27 70 54 181 18 57 60 114 35 133 32 8 36 0 97 12 93 38 45 90 0 198 110 87 0 10 69 32 20 54 0 102 36 54 67 40 54 0 34 48 35 36 8 12 32 65 66 159 60 27 2 46 109 72 68 0 38 36 135 72 57 152 27 88 0 20 89 72 79 124 45 63 112 65 19 86 155 37 45 27 100 8 164 30 
36 42 78 7 52 0 4 90 84 15 81 81 47 53 36 70 30 73 68 23 4 49 27 70 44 19 25 79 140 21 12 52 202 56 7 181 60 52 167 37 80 78 6 87 62 80 21 5 0 4 54 46 36 107 0 67 14 80 26 72 29 118 62 56 35 74 51 81 28 5 52 144 38 48 0 82 30 53 93 14 126 46 27 176 39 39 84 36 164 53 91 57 6 26 14 119 84 64 0 71 90 16 12 93 16 1 109 18 125 71 4 68 0 115 42 65 31 52 150 63 15 123 167 16 14 0 20 0 37 32 30 12 8 9 0 6 209 69 36 94 63 1 33 165 57 107 58 92 42 61 7 119 81 49 18 42 6 11 77 98 92 60 3 14 85 5 33 62 137 66 159 55 72 9 103 15 67 0 89 143 131 16 33 155 110 8 91 77 164 4 69 51 14 82 5 40 54 121 0 72 98 104 107 36 82 20 21 10 63 92 0 110 102 42 22 48 120 96 49 6 60 53 49 86 0 47 21 53 56 101 80 72 98 142 18 212 72 46 69 28 111 41 124 2 48 32 42 13 6 58 9 117 0 93 72 69 
94 0 93 87 48 90 67 44 0 27 12 121 14 133 22 14 0 0 89 36 56 123 250 16 32 34 66 72 122 54 0 4 134 64 66 57 54 24 3 36 29 69 45 9 24 29 35 0 159 62 0 0 71 184 35 36 41 117 208 72 60 52 102 35 24 88 43 0 48 45 6 40 95 58 142 112 79 52 102 42 9 0 30 27 36 100 49 71 26 131 134 32 171 58 71 54 19 40 3 57 12 27 20 2 34 99 45 0 25 6 117 15 0 34 12 23 43 63 78 145 0 18 40 0 194 0 41 39 104 86 129 94 28 76 94 73 77 45 0 109 44 76 18 108 56 2 34 0 71 66 111 0 42 63 43 9 24 32 192 3 140 26 42 27 38 0 155 40 35 121 23 6 69 0 114 6 15 81 15 70 0 27 56 153 9 22 139 40 4 92 82 51 72 110 36 29 130 64 0 65 36 95 78 23 31 0 4 51 0 0 32 16 93 30 154 37 0 0 256 68 46 142 0 23 49 0 106 30 4 12 0 79 6 64 75 206 41 0 211 24 0 104 72 45 44 94 95 10 135 40 118 49 238 52 45 18 
50 36 41 35 156 0 52 134 18 65 44 94 63 66 85 94 87 36 56 100 17 44 51 10 110 13 72 72 175 50 6 59 42 109 114 112 26 176 26 107 56 69 20 36 34 58 8 85 141 126 78 52 72 56 21 34 104 88 37 95 108 168 113 142 34 14 157 22 45 60 84 121 76 56 182 102 8 104 24 56 81 73 61 45 63 51 234 94 35 151 92 29 123 27 44 101 125 0 40 40 43 18 16 6 41 35 101 18 78 133 36 19 18 2 80 127 127 137 111 113 65 80 108 48 112 24 38 25 77 165 55 0 96 95 88 93 36 80 30 54 38 49 23 62 39 35 9 141 81 85 2 28 115 187 63 0 67 149 103 63 46 81 72 48 58 99 103 72 73 88 23 37 15 92 16 110 65 43 9 119 152 10 69 2 54 174 70 22 75 76 97 139 52 32 20 107 102 103 56 247 45 180 24 52 65 45 31 71 61 96 50 30 36 24 188 82 88 9 69 80 88 104 34 20 84 25 89 28 102 18 55 89 12 28 137 46 32 27 153 42 169 110 66 69 8 72 0 108 188 39 32 76 31 202 65 44 
66 0 7 0 0 2 76 147 131 69 81 0 0 50 8 12 4 64 48 24 45 5 84 17 56 20 28 147 5 0 25 113 97 42 14 32 52 46 36 19 99 142 9 15 0 73 12 61 9 69 49 88 69 126 24 51 10 78 5 155 130 0 122 43 40 93 42 6 42 72 63 106 86 2 18 79 43 18 80 120 48 95 3 12 0 87 39 54 114 42 48 33 66 70 48 93 48 122 106 74 58 0 54 60 9 21 81 0 52 63 18 72 154 69 12 45 74 96 30 116 3 40 85 46 102 39 218 0 0 87 0 18 235 75 0 32 80 59 13 0 92 229 16 90 36 55 21 119 18 20 0 8 54 69 61 70 110 35 81 87 24 42 108 15 41 90 185 24 61 36 164 6 158 18 35 74 82 28 59 188 69 15 40 63 33 48 36 49 172 42 151 57 56 0 95 136 12 28 116 126 43 64 69 12 5 76 84 18 149 50 0 46 51 18 89 56 8 33 52 17 111 23 8 25 27 167 17 83 24 16 22 79 58 0 137 90 20 2 42 18 18 24 30 168 161 66 75 48 57 76 40 53 46 111 26 56 
85 36 8 6 16 48 139 51 55 33 52 0 54 74 52 37 54 52 62 18 12 160 157 33 89 56 142 54 0 73 4 32 0 154 0 18 27 78 19 30 42 0 73 21 54 12 12 32 36 108 22 96 100 50 40 0 0 91 92 90 39 0 78 64 50 97 84 38 168 0 12 0 81 36 158 99 56 8 95 0 6 22 82 6 37 72 13 107 12 0 152 9 86 27 134 24 7 0 161 46 50 84 54 0 70 102 36 39 64 84 32 13 6 86 0 2 28 88 14 169 7 68 90 8 92 72 48 6 12 0 58 18 49 51 28 36 0 12 38 128 16 127 0 222 12 16 12 85 48 55 81 24 7 51 0 52 16 86 0 42 88 8 31 58 8 134 104 0 0 58 78 18 108 9 0 47 146 171 60 75 36 19 98 10 14 82 15 1 59 62 80 0 40 159 12 66 36 98 102 42 56 42 18 4 14 1 76 56 107 47 101 28 73 52 10 29 58 0 103 19 69 152 45 54 74 4 0 115 115 0 54 130 72 99 32 6 114 0 85 30 43 51 69 36 115 64 79 61 36 42 24 130 104 48 76 90 
30 129 56 0 142 12 114 48 110 68 96 143 0 35 91 45 12 99 0 60 279 59 74 2 0 59 103 12 181 69 137 56 103 48 79 114 17 59 109 79 94 38 35 132 158 152 63 20 21 0 153 30 23 144 42 54 30 65 63 158 117 14 70 109 0 97 14 104 129 47 61 95 64 36 41 63 90 154 180 26 44 30 25 73 77 17 73 77 114 80 236 22 55 63 24 136 182 33 120 61 23 8 138 66 7 72 60 90 72 95 40 73 30 78 56 28 44 38 27 8 59 10 60 65 0 78 87 31 26 42 51 0 59 36 10 81 21 42 33 9 117 111 45 22 79 82 5 71 54 71 15 9 42 0 126 35 72 106 52 66 30 24 83 19 46 74 110 85 48 18 129 66 80 33 128 7 46 76 132 96 21 0 21 14 88 127 43 21 18 46 31 96 90 55 189 30 65 23 106 56 60 76 66 29 76 67 54 134 42 76 5 40 102 150 54 23 61 0 56 30 105 14 44 106 82 9 136 92 132 0 3 8 18 30 73 45 53 0 61 68 1 166 118 58 36 127 92 21 140 94 5 59 36 36 71 45 
36 139 77 54 8 18 34 42 66 65 83 57 66 42 65 89 66 65 16 57 48 15 14 27 66 4 22 55 18 97 62 113 12 36 23 63 24 29 83 9 36 24 81 41 70 67 98 123 12 48 91 45 35 18 5 99 122 17 203 50 28 6 73 35 36 32 0 52 10 46 6 85 85 71 90 177 62 124 66 50 41 10 175 136 143 201 52 87 56 31 21 24 16 173 0 55 102 91 65 16 95 57 44 76 18 78 6 99 72 63 65 20 53 108 0 32 12 34 12 31 17 0 31 62 147 73 38 0 55 9 88 30 53 31 66 78 112 30 62 25 35 90 18 99 81 164 0 58 218 86 42 62 83 107 64 20 21 3 14 27 190 82 6 31 100 137 30 0 48 0 14 17 110 76 61 102 72 136 49 105 59 39 30 89 133 56 24 190 110 34 36 93 201 74 20 24 56 0 106 38 64 80 30 0 21 123 90 69 148 66 112 25 46 58 26 114 72 72 18 76 35 34 58 0 80 24 95 10 79 28 149 56 44 252 137 79 17 48 120 90 66 58 102 42 41 158 12 114 42 179 37 70 4 92 132 70 
75 14 34 0 66 0 89 49 119 25 72 49 36 117 53 48 60 129 0 6 99 53 151 54 63 53 33 28 90 0 0 56 30 42 13 155 62 0 20 196 134 46 28 81 43 178 161 39 9 58 9 207 20 91 27 0 47 48 76 194 0 18 82 81 120 138 6 42 119 79 83 18 0 27 72 129 61 57 20 108 76 36 7 0 4 107 56 37 56 0 39 93 32 100 36 63 12 48 88 13 20 15 115 109 68 104 42 146 10 99 0 63 102 94 0 27 43 49 8 55 45 0 87 74 2 8 115 4 57 81 0 27 179 74 0 66 85 0 11 42 20 162 13 79 137 167 42 12 160 104 21 33 8 0 163 57 0 56 0 59 8 0 84 35 9 171 9 9 108 20 35 61 311 96 48 111 34 0 36 97 0 121 12 51 57 156 29 29 129 32 40 8 4 50 5 28 108 78 104 68 93 88 99 8 65 194 33 54 56 0 69 79 87 96 74 68 18 81 27 14 45 24 98 93 26 68 8 95 65 0 70 14 82 37 48 0 64 42 90 93 54 106 0 72 109 42 18 53 131 160 101 121 24 10 62 24 
0 54 37 0 30 15 135 54 4 11 15 16 5 12 52 71 20 24 49 28 0 27 73 0 39 0 89 5 47 45 14 71 43 116 31 57 45 76 0 0 86 28 30 55 81 35 0 82 9 58 0 2 7 34 15 11 0 87 5 0 76 2 72 8 17 0 35 0 59 118 6 55 0 40 44 25 0 12 45 47 0 43 61 46 28 18 0 13 0 8 87 21 62 16 6 67 107 3 173 0 25 14 137 54 62 81 20 59 24 76 37 0 9 0 100 21 0 126 86 25 67 0 34 38 59 12 35 6 70 56 65 27 40 117 35 69 32 48 66 115 22 161 65 68 0 11 8 111 15 28 85 66 16 96 55 0 0 55 0 106 0 0 93 15 7 81 0 0 12 0 119 6 65 0 0 7 42 0 102 72 0 24 18 0 12 4 143 22 94 91 95 107 92 0 68 0 91 29 43 39 9 86 0 29 60 36 44 88 28 72 39 8 63 33 103 84 26 59 11 47 44 56 3 32 100 89 23 24 112 10 20 54 48 44 62 37 119 4 31 18 32 58 17 10 55 131 84 12 63 13 0 40 73 5 21 30 
0 65 48 18 0 0 51 20 54 6 15 175 98 0 205 65 0 110 56 0 43 85 32 0 24 0 38 0 0 0 0 116 81 156 4 133 36 0 99 115 53 88 46 94 25 30 32 104 60 28 128 72 84 75 1 79 69 50 16 0 51 22 72 38 69 25 50 30 0 16 9 40 36 86 67 70 74 25 32 54 77 31 74 168 146 0 7 0 54 5 30 76 18 51 0 54 65 86 0 79 24 25 130 88 9 25 83 111 32 107 24 38 48 34 53 32 0 95 10 60 39 0 106 15 119 0 68 45 36 20 112 10 51 107 37 36 30 21 0 64 0 45 0 133 4 32 24 88 129 46 34 0 48 88 50 110 25 82 15 81 112 65 12 193 146 0 97 37 71 0 21 68 25 0 0 0 56 124 20 126 131 89 0 50 66 25 74 0 136 5 56 31 39 204 36 84 15 0 48 102 48 120 0 24 72 38 115 48 0 12 4 200 117 30 48 42 12 71 72 36 10 21 81 74 124 10 10 40 4 30 18 0 27 131 0 66 0 0 87 36 16 71 0 77 0 42 40 0 65 78 88 6 18 45 40 77 
80 12 30 56 142 0 24 20 8 61 33 60 0 90 136 40 48 72 48 40 0 0 35 0 81 32 12 25 113 18 0 18 122 33 100 27 19 72 4 126 0 20 63 151 103 56 48 0 25 67 30 118 39 83 0 39 40 69 35 27 73 0 40 4 54 48 13 0 20 45 0 4 0 23 47 64 32 50 0 20 55 8 2 69 88 21 199 24 52 8 0 16 43 32 12 24 0 14 17 30 24 0 41 2 99 48 38 0 80 58 49 55 87 111 42 33 32 69 69 39 30 5 45 24 24 60 2 12 87 6 7 48 36 38 72 89 33 35 31 72 0 35 9 35 75 52 50 88 141 0 4 31 81 144 4 16 0 29 63 46 152 0 54 85 20 59 63 32 30 20 8 45 0 0 5 64 174 19 25 89 178 148 14 10 6 64 0 39 74 32 0 154 79 89 6 0 112 36 54 107 0 24 61 4 54 89 16 48 0 0 0 149 113 44 175 0 0 0 30 64 12 6 53 35 98 0 65 0 3 0 10 0 39 56 30 45 11 8 27 6 0 50 4 42 6 0 89 72 98 56 116 78 0 49 112 124 
73 18 82 73 127 31 37 77 14 119 5 210 72 60 91 83 33 42 18 179 111 213 129 90 63 77 0 24 0 174 85 99 119 76 95 90 70 48 106 36 90 43 36 108 71 101 66 24 121 151 76 138 158 172 36 69 65 72 179 121 94 66 20 50 75 133 168 91 118 72 55 89 81 86 72 20 128 95 119 186 9 41 72 8 44 113 80 0 182 131 67 135 186 41 16 47 16 15 55 63 122 72 30 57 37 5 82 131 90 29 57 5 32 96 72 91 48 72 49 54 145 48 48 20 198 96 162 28 97 110 38 8 144 26 36 96 43 5 29 45 13 24 85 128 12 48 56 45 61 136 54 63 65 93 98 60 48 181 157 100 0 154 98 91 54 74 133 15 16 110 6 56 85 38 2 33 162 100 37 92 35 62 36 58 16 128 14 95 37 128 75 127 53 130 60 39 49 28 132 12 54 133 99 33 179 46 60 65 112 86 52 63 26 57 57 32 6 36 180 76 160 20 16 187 25 56 82 68 91 0 139 108 91 40 41 14 90 0 129 84 23 84 15 95 158 88 155 72 177 163 56 35 96 24 19 52 
8 6 73 5 85 61 63 134 24 55 83 83 80 29 20 104 20 36 41 169 102 145 106 50 95 30 41 47 74 80 122 44 265 44 70 138 20 110 52 18 24 0 114 49 37 0 24 55 99 153 90 43 60 141 104 10 0 107 142 81 3 15 36 63 69 50 20 50 10 31 56 0 128 71 68 32 6 50 190 88 25 75 205 77 73 163 63 183 40 131 149 122 124 95 104 129 98 28 104 69 91 35 74 49 35 4 55 42 59 60 0 123 63 20 84 103 60 63 158 57 163 17 210 67 35 28 115 32 92 150 60 53 98 14 95 38 94 30 129 89 74 185 0 142 47 34 42 87 64 80 68 44 54 159 75 6 148 82 140 76 34 138 87 44 156 73 109 40 64 193 18 97 92 86 91 52 42 53 50 156 123 82 38 108 70 35 64 102 225 117 56 125 96 50 179 241 105 60 16 123 102 155 268 78 149 65 96 49 249 46 100 98 15 7 166 84 107 15 66 130 42 104 66 124 67 102 79 7 47 56 38 94 107 116 196 153 2 18 98 44 40 128 49 122 142 48 139 137 116 87 54 119 62 158 45 28 
24 16 25 60 216 9 3 47 100 67 25 156 5 66 20 92 54 0 92 79 67 133 50 62 7 13 132 14 20 12 29 24 142 116 61 141 7 46 79 64 98 13 128 61 48 77 60 49 60 15 13 119 74 0 18 86 0 25 33 193 38 30 146 3 27 52 60 79 124 22 95 41 45 55 6 64 18 65 9 5 0 48 90 79 72 77 99 54 60 55 121 159 66 51 76 212 174 128 0 27 67 54 86 94 0 99 68 111 51 213 15 49 66 62 102 54 20 65 0 56 117 3 130 58 35 100 118 64 17 33 156 39 20 76 24 33 148 0 0 79 30 48 35 76 111 28 48 15 36 74 115 55 0 47 9 72 134 261 140 64 56 81 200 151 24 137 72 15 23 86 36 18 145 42 45 51 64 50 63 35 92 28 90 112 10 4 143 68 135 111 199 61 10 58 163 128 89 132 56 38 30 128 60 30 200 75 208 83 95 103 102 154 41 67 6 72 5 117 72 12 123 0 34 144 24 16 39 105 48 132 46 156 82 27 186 84 77 24 134 103 89 96 101 93 108 85 81 153 79 210 84 54 36 76 139 51 
69 12 149 103 173 85 18 127 71 48 120 116 0 99 78 54 54 54 6 150 204 146 30 70 0 0 75 28 148 105 30 160 70 73 105 149 116 0 40 114 64 9 48 328 45 160 99 126 0 70 94 124 159 12 96 34 92 79 72 105 12 27 152 96 57 97 69 23 24 263 126 60 0 99 126 171 22 142 82 78 42 175 72 88 92 85 201 18 36 98 36 26 93 125 34 116 0 64 92 47 103 193 117 38 0 48 70 150 171 72 20 153 108 75 144 144 106 163 6 112 281 0 12 60 32 160 154 18 18 64 121 0 16 111 4 75 64 93 108 100 90 222 60 146 94 106 34 8 115 56 78 78 36 91 129 56 88 147 36 114 44 126 145 118 60 34 76 58 0 90 84 50 110 5 96 45 100 165 21 72 14 113 79 81 52 207 28 77 126 80 162 113 80 257 138 24 141 30 160 133 95 29 31 18 97 12 72 79 86 82 171 66 0 16 36 81 44 34 201 64 148 35 34 253 0 30 99 63 29 86 174 132 96 28 71 36 122 31 20 90 64 194 57 72 158 44 53 98 135 141 81 120 71 114 70 152 
170 26 40 48 141 6 94 4 56 9 10 0 20 12 118 102 172 40 0 64 40 151 27 0 21 6 81 0 40 89 0 44 112 74 63 83 77 33 111 32 0 27 102 75 24 0 71 70 99 36 52 0 38 52 67 36 20 30 50 65 137 80 25 84 64 146 103 16 26 28 32 89 30 84 60 55 78 137 48 4 18 50 84 78 52 6 36 131 0 119 142 36 58 43 64 38 194 14 1 52 63 27 66 118 0 54 84 108 32 40 49 29 25 47 124 24 159 106 82 64 101 40 61 48 50 90 72 5 149 4 47 30 86 12 16 65 33 117 48 100 3 95 66 111 36 64 110 18 182 171 34 127 104 145 96 0 40 40 32 25 50 72 159 64 68 80 10 36 86 47 0 101 130 48 0 109 4 43 74 57 4 132 120 54 53 126 102 69 254 30 8 78 42 123 4 71 10 32 140 60 19 78 78 44 2 0 125 103 138 0 47 127 138 48 75 93 62 73 246 80 36 46 84 81 28 38 9 28 2 25 127 93 69 108 28 52 26 43 98 120 18 84 0 24 143 62 55 78 64 117 42 53 18 82 0 44 
7 8 14 0 53 0 67 60 134 6 191 86 40 37 105 23 26 18 8 69 35 85 107 88 75 5 135 52 0 81 0 209 63 25 73 118 83 18 0 127 169 75 69 51 120 31 127 71 0 48 115 109 40 59 36 9 117 129 9 1 96 56 36 205 60 14 92 132 74 85 0 26 8 49 143 43 97 52 13 197 76 99 62 63 0 27 108 19 70 61 45 98 67 96 0 4 48 56 0 95 8 28 0 144 36 40 0 51 45 91 0 60 64 38 0 41 64 10 157 64 28 129 36 48 67 97 53 3 30 109 23 16 30 48 32 86 72 115 85 12 38 81 51 154 108 63 8 6 47 6 16 0 81 91 15 14 19 143 7 67 0 87 67 88 15 40 40 93 84 36 8 12 109 30 44 28 98 66 51 90 82 77 67 18 5 121 44 5 45 10 36 24 6 120 68 20 79 15 0 114 127 133 77 48 2 73 10 0 4 0 29 10 91 75 134 54 45 95 54 11 80 62 71 79 62 24 35 96 0 32 54 14 56 64 109 116 32 28 99 107 0 97 60 43 34 32 133 81 45 87 91 83 120 149 12 8 
6 12 152 0 87 30 15 9 70 3 8 69 6 31 103 136 40 72 113 14 0 16 4 0 19 24 12 71 32 113 0 83 27 137 8 76 0 121 28 68 43 4 73 55 63 0 3 16 0 27 111 0 15 95 24 28 82 31 20 0 100 0 4 22 40 32 0 8 30 65 17 48 0 22 78 76 4 50 52 5 12 119 16 159 120 18 209 0 49 46 0 47 56 24 72 87 35 3 18 118 70 66 44 63 63 12 6 23 40 77 8 76 0 26 45 40 63 90 129 48 87 63 163 49 111 41 3 27 0 56 208 4 66 97 8 39 63 81 24 105 8 136 53 27 18 6 0 61 0 44 21 10 35 129 164 77 15 109 65 2 118 117 0 4 28 30 0 18 63 8 74 62 3 24 81 40 121 59 12 135 135 22 90 0 2 6 12 27 16 81 74 130 0 57 47 27 11 18 22 18 7 163 10 48 144 15 83 34 27 36 97 66 130 0 120 9 0 27 9 158 169 76 27 24 0 4 10 21 16 16 97 75 86 32 30 24 49 0 57 49 56 61 41 29 50 24 92 51 0 73 39 17 86 75 129 181 
0 0 14 8 135 56 51 94 56 27 29 178 0 69 134 84 24 82 34 57 6 191 145 103 0 18 123 58 20 12 15 0 50 69 43 15 87 16 28 108 131 59 13 6 57 10 39 26 96 18 83 0 28 77 42 0 4 111 37 6 72 0 125 111 79 64 63 106 11 114 10 4 22 55 134 121 0 14 43 24 64 63 30 12 51 86 146 25 26 0 36 0 43 106 36 22 47 28 15 40 16 6 0 9 116 14 98 37 73 148 28 7 95 99 0 0 30 45 0 103 5 27 12 73 135 21 38 31 3 233 0 42 75 128 35 196 4 22 105 91 44 40 15 27 62 61 46 114 35 41 14 41 32 63 14 63 104 15 85 82 14 125 51 42 31 32 102 90 170 41 79 46 96 0 75 33 0 90 27 122 48 44 20 49 12 124 54 100 64 66 76 94 8 29 4 21 111 90 53 148 74 138 40 42 5 9 20 123 12 28 77 80 106 53 8 6 49 36 123 126 3 93 99 0 111 63 8 131 30 36 42 16 0 8 51 63 0 0 102 92 38 245 54 43 82 86 69 95 67 90 8 63 82 81 33 56 
47 30 65 1 83 4 90 36 16 110 58 67 46 21 121 76 39 9 32 40 57 63 116 5 135 0 24 63 13 25 40 0 96 49 3 157 54 14 0 0 78 3 30 83 47 38 37 38 108 21 80 27 40 129 46 19 115 113 28 21 200 2 0 86 85 131 79 78 140 9 9 19 18 40 52 0 77 85 14 81 18 0 215 171 35 93 186 35 81 5 27 25 60 66 20 75 36 21 0 61 17 36 75 22 119 87 27 91 0 54 74 3 85 9 28 0 16 92 29 54 7 0 65 0 182 16 21 65 36 129 56 94 64 0 0 129 97 55 70 94 20 53 39 9 25 35 56 36 81 45 28 13 71 0 91 28 24 46 54 34 54 36 51 133 83 7 41 15 82 0 73 36 18 15 10 75 55 90 26 36 56 73 52 56 85 48 113 63 118 81 53 45 25 24 84 26 65 30 92 93 215 30 39 27 63 20 20 58 79 13 37 18 0 54 35 16 49 114 117 116 101 105 9 45 85 20 0 41 30 54 30 24 3 1 34 45 9 54 145 84 5 199 66 46 0 144 40 47 64 20 0 124 76 72 38 30 
119 78 43 70 70 0 37 25 44 12 81 24 0 118 44 180 14 7 72 38 38 56 27 28 76 32 112 122 56 97 90 24 154 101 93 74 44 161 24 168 18 64 7 150 148 22 12 76 48 132 12 84 74 32 31 2 84 20 54 19 64 110 63 105 60 82 122 32 153 0 20 34 107 64 29 97 44 9 60 76 73 92 39 118 72 62 137 62 129 21 18 30 48 124 104 12 78 0 62 13 53 2 57 126 32 42 24 0 28 108 52 154 153 86 63 28 75 126 77 148 40 32 39 20 24 64 23 51 26 104 53 0 38 191 30 0 67 66 63 121 54 130 180 33 31 111 33 72 106 42 24 0 78 21 8 55 84 0 7 76 142 9 159 83 106 0 99 82 139 78 75 56 24 18 18 72 54 80 65 95 37 34 0 111 72 90 68 52 57 132 90 0 128 117 0 42 214 44 66 46 21 93 40 81 125 68 6 111 27 0 40 84 96 129 119 28 81 40 108 103 83 6 67 18 201 2 80 54 0 20 0 0 84 59 4 25 65 59 111 69 51 245 43 110 64 43 111 24 33 77 32 136 65 101 86 114 
41 9 56 35 27 18 0 0 80 35 66 54 56 14 16 74 0 30 37 81 42 66 53 0 73 0 106 64 0 165 0 19 57 58 100 54 70 28 0 12 61 4 12 88 22 12 0 75 27 3 0 52 45 28 21 4 0 4 70 32 0 12 0 116 105 45 30 35 22 82 0 74 12 30 15 0 5 95 177 0 3 47 62 52 51 126 45 148 46 21 0 54 30 6 0 18 15 2 40 32 4 13 8 28 75 30 26 5 56 97 82 71 140 7 0 35 29 51 0 30 70 0 16 35 15 76 0 49 9 0 95 20 0 0 0 0 69 45 79 44 0 92 18 0 52 8 21 0 10 75 74 36 0 0 48 0 0 35 147 20 64 36 0 12 39 50 83 44 38 18 69 49 5 0 81 37 116 0 72 71 10 8 95 57 0 39 7 38 52 7 93 0 75 116 16 15 15 24 133 35 0 98 39 7 3 0 0 130 91 29 79 29 36 5 99 17 32 0 76 34 10 0 29 0 64 15 38 12 2 0 9 0 7 71 27 12 20 43 105 33 28 68 69 45 14 61 10 42 24 54 12 72 53 0 3 72 
7 64 18 9 50 2 2 43 32 30 6 67 0 51 110 28 30 62 0 0 76 9 18 0 27 32 0 21 94 39 6 48 25 39 50 8 0 38 16 0 0 12 0 136 49 48 100 45 0 0 43 48 55 51 26 0 132 24 50 38 3 28 27 33 43 0 40 48 55 48 99 0 10 0 51 63 24 9 24 5 89 27 139 162 7 72 77 6 35 104 53 73 48 157 23 63 70 10 30 7 62 0 76 117 72 56 20 8 6 18 88 52 45 80 87 18 70 120 63 4 128 0 21 45 36 7 8 70 70 5 91 12 88 0 16 4 128 0 18 14 0 67 0 64 40 59 69 0 230 16 30 50 0 21 75 0 0 40 7 30 82 0 73 107 78 40 0 0 1 4 56 172 28 0 15 37 1 49 34 36 0 0 62 79 35 92 176 49 3 63 2 27 7 71 49 17 72 18 13 107 114 5 24 3 8 4 48 25 7 47 108 45 8 49 8 66 41 134 48 96 27 30 30 0 52 57 80 0 0 0 0 0 28 113 18 72 25 66 77 76 0 50 68 3 0 80 0 36 85 0 30 21 3 48 72 0 
61 30 140 46 149 0 10 41 0 159 188 169 0 8 16 63 32 73 8 0 72 11 115 9 113 22 21 109 74 39 27 68 48 31 58 130 8 126 86 40 16 0 36 0 0 16 0 55 36 150 78 75 41 28 64 54 116 46 161 84 67 36 30 78 0 159 136 56 116 16 14 103 60 105 0 98 45 78 52 0 29 13 63 153 49 40 92 48 112 64 48 98 112 153 21 68 0 80 70 82 65 43 135 52 28 208 14 0 25 60 0 102 130 8 59 18 10 22 26 171 36 64 58 0 165 38 14 0 25 14 44 4 30 0 0 0 89 0 28 24 16 89 8 233 94 161 0 56 20 133 79 54 76 0 16 52 44 40 17 94 142 32 3 14 85 26 168 133 80 186 7 0 15 76 44 77 36 32 114 181 48 15 0 64 48 11 0 66 112 37 114 6 8 154 6 75 130 44 155 46 30 181 10 64 117 26 46 105 57 0 0 42 0 28 72 84 70 0 71 88 44 64 68 21 76 127 111 24 0 30 53 40 64 77 85 60 129 0 38 0 40 154 0 103 54 100 81 114 46 124 30 102 30 72 76 52 
70 63 66 84 135 55 70 32 27 106 59 8 43 24 0 77 27 0 107 176 107 85 41 63 87 6 52 78 42 68 0 75 70 33 57 59 35 6 150 0 14 24 94 65 63 0 18 130 24 29 18 90 103 32 9 61 117 84 0 18 67 35 14 128 40 20 14 0 2 42 48 24 117 30 7 9 55 58 18 30 82 128 125 108 132 21 45 97 47 32 152 71 76 22 72 27 24 76 42 46 79 0 115 36 0 72 80 56 66 42 42 93 45 113 0 21 28 108 32 116 88 0 182 18 98 107 24 12 63 37 151 88 87 3 89 71 48 109 49 126 27 6 56 90 42 42 88 27 66 140 90 12 97 198 49 0 125 28 89 74 24 100 67 21 83 131 3 104 107 44 54 28 26 63 93 129 54 120 5 33 105 94 5 8 50 24 151 86 125 65 66 164 60 114 40 111 59 0 146 25 69 0 78 63 0 30 210 21 146 48 45 66 83 33 78 35 6 79 18 0 61 21 61 9 0 56 57 21 8 92 0 144 27 162 121 44 7 69 92 0 0 101 5 134 76 82 0 0 18 68 21 19 37 24 84 45 
2 35 45 30 241 87 66 100 63 80 36 137 62 18 223 70 72 95 0 58 147 221 70 20 6 84 0 15 60 66 0 28 40 105 102 66 95 86 17 117 107 63 63 74 67 37 5 53 9 66 59 81 85 86 45 48 31 99 75 64 48 0 0 80 28 132 82 57 34 0 0 27 0 10 94 26 29 24 63 0 54 56 43 220 31 52 48 0 11 12 72 9 94 69 49 18 95 43 85 35 10 103 161 6 72 53 49 126 36 0 0 80 72 13 52 22 98 87 152 72 51 42 18 102 108 53 31 75 97 72 35 0 25 84 0 120 48 6 135 126 31 98 10 95 48 78 0 45 75 41 54 7 111 86 66 129 105 66 54 59 25 111 38 79 190 47 35 48 62 46 63 83 88 78 68 69 6 8 119 24 38 54 23 30 23 18 35 23 54 0 106 62 16 137 75 123 99 78 0 127 44 153 21 27 44 52 85 60 16 7 36 96 82 0 58 24 12 84 26 121 63 2 63 25 34 39 88 30 0 0 52 0 2 110 5 90 21 0 94 101 73 323 123 50 62 90 50 88 101 133 34 18 18 44 44 4 
75 54 24 54 7 69 50 91 0 115 12 135 88 56 103 10 117 79 94 113 121 140 81 40 28 94 3 50 53 166 40 17 6 124 61 11 63 12 99 66 36 76 35 5 77 54 36 103 140 73 204 8 120 154 4 3 40 113 80 119 17 80 70 147 48 12 190 14 14 133 0 105 235 77 223 68 52 5 115 79 47 128 63 35 58 103 146 94 51 46 304 0 162 0 111 0 139 29 73 88 70 45 59 0 0 80 171 59 76 65 35 82 2 79 47 16 21 131 83 173 61 138 111 40 249 69 0 207 6 10 40 74 60 99 5 64 63 7 23 59 89 129 12 162 0 7 49 131 60 240 9 5 197 96 79 0 144 101 114 23 89 40 65 49 76 46 66 0 27 119 35 92 124 0 115 18 15 137 34 108 98 88 21 0 27 26 32 72 96 41 70 9 3 181 17 68 43 49 166 149 22 99 8 3 5 93 58 18 28 61 33 84 67 88 77 0 2 49 63 94 14 44 35 64 35 103 56 0 106 0 38 98 8 80 47 0 0 0 331 29 132 141 0 101 103 85 59 56 173 171 64 104 165 87 80 38 
82 75 40 60 32 93 142 76 12 51 33 211 36 78 123 160 39 98 133 19 0 38 142 0 117 4 68 153 7 57 0 118 52 148 75 116 160 102 89 73 40 95 72 44 8 6 79 50 48 54 119 27 68 93 57 52 54 186 83 6 96 64 25 146 57 72 42 93 141 18 16 44 14 19 184 0 42 77 64 0 165 45 282 75 77 49 259 103 7 24 22 25 115 38 61 108 25 9 66 147 51 81 55 58 71 133 0 27 30 12 70 114 4 122 107 48 65 52 42 152 30 30 172 81 217 140 13 91 66 128 93 105 166 66 66 42 70 102 21 139 12 120 46 180 4 36 136 81 151 63 6 18 28 139 44 27 82 148 115 0 142 61 15 16 61 15 66 4 35 116 49 42 41 20 24 52 134 176 39 27 96 126 9 38 30 21 188 42 90 81 20 55 83 195 54 134 10 143 91 72 81 138 78 53 103 51 70 71 56 105 42 16 147 57 77 32 99 123 231 75 155 138 40 46 18 145 14 66 6 49 23 75 70 94 39 75 45 57 133 55 77 94 91 86 92 131 70 146 136 169 168 156 75 70 125 139 
31 45 96 34 137 23 6 50 12 54 36 92 12 27 175 168 39 172 0 168 141 65 99 50 27 42 95 192 196 57 20 169 98 73 94 57 38 0 133 22 18 7 35 63 18 60 0 140 36 0 7 0 70 133 11 103 177 41 4 24 54 0 18 77 55 60 18 120 5 152 84 86 140 117 0 3 0 101 0 76 0 115 155 89 42 71 6 73 50 159 183 16 72 214 83 54 66 126 67 86 52 40 12 18 40 54 62 11 51 14 92 192 130 2 51 109 1 56 35 34 123 4 120 63 46 66 156 14 33 104 24 42 45 43 54 79 93 55 70 143 65 32 75 97 9 134 86 88 35 18 80 49 19 72 71 43 75 166 206 14 91 109 114 9 0 78 124 184 132 144 0 106 1 63 14 18 131 119 278 72 0 14 31 0 4 29 41 98 58 134 36 162 18 66 146 0 46 32 62 5 31 175 0 55 102 28 42 67 47 0 57 44 77 116 25 53 4 69 0 79 88 35 89 10 72 25 112 6 15 112 70 0 2 44 54 58 213 0 198 18 9 83 87 116 70 92 127 127 72 108 7 121 46 99 58 74 
72 28 57 6 35 28 50 21 9 37 26 62 41 147 69 71 9 79 69 51 57 121 132 36 74 43 85 120 98 50 17 117 97 105 67 21 43 33 38 28 15 91 48 137 4 0 41 96 36 98 3 105 6 22 0 99 18 28 46 21 53 15 6 17 52 75 32 34 63 161 28 7 0 61 10 118 0 47 0 18 40 0 172 95 128 63 110 48 9 14 76 47 43 82 184 98 149 0 68 75 31 26 81 33 31 16 38 15 3 44 12 25 40 39 58 54 34 36 32 67 36 60 48 15 88 67 85 86 37 30 63 46 97 177 0 87 72 39 128 42 68 24 52 74 52 0 100 107 68 6 57 90 24 9 80 85 0 123 87 145 24 58 139 72 46 85 113 79 62 163 40 91 16 53 36 81 95 2 82 36 2 42 43 27 64 14 129 136 99 0 0 66 9 104 49 107 18 14 73 38 46 29 87 2 63 83 51 24 111 9 21 3 96 69 14 29 0 100 20 20 30 36 63 0 55 0 25 20 114 40 38 51 72 38 31 63 14 45 187 52 30 98 58 78 15 48 5 220 18 69 30 10 22 118 12 77 
46 0 109 48 35 0 66 56 69 29 27 81 0 20 26 18 12 33 109 72 98 171 97 19 64 14 33 56 26 54 27 72 18 127 62 146 113 18 99 17 10 26 54 54 30 53 22 0 0 31 72 0 146 90 2 33 10 206 40 0 46 4 79 107 5 36 62 125 1 34 18 40 6 68 89 0 0 10 110 96 27 40 68 33 130 18 224 45 84 10 63 28 53 76 6 0 25 35 13 158 17 10 82 15 39 0 84 39 0 0 1 16 64 18 24 60 0 66 8 61 112 82 0 58 74 32 47 2 84 12 67 0 37 96 49 68 16 76 21 18 56 19 57 63 46 88 36 26 15 24 63 0 142 0 34 6 94 0 12 56 50 8 48 0 14 26 19 2 29 10 23 35 20 48 9 0 93 0 51 35 25 6 20 37 99 44 132 52 79 96 2 90 66 88 40 24 60 24 76 8 71 122 6 6 67 22 13 37 0 39 133 14 119 74 37 15 20 29 21 19 35 58 3 125 40 0 80 6 85 65 0 26 22 28 45 63 67 0 40 71 140 98 78 58 120 93 44 79 110 92 0 104 33 57 76 61 
56 14 83 0 55 0 96 94 33 64 74 91 48 96 4 111 0 90 55 54 0 119 125 72 0 67 24 146 110 58 6 72 190 32 29 94 9 0 0 88 77 47 89 113 85 13 10 0 15 4 48 0 0 37 0 28 27 64 62 104 84 0 74 54 0 96 0 2 79 120 42 30 14 9 56 87 0 0 0 40 84 0 135 12 139 60 0 72 37 16 60 9 63 118 64 10 0 56 99 142 64 54 84 6 47 157 92 0 32 0 69 50 112 113 154 0 65 40 59 141 14 0 159 16 15 73 82 24 60 54 67 26 175 94 0 42 14 79 76 131 48 138 27 12 24 35 89 16 40 57 88 57 80 0 8 8 8 108 47 103 107 33 44 63 63 3 35 0 39 26 115 4 122 90 68 175 32 0 42 109 0 12 15 4 84 7 99 32 137 64 139 3 14 93 8 0 0 34 136 53 0 76 6 18 75 12 22 6 10 18 6 50 136 74 34 0 30 7 123 1 0 14 64 18 84 83 83 15 40 62 48 49 87 132 0 37 18 24 33 10 0 62 8 101 160 53 32 16 23 71 3 54 92 50 104 36 
173 40 29 0 66 28 0 40 0 39 83 22 0 0 141 56 22 36 21 4 64 44 80 14 99 55 36 69 92 0 88 27 8 96 72 71 32 56 125 14 24 15 12 68 1 79 57 20 18 143 27 81 0 9 56 125 42 12 120 44 24 2 9 31 4 72 81 128 89 44 0 20 0 55 0 81 20 42 119 0 14 14 8 81 163 88 62 0 114 9 86 87 36 135 0 28 55 48 52 103 0 21 14 26 56 38 20 72 5 36 75 42 33 0 49 0 0 0 0 49 20 72 7 76 72 64 14 8 70 0 51 2 15 39 0 109 74 0 36 72 0 0 72 86 80 63 8 12 107 78 0 0 56 0 56 6 0 0 32 77 66 52 6 1 16 42 30 0 0 84 9 91 49 0 0 83 21 15 112 32 50 34 61 0 0 40 24 0 24 6 21 0 70 86 84 27 75 0 101 49 59 55 9 0 39 87 64 168 40 36 60 149 119 48 0 36 16 0 36 72 68 0 0 31 32 66 145 0 0 22 71 78 36 106 40 10 12 16 78 68 4 92 64 139 28 52 1 96 57 52 0 9 12 80 72 28 
5 22 36 4 45 5 25 11 129 0 0 0 33 11 93 122 0 75 45 6 18 19 124 85 86 0 107 36 76 97 6 128 72 17 0 42 2 13 4 88 93 105 48 161 139 24 85 30 36 16 37 202 108 35 81 6 24 104 59 35 32 26 0 35 266 89 138 13 94 48 31 40 0 44 0 72 0 23 12 0 44 18 48 69 64 81 9 5 42 51 7 35 51 55 31 9 38 76 4 107 2 0 45 39 88 88 21 35 71 66 128 101 106 97 76 37 52 51 36 43 79 0 0 49 35 187 10 0 48 10 36 40 0 93 50 5 97 123 54 102 24 30 32 7 72 135 103 32 154 62 132 39 24 0 100 54 58 77 44 63 56 1 16 112 98 104 98 20 48 121 92 52 159 0 45 30 93 27 71 21 0 60 85 117 0 81 70 75 27 0 110 18 0 155 55 66 65 84 187 50 168 133 9 69 60 3 106 39 74 123 122 52 0 85 25 28 79 169 168 64 82 18 23 61 0 134 26 95 0 40 16 53 18 23 5 73 46 107 78 63 68 23 15 102 0 24 164 87 111 33 4 212 96 72 72 71 
17 90 18 107 0 0 117 86 27 61 168 108 117 0 10 75 30 73 5 119 72 81 8 50 99 90 15 18 0 72 0 139 36 0 54 18 44 0 101 0 75 18 31 27 43 0 8 216 69 4 0 24 141 40 32 77 98 40 8 0 0 35 89 60 0 4 116 93 24 5 25 94 36 54 73 45 0 115 0 48 27 23 71 70 125 42 83 68 174 110 50 117 112 74 10 24 67 152 32 0 35 79 10 117 59 0 76 81 18 86 69 60 217 22 0 54 18 71 62 67 36 82 42 9 41 36 62 108 41 48 23 0 68 0 49 96 114 80 121 35 27 65 42 156 35 138 0 0 96 96 45 40 195 72 93 44 72 67 0 84 20 30 32 45 40 10 0 12 10 20 35 43 0 20 0 60 79 167 55 0 6 45 45 85 162 102 122 17 121 92 15 56 24 66 0 63 48 32 110 60 94 120 121 48 97 54 112 25 63 33 54 119 18 61 102 190 40 0 18 73 15 15 0 24 50 0 77 0 18 36 69 0 96 154 54 6 0 0 178 40 40 56 36 171 15 0 39 14 73 131 50 137 12 144 100 18 
2 63 82 74 165 0 39 20 147 53 151 123 30 77 17 37 110 145 96 88 128 51 60 45 152 44 9 25 228 89 36 152 41 41 171 57 82 21 130 4 103 118 128 71 123 112 144 169 9 111 18 46 106 8 21 16 34 45 152 6 10 111 84 84 35 211 66 143 95 168 83 74 46 28 98 63 63 135 149 57 69 61 45 95 31 57 95 20 72 48 0 57 115 60 63 96 110 15 154 78 194 101 30 65 59 14 49 123 128 92 12 188 42 66 0 86 18 193 134 99 6 22 57 44 122 99 35 0 0 27 72 18 53 70 26 125 203 122 110 94 127 79 97 196 43 82 76 55 96 102 74 0 119 0 91 49 26 149 73 80 9 58 50 23 91 45 15 129 187 197 9 139 108 49 61 50 62 102 120 42 0 37 12 147 132 206 104 174 46 64 65 105 60 108 58 79 256 125 90 82 118 169 86 67 31 9 3 52 64 134 11 40 267 119 66 76 129 38 0 183 23 74 210 0 49 70 111 75 0 16 36 50 152 25 78 166 213 49 14 8 151 118 18 87 72 63 10 57 87 99 22 71 31 174 37 16 
88 89 61 21 159 25 146 58 49 62 89 0 0 0 116 132 56 35 0 21 58 30 54 42 60 14 162 36 0 16 0 102 0 0 77 308 116 99 69 78 26 89 0 32 93 60 78 159 27 0 41 68 0 140 57 21 195 47 9 130 60 12 63 228 21 43 120 89 62 36 49 29 28 61 92 161 9 86 95 87 24 114 43 4 93 62 9 4 127 81 78 153 39 149 114 0 27 35 169 42 24 14 39 82 30 107 96 87 9 62 45 71 125 21 36 21 41 72 0 119 24 18 49 33 123 0 49 0 46 112 116 90 64 27 63 20 121 88 0 30 24 31 0 107 133 165 6 0 99 126 70 0 144 56 0 46 42 149 6 81 48 39 82 30 34 169 87 81 158 27 33 104 90 146 90 56 15 171 35 168 63 0 48 0 28 52 2 51 21 35 10 56 50 234 78 131 144 0 0 117 108 57 93 11 3 99 50 63 67 45 85 67 58 221 93 63 48 117 30 54 53 60 0 136 36 30 99 75 21 18 36 12 0 129 104 12 59 27 115 132 54 69 14 209 0 36 21 78 99 78 56 144 178 42 59 22 
126 0 39 42 84 33 24 81 22 43 63 108 24 9 81 25 44 15 58 35 23 26 74 24 46 0 24 52 42 8 140 27 46 44 48 130 130 86 90 67 47 37 9 224 40 79 122 156 0 9 46 80 34 34 32 60 33 26 88 80 80 0 42 6 26 56 0 104 3 6 54 38 45 119 8 9 12 44 12 18 52 90 27 78 56 66 67 27 16 9 62 73 46 76 69 74 39 59 75 21 30 59 37 70 27 173 79 72 160 89 8 91 87 107 0 15 21 16 6 11 102 53 98 89 61 106 66 30 44 24 92 44 85 46 10 43 24 27 24 81 34 32 0 53 0 114 30 12 101 64 109 77 71 104 20 85 86 71 62 88 27 114 113 18 12 195 49 8 51 0 65 41 105 0 43 54 55 86 47 122 65 95 54 5 6 44 0 150 121 104 8 46 40 215 57 75 14 72 6 126 89 66 19 1 79 107 66 40 174 0 59 159 28 90 101 20 0 21 5 48 131 2 26 85 119 42 70 17 0 18 98 68 33 8 97 35 17 36 40 40 20 58 24 90 29 18 45 61 81 87 38 57 27 142 35 9 
77 66 14 63 125 1 22 89 34 81 15 123 29 12 72 81 37 51 97 119 52 3 138 35 136 79 68 90 43 36 60 30 204 232 114 122 45 33 45 54 88 188 79 136 87 10 4 24 27 95 38 64 117 128 0 17 42 175 16 0 75 124 96 38 78 33 120 126 53 96 28 162 36 31 16 64 35 74 20 81 24 34 54 106 186 146 38 131 43 72 124 36 142 100 48 141 100 22 78 29 60 19 130 45 82 61 87 14 15 44 72 110 78 77 85 121 66 35 12 79 54 54 149 18 84 12 111 55 2 199 98 63 94 96 148 32 87 27 15 107 28 115 43 53 28 44 36 68 45 138 124 33 71 77 64 32 58 56 268 90 32 104 126 91 68 99 91 139 8 192 131 22 46 45 80 30 15 133 15 134 28 38 82 103 24 54 40 72 126 142 153 82 79 0 27 77 25 81 117 126 148 91 81 87 86 44 60 2 84 0 62 39 48 17 124 56 27 33 0 130 85 12 28 127 51 58 92 37 148 45 73 27 66 44 88 108 72 0 138 64 60 168 8 75 48 205 21 219 6 159 67 103 17 82 62 29 
156 0 107 8 44 92 31 71 36 82 107 46 0 27 184 121 96 107 118 100 38 91 70 30 82 50 120 142 64 191 74 36 86 69 122 152 53 82 54 96 44 33 54 90 44 104 82 32 15 93 97 81 21 24 30 44 121 76 42 32 120 72 0 137 72 142 0 100 12 182 0 69 0 42 104 54 22 38 84 0 93 80 80 116 122 156 253 38 32 42 182 55 113 108 76 34 38 30 102 108 43 74 64 126 50 127 12 96 33 81 133 4 44 18 42 48 123 99 150 130 78 129 140 182 25 84 14 5 228 36 5 20 54 90 38 123 33 28 56 6 0 157 152 0 154 171 36 14 103 42 46 7 21 203 59 32 42 5 48 50 99 0 113 30 30 53 36 104 139 66 112 120 12 117 0 75 51 0 131 72 120 132 22 28 59 100 108 95 96 0 56 40 54 240 56 102 27 28 61 139 101 127 152 36 143 123 32 200 3 96 42 30 48 14 226 0 125 92 144 103 153 58 81 45 68 48 87 103 0 47 78 51 59 220 6 90 31 18 54 36 44 116 86 36 78 24 71 156 186 8 24 100 3 35 140 62 
41 132 145 0 134 3 116 0 20 54 32 48 56 0 136 51 17 35 87 0 74 68 59 0 39 12 43 106 20 20 107 28 23 86 116 111 54 69 10 49 9 98 54 117 49 51 97 126 129 9 47 0 172 66 0 36 144 101 7 33 68 30 64 34 0 60 129 90 0 38 70 121 238 26 43 8 79 105 95 42 96 102 200 35 86 49 33 3 35 9 136 70 85 57 108 77 187 0 128 4 18 25 0 47 11 49 26 56 47 54 114 108 6 18 0 40 45 87 14 69 20 59 131 77 51 96 43 54 70 12 12 73 58 42 28 91 81 0 21 45 18 10 159 90 59 76 93 96 42 39 36 0 90 72 54 40 146 15 56 23 48 85 95 68 49 144 85 69 52 36 37 19 92 44 97 26 0 28 27 9 134 14 0 14 130 6 184 39 39 78 33 115 119 85 90 145 39 14 170 28 56 86 24 31 5 117 120 157 120 32 20 41 145 7 23 80 65 78 124 13 36 18 0 53 175 48 12 0 0 109 10 99 0 8 181 8 66 18 165 123 0 113 22 64 48 127 35 96 24 93 0 60 29 143 3 65 
91 0 25 85 224 45 85 102 43 34 51 84 0 60 67 92 36 71 116 99 243 127 34 0 75 63 15 63 150 62 176 16 273 20 73 125 98 12 83 54 24 19 0 183 113 70 10 102 48 4 63 32 65 98 0 39 135 62 78 24 194 32 38 70 41 97 30 72 112 68 39 73 45 46 0 41 0 57 137 104 21 61 227 83 67 66 203 0 97 87 45 56 29 67 8 84 58 63 83 92 6 32 79 52 65 72 114 89 63 36 34 63 36 69 55 15 155 195 68 40 179 34 105 65 36 28 99 5 72 9 146 0 75 35 0 40 15 24 45 189 91 32 95 0 93 36 34 28 0 60 34 18 31 63 85 47 55 33 149 95 130 127 47 66 87 76 68 71 13 119 99 223 42 55 24 59 12 94 72 87 0 0 71 63 4 30 58 34 64 126 66 238 100 90 194 79 47 135 1 78 33 29 132 99 124 38 49 90 168 45 102 190 137 15 111 63 30 125 40 115 164 65 36 107 73 30 178 85 52 160 44 6 40 64 118 136 124 64 63 57 99 151 40 81 67 28 86 90 173 109 43 200 35 44 69 79 
25 42 19 0 69 15 15 0 5 58 81 104 24 92 152 36 0 3 87 58 91 110 115 111 101 1 90 96 110 69 94 45 78 55 90 124 49 0 42 81 25 110 0 108 0 106 88 156 183 40 8 82 56 35 8 10 53 10 0 39 128 0 54 5 58 126 83 128 34 246 47 8 0 0 56 6 66 38 52 45 74 17 0 45 30 35 164 38 28 12 0 85 73 109 72 101 107 14 141 15 54 87 4 72 24 104 36 140 91 30 30 174 59 49 94 35 87 162 64 54 65 106 32 110 48 107 53 114 117 101 40 36 0 177 0 169 2 63 40 45 69 129 51 24 54 128 0 72 64 16 45 40 0 107 30 54 0 56 6 143 20 30 100 93 69 27 63 60 40 84 13 0 16 48 19 160 68 40 0 20 8 72 0 5 56 31 144 44 109 67 30 140 54 119 136 0 42 20 6 80 9 32 0 8 0 159 21 68 35 89 94 43 81 78 109 65 72 15 94 153 98 0 12 126 115 0 17 0 17 107 15 15 100 56 0 15 180 92 77 18 18 188 54 61 59 12 35 0 57 36 18 0 74 123 63 0 
26 25 14 32 27 49 19 99 0 27 199 86 0 33 88 4 6 101 63 3 117 14 72 8 121 0 174 130 0 98 49 187 38 49 97 101 90 13 48 27 20 41 42 64 76 0 39 123 3 110 85 9 192 36 85 72 81 49 6 61 83 77 30 63 80 123 143 48 121 5 27 111 52 92 25 24 44 102 95 6 0 50 125 123 68 36 56 42 116 95 72 94 66 1 69 102 87 75 44 75 38 40 0 99 4 0 27 26 66 8 36 85 8 49 4 68 42 68 35 97 64 96 17 49 8 141 53 8 0 0 64 52 81 0 97 9 0 113 65 83 56 103 129 83 2 79 86 35 24 81 75 34 49 135 38 68 72 82 35 69 79 36 101 3 32 60 140 144 20 69 4 72 48 5 55 20 83 64 104 75 18 6 119 231 60 0 109 63 36 28 66 197 35 158 70 45 91 127 124 32 108 66 3 50 66 35 53 160 78 72 21 55 93 12 12 98 31 136 79 30 107 45 96 30 111 88 36 59 15 160 50 21 76 9 169 23 11 24 29 20 91 143 139 6 56 64 112 94 41 82 71 72 80 69 32 21 
11 19 145 1 36 7 72 52 33 17 46 102 42 9 63 67 0 24 27 72 27 175 0 5 21 0 0 120 7 42 26 0 73 49 63 159 18 91 126 76 9 71 91 48 21 10 64 0 54 96 56 54 0 0 8 23 0 56 109 0 100 27 0 14 16 84 0 0 51 57 0 66 76 9 0 0 37 3 78 78 55 35 105 32 90 12 57 42 34 89 62 52 0 25 2 0 2 88 13 104 26 85 42 23 3 49 53 36 24 15 7 43 28 0 124 88 81 24 73 15 131 77 39 81 36 31 68 0 124 72 75 0 28 36 99 102 4 30 21 49 0 85 0 0 0 100 84 54 68 55 18 35 100 72 32 21 0 63 30 34 15 84 4 33 120 3 71 24 27 57 31 45 45 48 67 64 8 103 48 21 44 130 15 26 61 12 79 6 54 76 15 21 74 46 84 129 45 30 100 42 0 203 0 24 102 12 128 6 75 10 2 170 35 0 0 0 49 60 84 54 76 14 0 133 0 44 57 78 27 116 39 22 0 117 19 30 0 0 40 18 12 6 56 133 30 99 0 9 45 55 46 7 78 34 50 0 
21 18 30 133 35 0 152 54 116 21 55 13 48 24 2 159 62 97 121 105 20 150 99 102 9 66 22 23 87 37 78 100 225 97 12 45 165 89 218 106 94 0 60 145 76 24 25 70 6 8 112 42 94 125 45 80 60 88 14 30 105 20 54 83 12 23 131 14 73 62 17 43 8 14 13 88 38 16 52 45 68 45 161 60 81 54 191 28 42 87 62 26 170 77 4 153 126 6 33 49 74 97 48 31 148 98 82 14 0 44 109 111 93 54 122 16 38 15 104 85 100 68 186 12 167 80 89 45 48 81 47 56 46 0 0 18 138 28 56 119 69 27 21 75 9 10 43 21 75 14 97 52 98 0 92 39 112 84 123 76 163 71 148 48 45 49 41 0 42 35 0 24 69 87 56 134 61 56 54 149 39 54 28 81 85 21 113 38 60 64 84 45 4 113 20 90 30 102 96 0 58 227 118 148 98 0 30 0 101 36 99 18 99 17 200 48 28 4 128 78 64 84 80 63 18 10 82 26 9 0 12 66 35 46 44 28 28 36 139 57 114 88 8 130 125 69 78 32 127 148 71 144 20 120 102 77 
82 36 63 119 20 9 20 36 18 10 39 18 18 149 8 144 47 24 69 24 52 4 30 33 5 36 8 9 102 76 62 64 146 110 28 16 92 19 120 87 27 24 18 140 128 9 15 28 15 18 72 8 0 20 0 0 23 40 32 140 124 32 36 47 27 113 24 19 21 33 30 11 24 0 95 5 64 58 62 27 34 0 48 20 162 84 108 57 36 18 28 59 39 56 0 30 99 12 17 8 83 8 36 14 49 25 64 44 24 16 9 76 52 123 27 63 127 69 40 40 0 36 128 21 44 4 64 0 0 69 10 8 31 4 4 82 61 9 24 139 35 35 15 97 27 30 81 43 15 0 15 0 50 32 84 110 0 193 64 84 181 73 16 36 113 27 9 0 87 63 14 0 88 27 27 64 91 87 42 36 8 0 4 80 6 106 58 66 10 40 0 83 0 42 111 54 52 83 52 76 18 93 0 0 45 0 18 24 126 159 43 96 111 4 16 44 5 35 15 18 149 8 106 0 10 5 40 15 4 0 18 2 46 47 63 81 58 12 181 10 88 70 18 34 85 20 135 115 54 54 10 32 10 74 196 1 
0 40 72 30 249 8 137 199 0 63 6 36 0 32 116 12 12 37 21 125 79 111 0 24 65 55 36 28 0 9 32 107 56 7 44 12 32 104 7 20 0 0 60 56 121 0 0 30 0 16 41 0 106 49 12 21 45 7 0 18 20 0 90 0 36 24 0 0 7 63 109 0 77 18 40 64 5 64 36 35 7 55 68 72 24 75 94 70 35 86 9 8 85 57 21 40 28 33 70 49 63 113 54 49 0 18 82 72 136 16 0 98 83 0 24 0 64 99 91 38 69 0 41 14 58 0 40 37 31 21 56 6 25 0 0 24 46 0 20 14 49 63 48 99 7 14 0 72 0 33 18 76 56 0 7 80 93 48 0 42 24 0 0 0 108 12 70 84 0 28 81 84 0 32 0 40 40 0 35 153 96 30 98 0 33 15 0 40 184 83 142 139 54 56 39 112 24 38 49 73 42 88 0 24 129 5 54 104 36 15 105 86 70 0 128 6 36 63 14 138 52 32 9 0 0 145 0 93 0 0 0 0 81 72 34 16 71 0 65 0 62 76 0 91 56 154 37 56 126 54 21 167 7 24 0 72 
57 13 23 0 98 12 49 75 110 40 18 36 45 26 67 54 0 183 24 82 29 88 40 114 181 0 24 75 81 111 85 71 11 151 54 89 17 0 20 24 26 42 14 50 57 88 127 16 36 124 22 95 8 42 18 0 4 0 79 60 139 6 46 82 20 122 71 116 116 40 7 24 44 42 0 8 24 22 80 22 8 57 73 60 28 9 24 47 0 0 69 52 14 105 36 42 111 82 6 73 12 77 18 42 37 7 103 111 18 33 25 62 7 0 45 24 116 154 76 41 57 195 61 112 145 0 86 91 121 12 46 45 0 84 4 77 64 140 155 175 22 117 9 133 120 235 70 47 107 24 55 84 44 130 41 14 48 93 39 107 134 36 78 61 79 103 73 20 126 158 41 93 38 96 20 72 56 0 68 77 9 40 63 44 21 75 25 92 86 8 57 40 8 43 18 57 60 21 111 63 22 123 39 78 31 46 82 8 36 86 94 66 45 108 14 48 12 72 77 51 41 41 31 30 119 12 36 24 36 58 18 32 92 127 26 57 71 56 51 39 23 62 0 205 42 12 82 77 46 123 42 12 56 164 8 8 
17 30 64 74 68 20 49 5 99 0 45 100 0 40 99 55 6 105 126 25 94 121 10 107 77 0 0 36 96 81 12 116 112 291 56 24 129 107 210 10 166 151 30 135 91 40 150 30 110 22 114 38 55 58 46 0 56 72 54 39 3 43 45 89 8 96 188 94 24 32 25 36 82 30 61 32 118 13 136 16 68 37 103 68 8 9 137 73 82 62 0 48 0 149 9 25 0 48 44 137 133 12 56 104 15 0 76 29 128 46 40 88 72 53 72 97 41 72 35 81 93 39 40 0 152 100 42 52 20 44 55 0 32 86 74 77 20 99 18 77 108 8 18 35 50 75 44 159 9 49 98 81 32 0 94 0 53 99 0 31 40 68 67 101 174 0 76 36 23 55 9 8 0 9 13 56 81 92 36 60 130 74 0 104 32 60 62 30 133 68 55 65 68 202 36 52 64 37 73 54 158 148 15 78 5 0 48 51 8 46 90 26 91 108 12 0 70 68 88 59 17 31 33 119 118 7 128 38 51 74 28 27 52 0 15 77 91 0 117 58 45 194 137 42 114 53 30 38 109 55 10 102 61 116 36 98 
81 6 6 0 24 6 67 59 24 0 16 102 30 78 85 45 12 26 32 147 27 0 39 5 54 31 45 3 34 125 42 45 108 40 51 92 9 43 0 126 15 109 0 36 89 74 91 79 0 0 0 120 2 42 0 0 28 0 10 15 20 48 0 95 0 0 9 0 76 35 16 101 40 13 0 0 39 37 8 48 135 9 40 54 30 74 72 88 18 99 69 22 12 30 0 51 83 93 0 4 54 12 71 42 21 163 94 45 71 27 24 87 0 9 0 54 64 36 6 64 93 0 100 34 47 30 45 12 130 118 35 53 24 63 30 63 24 45 0 35 25 5 72 6 21 49 20 79 111 63 20 30 0 14 50 0 139 0 24 28 14 30 133 20 80 0 105 84 80 30 0 0 29 21 9 12 10 0 0 63 39 119 45 5 25 16 56 100 152 65 2 18 126 74 70 40 63 48 51 16 0 150 133 74 93 93 134 18 0 0 0 40 0 18 141 56 12 78 25 0 45 0 15 55 42 51 25 51 18 75 15 0 28 104 27 4 21 0 18 63 58 95 54 39 69 44 0 25 166 23 33 64 4 27 17 0 
25 100 51 59 95 22 76 67 48 7 0 79 18 54 56 0 0 9 92 10 27 149 45 56 0 59 8 21 66 6 55 4 60 180 12 45 2 0 93 18 4 30 34 81 4 20 35 18 63 24 52 37 84 28 16 0 18 84 40 36 26 0 67 50 84 83 71 135 90 6 16 63 0 25 0 16 64 8 32 45 34 12 53 9 126 95 67 0 10 16 0 105 172 145 0 26 70 36 8 1 90 124 32 2 72 8 46 40 43 27 8 136 0 16 10 12 72 14 32 0 20 30 1 23 134 22 56 158 99 25 80 0 10 54 22 132 145 49 4 45 45 16 16 65 38 50 22 14 19 81 10 5 76 32 144 0 74 0 149 53 32 75 0 93 82 35 0 114 0 24 49 14 16 12 62 51 30 13 112 18 6 37 0 5 80 14 99 9 40 6 35 100 16 8 20 76 25 78 16 4 117 89 27 63 30 4 54 0 66 20 93 16 32 22 90 10 62 52 16 88 54 40 0 36 0 64 31 42 26 58 69 0 74 14 48 87 81 10 58 40 26 98 4 86 64 36 12 109 39 80 0 24 91 114 0 12 
67 0 3 150 99 74 8 116 9 63 102 81 36 0 12 97 66 4 30 231 0 135 30 79 93 57 42 36 40 161 42 63 87 59 69 88 41 36 72 36 38 99 33 159 56 0 51 83 0 191 74 45 42 6 54 18 72 132 130 15 80 53 45 142 55 58 33 40 134 83 25 24 2 42 45 0 48 16 52 119 37 78 54 12 80 46 0 60 10 179 6 115 48 104 48 5 50 0 84 95 58 81 36 107 30 28 99 115 36 6 51 48 128 14 154 81 123 72 152 120 54 176 54 72 142 79 9 29 153 108 36 5 23 33 36 133 0 88 102 24 21 84 54 110 35 104 47 20 14 66 68 27 108 125 87 48 0 20 121 109 33 59 46 103 54 2 18 0 64 92 5 54 39 180 42 207 46 80 38 0 16 8 0 21 12 55 82 78 9 200 54 0 10 0 0 17 20 54 69 40 61 222 85 102 198 78 22 36 21 8 10 0 0 81 0 62 28 0 97 66 115 54 63 0 75 92 86 38 27 40 97 0 83 169 22 33 7 47 10 68 16 130 51 104 0 56 30 56 63 24 0 104 30 93 24 0 
8 32 56 5 119 10 86 62 0 16 126 54 102 34 62 76 44 4 12 57 33 2 75 25 143 0 46 96 0 6 32 93 36 16 51 55 10 117 0 18 46 10 0 0 53 46 56 11 24 72 41 33 34 42 0 95 36 27 39 104 26 4 121 103 19 167 30 90 8 44 64 59 32 40 177 119 10 15 59 36 77 9 15 105 95 26 32 90 28 5 155 54 123 63 91 83 2 32 114 56 19 16 50 40 0 56 36 44 15 18 0 87 49 5 0 2 67 165 69 56 98 20 84 82 42 24 22 18 33 4 99 22 40 37 29 44 21 82 5 84 18 140 12 102 29 72 0 24 18 63 25 42 12 49 34 0 68 105 38 78 39 42 16 36 62 73 154 113 66 7 63 74 72 35 21 0 42 0 28 122 44 24 32 41 24 149 18 2 170 36 111 60 8 83 106 246 95 21 0 195 14 61 43 6 79 37 61 123 57 0 0 74 51 27 52 141 54 41 37 77 43 14 4 76 123 137 64 68 34 74 29 70 48 140 91 38 20 52 56 26 24 16 36 107 15 122 105 181 146 61 27 4 88 56 0 0 
30 0 85 86 120 32 16 75 68 124 146 82 13 189 0 118 23 71 65 37 51 75 90 10 160 29 139 75 12 92 9 174 135 129 40 163 108 25 41 20 141 162 102 167 162 76 79 28 18 133 0 24 59 88 0 84 99 92 73 24 155 90 87 152 123 75 98 24 213 55 49 179 2 7 136 72 27 88 35 25 30 25 144 89 40 39 128 35 38 13 38 55 43 92 18 56 6 52 45 156 48 16 157 64 45 111 33 76 7 0 47 134 6 18 60 33 113 99 38 50 29 8 141 54 83 0 7 48 144 96 103 20 75 75 0 69 32 152 38 144 73 0 112 57 40 107 5 81 97 36 117 88 0 77 77 10 99 135 105 70 154 41 93 57 65 0 72 44 40 93 22 59 26 69 0 16 123 151 139 45 24 0 62 50 27 93 123 15 16 48 42 123 54 88 103 130 111 72 15 128 124 150 90 117 128 24 24 30 20 34 49 2 181 45 64 52 108 15 60 47 208 118 53 81 98 64 50 40 80 56 75 36 41 2 73 13 120 100 99 20 51 194 100 97 27 38 89 73 232 44 0 74 30 117 111 63 
104 3 15 74 49 54 63 49 77 40 90 49 24 24 176 24 110 59 0 61 48 81 164 20 77 51 65 8 47 97 122 159 121 56 67 15 81 151 88 46 105 51 98 132 48 21 92 72 36 195 106 67 128 7 72 37 0 42 143 65 34 14 0 62 0 68 57 17 59 61 7 28 26 57 0 81 64 103 143 0 8 2 0 56 153 75 121 0 22 31 4 14 70 36 29 88 126 0 55 66 68 85 22 26 20 18 54 60 0 29 105 117 59 18 0 20 9 7 98 76 6 76 39 15 144 138 118 35 122 128 24 36 24 0 0 184 58 0 83 30 88 14 0 78 72 18 45 0 75 11 7 32 105 0 0 48 56 55 18 143 114 0 81 39 4 27 9 4 30 106 51 0 0 0 0 10 39 9 53 54 50 14 44 0 21 48 57 12 2 97 95 2 95 97 172 91 50 55 93 79 54 156 0 75 107 43 0 28 33 82 70 81 142 4 83 23 32 0 74 121 114 112 55 67 54 54 88 57 0 57 99 0 15 85 22 78 9 28 14 6 81 52 42 189 86 42 21 27 64 75 0 14 0 146 24 14 
14 64 146 48 48 99 8 65 104 21 107 32 0 93 48 25 0 103 78 41 39 0 96 0 0 0 125 4 36 198 92 0 56 167 4 114 134 79 195 71 20 111 54 123 36 0 9 76 45 84 30 4 0 10 3 0 14 67 20 179 4 32 0 18 10 132 127 14 94 42 87 92 62 52 142 0 25 53 42 24 61 10 80 38 81 61 54 108 48 166 69 178 50 118 125 141 70 44 62 72 123 0 8 72 10 9 0 90 52 36 32 36 36 85 36 4 29 145 72 88 92 80 88 116 66 92 23 68 18 0 54 12 203 30 8 56 5 92 38 0 14 161 67 81 24 116 42 64 9 111 101 67 12 175 56 5 56 40 6 59 84 54 26 108 58 31 63 56 7 14 0 59 61 36 55 43 35 0 0 35 54 127 42 153 47 14 98 50 216 60 65 87 76 72 87 113 58 81 0 54 0 85 38 25 131 100 25 87 189 163 52 56 103 36 50 63 48 15 118 66 22 85 43 13 91 54 10 52 6 56 73 103 45 37 132 82 69 25 84 6 46 161 60 20 96 21 63 179 73 28 24 38 4 84 66 0 
83 0 8 40 68 36 16 0 59 11 32 16 16 8 22 83 21 8 0 68 37 48 48 12 111 31 7 0 7 69 12 20 45 24 87 12 44 8 24 49 64 49 8 25 159 1 3 6 72 73 0 97 12 105 0 2 28 24 88 24 30 0 0 42 0 15 45 19 72 16 14 39 72 55 92 10 15 15 24 58 8 32 0 0 76 54 72 3 9 0 105 0 66 14 2 41 18 0 12 0 2 31 12 7 36 37 2 2 31 17 41 20 20 12 35 10 52 43 36 0 20 106 39 16 144 0 4 0 0 24 58 18 0 0 0 25 21 32 37 103 25 36 9 82 6 6 0 0 0 12 27 0 48 28 8 56 2 91 8 64 22 64 15 2 76 20 46 3 28 85 26 32 71 3 14 28 6 177 0 4 6 0 14 45 2 48 2 3 0 28 22 86 19 53 16 52 12 60 72 0 16 24 40 6 0 0 0 0 0 0 24 19 54 24 64 73 17 0 32 0 28 3 0 24 14 0 28 11 55 0 0 57 24 16 55 72 4 16 200 9 0 61 6 48 15 0 114 49 30 101 43 9 72 0 48 2 
12 0 85 25 8 12 154 63 117 8 1 74 32 3 36 86 0 52 16 18 48 105 56 14 14 30 44 16 9 119 0 44 116 184 42 152 74 70 98 6 108 72 52 0 87 42 0 26 10 70 0 28 60 81 35 2 36 0 21 59 32 0 0 18 27 46 73 0 4 78 56 10 23 11 18 18 21 30 76 42 63 26 0 0 40 152 58 49 69 19 28 9 94 0 0 88 48 0 47 33 50 48 32 61 0 0 92 0 42 3 72 33 6 63 0 40 72 3 97 63 0 5 99 0 16 7 22 25 177 0 18 94 53 0 60 48 57 9 0 58 23 0 12 44 15 24 32 72 2 50 101 14 104 81 12 31 54 32 27 33 108 32 0 21 51 59 32 55 26 54 63 54 80 0 69 0 0 0 25 75 69 10 0 88 63 2 148 0 177 7 37 94 32 54 0 65 15 35 64 52 30 128 55 0 25 8 36 52 16 10 38 4 10 110 67 45 103 83 150 77 52 0 0 69 20 12 35 0 64 88 28 0 0 10 25 253 6 7 66 28 28 103 0 84 0 63 80 14 104 71 18 54 98 0 81 72 
17 4 7 0 7 1 0 76 28 0 41 127 57 24 82 44 20 27 31 117 79 134 0 45 4 20 81 0 12 119 97 72 86 100 42 62 0 49 0 12 27 12 30 66 3 82 65 49 31 77 112 18 15 49 5 135 15 35 32 0 92 47 40 64 14 80 41 85 0 141 8 30 37 4 0 24 28 5 100 30 39 14 24 6 57 149 83 35 85 29 71 26 87 27 0 84 2 17 45 136 2 6 111 54 8 0 52 77 23 40 83 101 5 15 0 9 0 47 50 134 70 33 60 1 22 120 60 55 86 76 41 36 82 36 23 87 20 0 8 35 5 3 84 86 45 77 0 45 109 42 33 27 30 21 45 0 45 0 60 0 118 16 8 52 50 86 47 36 15 64 77 60 1 31 14 10 15 101 18 117 64 87 0 0 18 26 56 18 9 18 0 24 63 83 85 16 44 81 0 52 48 23 60 12 54 123 20 72 9 32 87 39 27 45 47 27 28 90 42 56 72 83 55 112 39 6 157 0 72 86 101 48 6 45 76 99 2 0 20 73 29 98 8 0 0 58 8 29 149 83 36 65 0 85 78 0 
71 42 22 50 16 0 0 8 72 18 64 63 15 24 44 28 24 42 0 22 6 0 99 0 105 2 117 39 0 82 28 45 54 81 50 128 89 0 30 125 129 35 65 18 96 25 41 32 132 186 36 127 99 127 4 16 9 4 194 171 8 149 10 39 56 0 158 69 221 50 42 27 106 68 86 48 18 19 40 4 12 38 34 120 111 0 48 77 108 34 36 10 47 54 0 54 48 45 43 113 85 18 24 106 45 0 4 126 18 81 18 94 97 31 18 88 9 40 0 76 0 113 84 72 120 34 6 4 63 18 32 12 51 68 0 0 8 121 97 114 71 12 9 96 105 93 0 24 59 81 74 58 0 48 0 0 18 14 44 81 9 0 30 12 16 21 40 16 30 140 81 12 89 50 34 23 50 64 102 14 36 81 0 100 36 18 45 55 111 4 16 70 32 26 32 27 96 0 121 16 24 135 40 68 110 28 16 83 138 40 54 0 0 14 14 151 36 0 27 79 2 48 55 51 129 0 28 89 30 32 30 129 35 40 41 77 30 99 145 16 36 48 0 240 28 56 33 2 21 153 0 6 0 139 44 0 
76 3 39 5 54 81 55 43 0 0 94 0 0 129 40 2 8 0 4 119 79 143 79 93 89 9 52 84 12 81 72 0 82 10 76 58 65 0 0 59 14 62 27 65 0 36 24 108 60 0 98 14 18 56 69 2 0 108 43 0 102 28 25 21 27 0 19 7 9 148 18 48 108 0 55 22 63 25 120 0 6 9 51 63 56 56 99 147 9 76 173 0 47 21 22 83 64 106 113 0 62 44 35 36 1 22 28 102 39 63 48 81 0 16 6 30 42 0 32 79 0 63 9 53 78 24 36 34 6 6 13 89 36 63 6 14 44 63 39 79 12 13 0 25 32 25 0 16 0 54 36 7 11 119 42 118 129 20 6 0 74 0 81 40 30 56 135 56 35 68 0 0 14 2 0 18 0 56 7 112 0 0 0 5 0 89 54 42 0 23 12 12 85 36 51 15 22 27 34 19 12 10 68 29 10 75 92 2 0 46 42 3 0 0 9 0 95 0 90 81 59 3 84 63 7 64 0 103 0 63 93 38 4 32 12 0 82 72 85 44 64 83 80 55 19 18 72 53 7 63 0 23 90 54 40 14 
144 58 93 111 111 25 64 63 25 31 166 42 50 125 107 90 95 82 15 14 65 130 29 12 41 14 156 14 0 100 76 40 61 223 86 226 14 0 114 70 101 51 107 39 12 48 95 0 54 50 126 84 144 0 26 88 64 28 10 126 179 135 135 147 19 104 120 20 87 167 95 32 60 26 81 128 18 65 96 24 105 56 113 152 142 145 157 99 63 104 187 35 88 50 98 198 151 36 70 43 20 33 73 39 48 36 0 157 18 102 78 60 8 34 39 104 92 93 72 170 138 81 103 47 88 88 123 38 112 37 83 67 122 81 176 100 115 0 154 153 9 228 47 71 114 60 72 55 91 2 48 155 188 186 56 38 70 171 92 47 143 36 180 117 87 92 88 109 73 136 35 222 40 44 12 20 62 99 0 171 7 40 45 63 48 146 129 7 147 19 179 75 88 97 147 116 129 60 135 86 21 95 95 145 94 103 81 98 57 16 62 124 64 76 104 28 55 125 77 22 97 9 77 6 52 63 120 64 75 112 30 72 89 126 66 68 68 9 140 144 42 17 18 84 0 163 73 259 98 101 132 131 61 113 45 39 
154 36 155 64 18 78 46 15 0 66 44 167 78 54 133 51 50 1 28 160 87 49 43 42 0 0 146 45 45 66 36 175 72 79 60 35 32 148 66 86 18 121 0 192 75 30 73 15 125 32 194 73 86 59 115 27 52 150 35 45 34 69 84 105 0 53 47 7 133 121 150 9 36 58 46 93 11 144 56 0 8 84 157 86 110 6 117 69 66 24 42 0 0 40 72 132 32 134 56 163 148 125 78 58 13 115 69 53 114 94 14 151 15 28 83 106 0 97 7 13 114 9 59 30 31 106 98 0 17 84 99 54 40 94 30 89 24 101 27 16 29 127 96 107 4 128 0 0 138 70 14 0 20 0 129 77 160 44 5 8 54 27 195 64 84 28 140 72 134 120 2 129 162 61 3 3 135 158 69 225 16 63 70 18 49 0 9 24 139 9 69 128 293 137 198 159 129 0 20 7 64 34 33 80 83 27 60 73 61 24 37 73 0 89 6 20 60 0 73 4 114 28 77 167 133 52 108 125 28 135 104 75 117 18 39 27 0 0 53 40 115 194 49 94 0 0 78 81 130 48 0 50 75 78 52 48 
132 51 6 69 81 3 0 105 71 71 53 159 69 63 104 120 45 173 66 5 69 60 151 48 81 0 96 94 16 0 141 90 109 143 31 85 96 62 72 51 75 64 35 54 1 26 23 137 26 140 194 90 54 72 30 30 0 105 142 69 86 78 72 129 58 48 87 94 124 193 28 15 85 129 184 0 68 54 189 128 56 48 40 47 164 32 83 78 122 14 69 27 94 137 51 99 58 82 121 120 33 30 21 157 66 26 90 40 46 12 47 98 213 56 117 19 48 110 30 95 44 99 43 59 105 123 114 134 6 48 237 21 87 135 60 48 0 75 102 38 42 175 64 183 54 13 0 143 62 61 18 45 98 162 36 12 54 81 222 193 102 30 82 48 66 75 45 0 25 131 81 12 6 75 84 67 60 92 120 77 177 60 8 52 91 36 64 1 156 80 186 92 0 65 112 75 63 96 233 28 0 136 57 0 134 124 38 158 93 48 40 52 97 135 27 117 89 60 147 165 71 48 37 56 121 36 173 0 60 24 60 48 90 21 43 93 10 28 61 30 40 192 28 106 118 54 14 59 69 192 60 26 22 101 123 78 
24 23 18 43 9 27 3 0 0 30 20 73 0 27 105 35 0 5 16 105 107 70 50 18 3 0 124 22 16 63 24 88 0 57 1 0 25 81 0 15 2 20 0 0 0 15 25 25 54 36 36 0 17 69 33 27 0 28 36 54 78 25 0 59 0 51 24 0 3 79 116 0 76 29 98 8 0 24 53 0 10 8 6 51 113 18 72 35 24 36 125 0 78 8 70 160 5 78 0 75 2 9 28 20 0 30 49 115 8 20 40 81 8 35 6 4 0 78 20 27 97 36 29 37 72 90 67 0 24 72 34 0 0 0 27 103 48 53 0 30 0 54 0 10 0 36 0 15 12 0 18 0 12 24 24 48 56 46 0 8 75 0 35 0 6 63 84 0 0 54 1 39 28 12 0 15 0 62 27 108 46 47 8 0 0 30 0 3 148 19 96 5 0 6 159 51 30 0 0 28 12 27 9 45 78 47 25 89 98 0 25 30 9 2 66 0 6 0 24 41 0 24 5 50 48 0 28 0 68 165 27 162 0 27 66 46 0 15 120 54 6 55 0 88 0 9 75 78 73 4 27 72 48 100 15 64 
25 61 9 162 14 0 0 49 0 39 42 50 16 84 4 21 94 25 78 55 111 18 31 40 31 7 87 18 54 65 129 16 0 0 6 58 159 0 52 30 74 20 56 80 0 77 2 127 45 10 69 76 99 54 44 27 18 16 40 39 35 65 40 92 67 49 73 48 8 24 9 48 18 3 198 40 71 82 0 12 18 30 0 36 121 0 2 102 0 49 49 26 30 72 0 57 42 6 0 52 56 0 9 40 75 0 60 99 75 54 18 73 102 81 0 48 36 153 10 18 6 48 5 37 14 85 21 6 27 48 102 52 28 54 0 40 94 128 62 21 0 0 8 119 40 20 52 54 24 18 72 40 51 14 11 9 37 96 0 6 40 48 11 89 94 0 105 66 25 41 52 4 109 90 72 6 71 48 0 4 81 117 65 130 167 68 6 15 113 108 63 87 0 74 20 11 141 14 117 56 56 0 73 2 85 33 64 0 168 73 41 0 0 2 19 137 184 5 6 22 24 66 44 46 14 8 133 6 1 25 40 155 73 0 9 71 112 76 104 30 0 97 12 90 44 46 44 78 76 55 5 9 2 104 135 56 
21 0 28 0 111 12 42 73 0 10 122 76 0 60 66 8 68 79 24 55 0 21 74 10 78 45 7 118 0 0 0 15 14 0 25 43 0 103 31 66 76 134 61 17 63 21 23 12 0 65 36 0 0 6 6 60 2 9 63 55 18 0 24 6 9 0 31 141 50 0 14 70 50 9 121 80 21 0 0 27 0 18 0 99 61 42 99 21 37 7 70 18 36 137 8 24 83 43 14 78 111 33 27 60 0 18 4 91 54 44 0 0 92 98 45 24 16 7 34 99 0 89 54 42 35 117 28 56 20 50 10 5 63 76 0 81 6 44 29 81 57 68 9 43 63 58 6 54 94 0 54 0 59 0 42 28 21 97 126 20 6 54 93 84 0 8 94 6 77 55 93 83 24 16 54 72 68 71 97 54 72 30 39 8 57 56 92 18 24 0 10 32 54 16 0 21 83 4 81 50 9 77 21 54 19 36 12 68 78 15 40 98 82 0 76 98 0 22 6 117 38 43 8 0 90 14 9 23 49 76 62 28 48 12 107 99 75 0 58 0 0 66 48 130 12 8 53 119 50 170 0 37 33 241 107 42 
0 50 0 45 123 0 30 78 48 85 32 100 88 144 5 56 0 57 34 35 107 132 96 8 49 14 83 6 27 135 148 8 189 47 138 0 32 81 21 55 83 0 63 86 61 0 38 58 58 96 89 6 22 63 27 0 18 21 65 121 66 0 44 0 0 121 100 0 28 106 87 80 54 30 0 33 76 24 107 12 91 0 67 82 51 104 126 64 18 66 0 0 68 0 12 157 14 0 118 82 0 24 137 4 45 77 16 18 24 94 48 107 14 0 48 30 99 80 91 131 62 68 73 20 105 0 109 101 81 24 35 52 205 106 0 62 26 64 23 39 64 95 28 69 47 8 56 131 24 0 105 157 52 0 54 93 16 103 121 67 225 60 139 21 126 101 141 0 50 36 1 35 88 16 45 66 35 111 0 153 104 113 7 36 0 139 0 48 37 0 84 22 0 0 49 35 124 101 158 8 5 82 106 145 35 79 35 30 42 76 32 30 30 72 144 12 64 0 0 76 90 135 0 9 10 21 124 42 50 6 33 84 62 0 98 95 0 0 35 54 88 240 0 72 52 33 4 12 49 135 27 208 9 164 4 36 
6 18 53 140 142 0 0 0 69 61 79 24 65 84 0 132 63 56 64 0 62 21 14 33 0 0 99 0 30 168 94 66 107 31 76 64 142 60 50 57 35 67 15 144 140 6 29 93 99 68 44 48 122 179 91 4 124 91 5 75 20 96 0 19 165 81 156 35 223 18 0 70 0 18 0 24 68 25 9 30 78 25 15 165 32 27 194 44 238 24 72 34 0 118 47 114 137 87 0 81 37 27 21 123 65 0 54 0 30 26 0 78 117 60 6 99 212 62 81 53 77 67 79 48 30 129 29 72 12 72 126 64 61 130 15 0 77 94 38 107 0 45 89 73 55 75 45 0 0 78 18 7 54 10 50 108 36 5 36 119 36 48 0 156 194 10 0 22 5 125 137 46 149 0 103 15 146 97 56 0 0 50 95 120 18 3 167 57 69 135 108 102 40 29 24 38 86 160 3 6 69 0 107 129 156 173 0 88 78 79 177 39 72 34 54 43 0 50 156 57 106 20 67 135 25 10 140 78 15 84 51 51 109 63 19 108 41 96 174 55 39 171 36 128 0 35 213 23 49 134 62 119 46 94 31 9 
0 0 47 25 9 45 0 57 0 19 3 109 65 80 12 0 0 54 45 74 24 0 25 0 68 8 78 27 0 157 0 57 8 16 30 117 12 25 43 0 102 77 30 41 55 0 97 60 7 20 60 4 5 16 6 36 74 0 45 68 28 0 0 56 3 102 56 77 8 15 28 0 60 60 139 0 124 11 8 24 0 30 40 44 1 75 0 72 40 152 76 74 64 25 93 64 18 16 0 51 10 0 24 3 14 5 15 0 36 0 12 2 0 35 0 27 16 42 40 117 36 66 67 40 171 107 84 17 0 24 48 68 161 36 28 0 59 0 28 0 15 97 0 28 0 127 36 20 43 72 64 21 70 67 0 5 77 16 6 0 24 36 12 48 28 24 67 0 27 47 0 61 56 20 48 16 120 32 25 7 122 21 57 138 18 51 0 84 18 47 0 72 20 23 0 101 8 71 0 30 73 85 30 0 63 93 3 8 0 85 20 15 3 0 64 143 0 0 3 24 3 50 59 30 0 0 38 8 9 0 44 0 102 12 50 38 25 0 68 107 12 119 108 38 77 50 0 4 42 28 30 54 34 108 0 5 
49 0 23 0 72 53 0 28 35 35 126 214 21 0 46 72 35 28 92 48 4 78 115 44 42 35 81 56 25 109 65 73 18 146 36 129 42 36 0 28 126 100 25 186 38 173 149 35 121 52 32 7 203 140 25 140 86 102 53 116 83 0 102 163 16 62 68 3 8 35 136 0 0 86 54 87 59 8 27 0 0 184 64 100 55 56 94 102 72 165 0 27 16 24 100 105 83 72 61 124 44 119 135 0 7 5 16 78 53 113 8 6 20 34 56 88 84 92 0 119 33 86 9 52 113 65 165 43 36 44 61 39 99 104 0 89 56 96 7 35 114 140 0 62 8 63 7 65 56 21 29 0 54 35 0 32 52 30 24 0 173 0 102 43 56 105 70 0 0 4 103 94 137 0 33 21 102 49 133 36 30 82 0 0 5 67 70 20 28 25 130 141 49 40 45 0 67 45 24 28 20 55 45 20 139 18 0 91 37 70 110 130 71 0 127 121 45 0 45 50 69 8 29 57 125 0 0 47 48 24 129 87 125 32 91 56 0 0 91 60 18 41 84 156 151 2 79 111 45 74 25 189 36 91 8 156 
74 22 110 22 212 7 4 0 40 46 85 46 0 102 130 138 135 55 25 55 52 2 50 16 87 0 20 0 0 32 5 16 86 0 52 47 35 38 0 41 112 79 10 97 123 125 28 5 0 42 87 18 5 24 6 54 6 21 16 51 96 87 0 31 81 150 46 70 0 47 63 137 0 17 36 18 35 55 0 47 16 63 0 171 51 22 113 37 42 7 81 77 49 29 28 115 48 55 18 48 27 18 36 40 105 85 58 48 39 121 69 25 74 0 0 0 24 128 189 18 82 0 0 60 0 95 7 0 91 45 41 72 14 0 0 20 106 52 46 72 36 120 30 166 63 19 0 93 192 6 35 20 135 54 66 39 70 123 25 4 60 0 37 55 60 131 66 63 11 0 0 112 177 93 41 125 97 0 42 94 0 118 14 50 45 95 52 0 82 20 135 74 80 58 83 36 152 159 51 67 0 40 10 0 149 44 80 114 77 0 29 161 114 69 45 61 0 57 30 0 54 0 0 53 133 40 23 52 50 58 27 124 0 128 118 51 34 48 50 113 76 40 129 51 8 14 155 218 187 88 54 120 58 3 48 27 
64 40 20 23 35 69 40 81 73 37 77 74 81 60 84 42 45 92 41 72 12 0 143 5 14 0 133 11 61 99 0 91 25 159 12 63 71 0 102 61 92 71 6 50 0 12 66 9 48 40 127 17 102 0 80 45 15 42 15 68 62 90 3 97 46 45 81 6 104 72 17 10 32 0 50 0 72 12 51 16 56 37 10 93 117 56 68 76 55 9 24 4 6 6 15 100 154 0 48 6 109 41 16 50 42 46 121 36 89 30 44 81 0 6 0 8 40 197 106 106 43 52 57 7 99 103 144 9 65 152 83 48 34 43 2 120 0 41 34 77 15 61 0 47 12 48 68 90 12 0 48 52 133 77 14 51 0 18 29 16 96 36 36 19 0 10 49 4 40 54 58 58 1 0 0 30 112 89 7 63 40 34 148 151 18 72 139 0 136 96 14 22 7 60 72 0 50 54 17 72 75 84 5 8 60 2 72 10 13 101 25 25 27 0 28 9 64 5 195 16 103 150 20 85 6 8 0 108 0 72 83 1 92 16 0 158 68 20 51 14 100 84 59 7 99 33 18 42 36 14 0 89 4 32 64 31 
126 48 9 84 123 28 95 16 80 12 57 20 132 48 0 93 18 0 133 55 4 19 78 68 6 9 99 86 47 13 15 41 50 129 32 73 4 4 46 33 83 28 41 56 101 2 45 43 90 63 118 0 117 0 76 0 28 69 56 72 36 84 83 11 88 151 21 66 151 90 124 4 13 39 0 81 61 39 50 24 20 80 149 32 7 134 60 229 50 49 103 50 33 103 18 76 22 39 90 64 107 62 182 36 90 76 22 124 30 25 40 22 55 28 128 20 64 99 16 95 57 0 61 11 92 32 179 7 30 24 137 18 123 38 116 77 92 45 37 24 4 300 52 47 73 21 2 23 110 39 48 12 32 12 175 27 30 6 56 80 67 7 105 30 101 166 71 51 58 49 106 61 168 99 54 46 61 20 49 95 14 18 48 10 16 89 132 26 86 55 72 28 104 47 3 21 25 16 68 30 75 113 39 151 29 0 53 54 49 20 87 8 41 0 28 14 69 107 141 72 66 22 51 50 35 52 87 133 108 0 39 9 124 38 11 75 106 0 132 176 16 5 0 70 98 169 150 62 45 111 25 14 72 69 47 34 
42 14 104 0 153 0 60 192 56 34 54 13 0 60 186 110 87 211 0 116 67 104 31 25 58 27 87 79 141 143 69 101 64 107 14 119 12 184 40 88 97 18 125 62 138 117 92 49 18 92 85 35 45 89 35 108 48 58 183 31 104 32 126 100 102 188 85 147 16 45 25 15 96 5 97 16 41 30 158 0 125 119 34 56 180 20 48 24 70 75 76 42 131 130 48 83 64 21 75 14 63 54 87 108 74 24 4 9 25 112 32 152 67 116 35 40 191 96 171 75 96 48 81 45 6 233 140 6 53 84 147 101 55 63 35 109 88 0 88 145 8 160 37 36 32 84 120 36 113 110 147 11 110 123 66 0 55 87 125 50 78 1 42 55 101 81 115 6 53 88 128 36 2 6 46 30 62 24 84 167 18 84 97 113 58 135 79 77 93 95 54 24 74 77 58 67 112 276 163 214 66 45 45 54 166 58 71 24 18 69 89 132 114 2 83 0 0 52 23 226 121 57 73 25 143 91 33 8 12 83 125 5 93 36 88 71 33 23 90 46 16 70 119 126 51 150 140 123 12 108 76 43 58 139 62 136 
71 100 26 17 72 46 76 84 47 28 86 12 27 147 62 144 50 98 91 56 12 42 18 20 113 24 121 152 56 74 17 114 52 142 32 53 25 78 16 30 26 20 22 33 31 9 0 86 156 0 48 30 70 56 0 163 38 7 14 142 0 39 88 94 67 47 117 54 78 72 100 24 46 18 84 0 41 0 90 16 52 58 77 0 35 40 39 95 16 16 104 15 119 107 125 0 119 62 51 26 96 8 0 100 0 18 8 10 24 35 0 73 122 0 0 161 132 28 48 122 48 45 3 63 20 32 82 87 15 68 72 66 41 16 41 64 25 55 56 64 51 63 27 77 8 60 128 65 67 34 37 49 18 73 45 63 44 298 80 5 21 0 56 81 27 92 32 0 28 54 63 14 36 84 36 149 59 93 159 12 0 64 40 54 69 72 251 29 36 8 20 76 33 70 42 69 49 17 30 99 26 39 41 18 23 80 0 45 59 98 106 18 39 110 60 83 6 123 18 39 67 2 70 0 117 33 20 56 9 6 12 16 31 4 153 30 94 94 284 30 39 92 35 105 48 14 15 132 89 12 19 56 41 108 24 26 
173 136 92 43 169 15 56 39 65 71 30 78 0 103 76 66 48 185 74 76 88 138 85 18 42 45 43 61 14 40 63 46 162 48 81 79 37 203 80 93 12 32 192 40 69 2 91 55 54 105 113 74 0 62 114 93 106 18 45 129 89 18 56 35 137 122 48 14 56 43 6 93 66 30 207 141 0 32 40 27 17 3 74 16 84 136 181 57 7 90 58 19 127 96 0 170 99 90 105 50 50 70 241 0 148 62 45 34 96 143 76 27 100 40 132 44 14 43 76 76 90 2 95 7 116 27 72 0 90 75 184 66 100 103 8 15 111 24 146 151 12 95 90 105 57 91 0 60 21 12 70 181 0 112 23 24 106 40 42 63 146 72 125 36 102 40 158 0 19 174 28 58 20 63 74 95 110 90 99 160 199 78 62 73 93 104 116 39 95 36 81 106 111 120 0 153 151 137 52 92 19 83 264 84 122 45 73 6 127 22 91 83 39 26 227 124 163 60 102 108 34 72 80 147 79 131 106 49 131 15 88 30 89 0 20 108 46 0 77 98 40 46 39 151 143 74 103 104 219 228 132 218 40 182 170 96 
5 0 0 87 56 0 25 0 82 55 10 51 27 54 33 4 7 6 24 0 20 63 105 30 1 7 43 0 55 46 51 30 23 36 28 57 58 9 129 64 23 102 0 109 61 25 24 18 54 55 9 72 35 39 13 9 32 32 82 57 56 67 36 50 46 42 53 49 72 48 9 10 2 19 4 76 14 33 9 80 42 9 28 88 0 55 166 47 34 0 6 70 0 44 138 0 107 0 0 0 0 86 21 7 0 38 74 99 60 29 4 44 57 15 42 0 63 53 119 10 14 80 40 75 59 42 21 56 124 53 0 33 10 89 0 86 27 0 9 21 89 63 87 33 23 73 0 75 19 14 0 7 72 63 54 0 37 10 52 0 58 2 117 33 21 35 74 67 77 105 3 81 51 66 16 94 14 63 46 16 63 25 8 2 36 0 89 12 50 30 0 9 1 132 30 99 63 67 30 79 12 91 12 98 17 52 40 15 0 64 12 48 46 27 0 18 54 33 9 0 51 18 0 22 117 56 6 38 4 0 9 53 28 70 46 9 12 0 99 105 113 89 14 12 28 16 12 40 86 57 58 154 0 29 36 6 
3 63 62 0 0 2 87 100 92 29 66 115 6 6 81 20 2 81 72 63 78 97 30 79 21 3 27 16 85 30 20 48 78 0 78 153 78 20 87 36 53 10 0 90 94 0 0 151 53 12 54 50 44 118 2 0 30 0 10 46 2 15 12 130 36 46 0 15 6 69 37 72 45 61 16 30 18 46 26 110 0 28 39 137 24 85 0 8 0 71 35 72 18 87 23 86 9 39 108 15 52 5 57 45 7 0 82 115 18 0 0 34 38 94 0 89 20 83 4 5 116 72 48 6 67 24 66 1 0 125 16 4 34 39 73 18 24 20 83 38 27 43 45 45 40 130 60 18 3 57 67 91 64 63 6 63 73 40 0 104 46 103 40 3 202 88 102 0 19 25 57 22 120 22 35 21 108 30 48 6 18 61 40 61 47 5 8 127 147 64 91 68 102 122 48 0 0 80 40 71 8 69 52 15 115 19 10 113 15 161 53 0 81 9 80 18 36 21 0 60 13 55 9 12 45 0 47 1 45 46 0 34 48 51 30 18 84 0 52 40 0 82 67 34 87 37 18 16 32 144 64 14 0 8 45 41 
28 19 28 29 0 0 58 10 49 8 30 38 24 72 18 0 0 9 59 146 76 102 81 0 72 15 87 69 0 154 24 0 71 19 6 76 47 22 44 0 15 48 18 62 12 4 40 69 17 0 54 0 24 34 3 19 27 18 15 12 50 41 14 100 72 9 20 56 46 9 48 0 58 0 30 0 69 76 37 0 99 111 93 25 55 9 48 126 27 55 95 147 78 6 0 21 32 18 46 28 20 20 37 104 85 35 9 23 0 20 58 47 66 122 0 0 0 58 14 118 67 0 23 0 66 28 12 32 21 59 150 117 126 42 20 0 113 49 37 14 0 15 33 33 16 2 54 0 39 82 18 14 55 6 39 3 116 27 72 30 5 68 36 13 15 0 71 24 44 16 119 34 14 63 12 48 36 3 40 63 0 69 35 125 0 22 27 0 99 44 87 27 19 28 29 60 12 41 53 90 20 0 12 6 0 45 9 0 111 42 0 19 54 5 15 17 14 38 0 4 52 28 27 72 19 34 18 24 0 59 2 63 57 108 25 105 0 21 42 22 6 32 40 23 12 30 0 74 29 122 0 6 11 36 12 60 
79 132 36 14 97 77 14 72 49 100 42 120 161 81 106 129 16 52 18 100 180 132 118 0 70 0 125 41 0 143 113 153 176 29 40 105 41 23 36 21 9 19 87 107 103 118 14 54 42 98 129 9 169 18 56 176 180 21 14 162 87 46 24 116 56 228 80 91 207 71 2 252 56 8 50 72 111 132 189 54 157 7 140 0 90 98 87 71 8 113 182 97 112 86 14 84 177 24 56 97 142 14 126 183 36 101 68 77 40 28 0 83 27 58 4 75 28 135 108 9 181 8 91 50 64 0 83 71 44 96 172 18 118 81 67 0 61 96 96 60 36 32 219 170 34 45 97 54 21 54 179 98 27 68 77 0 19 190 0 170 32 99 60 123 125 24 23 36 59 186 5 86 54 105 18 5 158 70 108 202 75 73 46 167 159 108 215 18 131 63 24 76 68 112 64 164 50 67 29 109 131 17 93 50 32 19 32 72 193 0 51 88 158 15 84 58 39 45 105 92 102 34 34 212 134 108 162 114 105 18 36 12 62 63 30 29 108 96 55 177 119 137 136 36 153 0 25 10 201 90 18 214 0 102 48 24 
34 69 15 38 47 0 34 70 65 92 164 60 78 92 79 38 12 157 62 61 77 23 119 101 13 48 99 0 144 117 0 140 56 70 68 68 16 0 57 111 75 6 2 132 130 102 80 0 128 61 44 29 63 206 33 166 45 6 95 92 91 30 48 87 47 120 27 82 0 171 0 64 60 5 16 87 45 30 10 53 69 12 45 118 136 38 161 0 137 98 158 40 100 167 34 111 116 8 105 18 38 158 38 25 39 48 54 19 7 26 3 55 63 18 18 64 12 102 24 115 32 60 166 113 16 58 48 37 18 48 72 115 54 33 54 122 52 96 87 168 129 127 48 18 13 65 107 101 50 14 227 146 113 42 113 78 18 86 9 163 205 30 186 75 111 16 83 16 68 30 103 50 0 63 157 75 55 153 52 136 68 60 87 237 100 72 118 107 117 7 34 22 4 32 97 0 40 110 46 40 111 8 97 78 58 0 9 44 43 50 51 73 18 18 63 6 145 23 52 92 36 67 65 66 83 18 130 66 6 38 62 129 24 99 130 48 9 69 125 80 64 267 129 144 49 0 26 56 46 55 90 142 47 97 83 49 
14 41 9 9 112 0 18 63 6 7 35 39 0 64 39 98 42 51 98 106 10 56 114 32 153 40 119 48 30 56 7 63 195 52 53 126 62 24 15 0 48 50 81 81 0 24 14 101 6 77 33 102 2 77 31 62 0 73 174 77 28 0 0 35 109 39 75 29 73 37 64 24 66 32 12 86 25 32 21 0 95 65 153 140 93 15 31 0 53 74 0 7 44 104 71 43 78 68 66 107 96 20 31 88 36 43 23 60 30 22 48 128 73 42 48 36 30 24 94 5 47 14 38 0 47 93 66 48 72 10 35 16 18 27 0 0 85 40 25 27 81 36 67 12 79 125 128 22 116 86 79 28 0 24 40 73 24 74 129 9 9 54 60 57 22 69 88 138 63 92 6 27 108 23 56 41 41 34 63 72 9 10 79 164 36 50 80 111 29 29 110 33 0 84 30 58 84 48 89 22 188 21 148 3 5 46 28 41 100 38 10 4 0 93 46 53 33 124 84 84 72 45 24 114 71 101 102 31 0 84 10 0 48 56 88 125 60 74 120 4 64 79 34 28 85 104 78 47 120 115 72 235 51 49 9 0 
34 32 54 0 7 62 22 30 16 73 32 154 39 90 157 64 83 144 0 71 69 136 59 46 53 22 33 42 0 48 56 88 88 66 72 79 26 12 112 46 142 4 53 66 42 14 16 118 100 60 178 14 89 146 28 108 98 12 30 92 52 14 18 40 106 42 136 77 6 68 57 40 60 57 59 118 48 70 74 12 36 137 152 18 28 61 36 0 66 61 132 89 73 42 34 140 137 36 61 76 17 20 86 124 18 74 12 0 54 66 68 96 2 58 12 0 42 52 122 58 142 48 79 16 49 156 96 44 61 9 102 108 159 43 42 16 19 0 113 68 46 82 0 89 58 120 34 32 42 70 106 170 92 86 0 36 20 176 75 115 92 20 151 26 24 60 18 0 14 82 64 171 48 61 60 24 85 25 70 67 29 0 46 38 0 57 147 38 25 54 110 128 28 143 63 31 45 0 25 156 2 69 54 0 75 69 10 53 61 26 67 84 50 85 69 94 16 100 82 84 47 0 36 36 60 72 87 0 89 0 48 36 45 90 11 50 51 32 136 1 19 80 30 4 8 21 21 32 82 52 44 4 56 145 63 22 
138 9 15 0 63 8 44 36 72 32 141 70 5 79 79 42 32 40 0 18 77 48 161 83 115 36 85 81 20 18 113 0 118 79 21 131 18 53 148 91 70 138 0 22 129 105 83 6 74 25 75 27 36 69 60 28 28 18 0 111 54 9 61 72 32 129 53 23 12 171 16 69 76 21 16 87 75 0 219 26 54 50 91 98 126 236 162 59 60 83 122 94 86 40 18 40 103 100 2 2 72 0 93 125 11 98 51 72 36 17 117 84 45 0 80 81 55 9 18 210 55 54 57 23 105 0 40 0 81 72 149 116 68 37 32 96 35 37 120 58 16 178 6 8 128 59 8 24 29 0 60 93 0 45 10 9 85 41 36 124 115 0 64 87 126 37 88 0 83 105 55 36 16 0 74 0 0 116 43 167 41 66 94 142 9 30 106 105 86 45 50 24 171 142 122 45 0 80 37 20 32 36 99 12 0 30 82 4 74 63 67 88 72 3 120 40 39 10 234 70 28 87 4 117 6 100 16 8 72 54 9 16 42 93 60 96 54 72 118 44 20 179 130 63 63 56 13 90 22 97 36 5 38 98 61 5 
87 6 154 7 79 0 92 100 130 28 79 63 112 45 120 103 17 81 0 38 171 51 27 0 63 63 92 39 147 93 74 135 133 143 135 3 75 32 117 0 271 16 88 176 96 132 108 95 0 80 96 0 24 114 27 48 16 0 63 82 140 26 187 119 49 12 122 153 32 109 74 38 16 5 73 168 0 84 160 0 74 37 28 72 44 132 40 41 30 84 144 32 66 122 21 135 106 21 50 0 41 64 50 63 49 34 12 3 101 113 195 86 65 0 93 27 45 30 72 56 32 61 174 117 16 52 88 115 83 27 7 16 11 11 34 20 179 57 45 72 64 18 81 107 44 53 32 136 128 78 72 0 48 56 163 0 0 96 94 0 198 0 15 0 28 63 62 46 61 47 92 160 24 7 113 0 138 42 76 278 0 64 63 7 56 163 120 43 30 32 28 107 99 306 104 0 100 95 0 122 90 178 63 64 44 16 45 40 0 58 45 45 76 72 160 75 101 40 87 100 69 48 137 98 12 70 87 35 8 45 12 14 113 85 40 92 30 35 154 36 46 202 163 85 30 7 67 100 78 81 10 10 94 84 158 80 
0 0 64 5 228 81 92 25 83 53 45 20 30 4 8 85 90 105 18 59 70 91 24 65 8 4 85 18 0 0 0 0 45 89 22 72 28 2 0 10 90 9 204 0 11 0 0 24 0 76 5 128 122 15 24 35 39 49 75 21 40 0 8 55 10 93 28 0 3 39 0 0 63 5 58 148 0 37 81 9 12 52 80 103 43 141 33 0 49 0 5 11 37 62 40 0 144 1 7 1 0 36 99 7 16 48 30 0 0 74 48 99 63 48 32 20 7 43 133 63 7 0 15 6 63 117 7 0 135 16 65 0 74 105 14 64 101 13 72 91 20 28 16 95 51 17 32 96 24 15 128 42 127 21 1 0 20 79 8 148 84 30 0 110 0 44 56 16 15 72 77 37 0 35 28 30 71 0 0 48 27 19 6 0 48 57 121 16 173 9 23 41 28 195 5 5 26 38 144 66 8 16 5 0 60 0 78 48 16 41 63 0 94 0 32 45 70 53 30 168 0 7 51 24 0 16 34 16 123 66 54 160 38 75 12 184 40 0 5 23 84 81 12 1 89 125 16 69 65 62 0 28 4 45 136 56 
32 0 20 4 72 0 24 0 37 24 36 16 24 0 110 134 26 45 0 0 30 0 80 20 93 0 4 21 0 118 0 15 12 45 8 15 0 41 54 0 39 8 18 92 30 62 45 40 0 16 0 76 56 16 0 36 32 67 45 54 0 0 0 32 74 0 60 21 0 28 30 0 9 1 40 166 26 28 0 0 12 99 6 32 16 42 32 41 70 58 46 4 16 150 16 41 0 0 81 10 61 115 36 0 0 72 9 0 79 27 9 99 79 21 94 0 0 124 10 9 64 0 27 0 0 0 48 0 27 36 0 35 45 54 0 60 101 0 0 52 36 113 24 64 0 56 56 126 184 54 0 32 18 6 4 46 20 52 0 28 108 0 58 32 12 78 28 0 54 0 120 4 132 36 40 77 0 60 24 87 72 51 8 50 0 38 27 30 107 20 44 64 0 16 0 27 26 81 0 33 64 45 16 20 93 54 16 68 32 0 40 100 122 92 67 16 92 6 0 73 53 34 0 0 12 87 0 40 8 14 81 120 63 148 20 32 0 56 0 82 42 36 18 18 6 54 36 100 0 20 54 119 0 24 72 119 
0 35 18 36 90 12 112 59 137 46 0 9 32 0 0 93 4 44 94 56 136 30 115 16 53 27 44 85 8 135 102 0 106 150 0 31 54 1 76 0 48 52 49 164 35 6 47 81 9 60 5 9 82 83 42 3 1 64 0 111 16 0 87 14 29 6 0 24 0 36 74 66 40 18 106 102 0 61 93 10 51 76 70 0 27 56 40 66 115 70 81 7 72 5 94 0 24 42 57 48 65 20 81 49 12 64 64 72 5 27 33 0 48 46 15 15 61 168 12 118 14 40 147 0 17 15 24 32 41 77 6 41 11 69 0 71 0 47 66 20 45 81 40 89 11 0 32 58 12 121 43 43 8 0 8 0 10 36 36 52 78 1 45 0 20 20 26 1 0 80 193 74 77 14 64 6 64 82 64 42 45 0 61 99 28 52 44 21 141 96 74 138 114 76 48 17 0 6 50 68 0 90 58 20 146 24 47 12 63 0 8 84 15 8 67 46 84 113 95 9 44 16 16 40 56 96 20 121 7 60 54 61 96 156 34 52 2 0 36 44 42 76 66 3 7 0 75 20 56 39 2 96 73 60 0 54 
20 5 9 51 11 27 0 28 60 48 83 99 14 0 120 5 47 5 45 64 82 108 82 30 47 6 65 21 8 48 36 48 16 102 52 4 32 12 0 40 110 21 81 111 120 132 27 81 81 68 79 77 105 165 20 60 36 69 45 74 106 25 91 82 33 35 53 17 48 86 0 104 85 17 286 103 0 78 24 0 51 40 0 9 0 50 135 5 48 82 63 0 83 15 55 99 70 19 85 6 24 116 0 90 50 51 6 72 65 62 45 91 17 67 74 36 99 99 73 36 61 0 16 19 81 54 46 64 58 54 70 40 28 77 0 96 99 40 63 59 148 56 72 217 10 21 90 65 24 19 54 87 0 127 3 36 64 162 33 14 79 46 106 51 6 0 189 0 12 0 21 7 108 18 55 20 2 294 122 0 108 61 78 86 32 82 25 27 90 113 89 26 0 110 8 64 165 86 126 40 83 30 1 80 11 37 48 54 36 72 64 12 6 38 63 56 146 27 81 44 14 109 26 58 81 31 24 67 0 18 48 186 24 2 102 0 48 21 115 54 21 126 8 10 0 0 75 30 78 96 101 182 72 115 38 112 
63 24 89 0 8 12 59 40 35 20 9 32 16 0 52 93 8 48 56 38 39 114 63 0 143 0 56 27 114 12 93 114 0 69 0 80 25 72 64 40 2 0 78 195 55 72 58 96 0 54 48 85 37 64 56 99 45 36 128 71 80 16 6 40 48 78 78 63 137 56 78 0 0 112 24 72 56 60 36 84 0 51 92 42 0 69 59 30 54 134 98 116 99 72 39 128 146 72 72 81 0 0 64 18 117 63 60 79 36 32 12 62 9 140 0 10 30 114 0 70 180 88 42 16 134 72 65 6 42 0 54 100 111 63 48 0 71 39 92 40 72 40 208 159 32 133 36 0 30 27 173 110 96 68 42 0 15 88 78 103 212 28 102 0 51 30 0 24 12 135 45 90 10 0 4 40 10 0 0 104 0 0 60 80 6 54 0 0 48 54 86 107 90 44 0 35 156 22 117 39 54 91 0 48 58 42 57 90 3 92 117 18 159 48 174 51 20 60 174 182 72 74 4 0 42 6 16 62 0 24 0 54 108 62 18 0 157 88 75 27 22 0 0 150 0 36 35 52 7 72 18 110 48 143 24 68 
45 58 102 84 124 83 132 44 8 40 88 77 106 12 25 150 83 96 79 137 85 27 162 97 20 21 68 101 74 81 0 111 108 92 62 25 41 10 63 138 18 93 8 50 240 81 58 57 0 24 20 18 88 84 0 24 157 66 7 42 80 9 44 32 60 66 116 39 11 106 72 62 37 58 33 124 57 100 12 48 69 75 86 80 90 36 117 74 71 21 163 5 54 15 48 102 164 21 97 52 99 121 42 66 51 184 178 102 161 118 64 27 64 56 38 60 96 11 68 238 98 104 110 36 91 27 57 6 61 83 142 106 129 68 86 25 196 39 79 108 71 63 30 144 14 46 80 21 57 60 229 119 26 71 131 87 31 125 40 109 72 151 73 89 97 115 141 78 104 36 32 30 231 110 275 175 95 254 12 128 66 81 113 103 36 61 94 33 72 47 123 131 12 156 3 51 88 53 72 112 53 52 12 49 25 36 95 97 118 19 87 6 69 75 148 28 0 50 120 8 54 16 60 104 66 51 78 64 83 0 0 89 85 100 65 87 0 36 182 93 64 76 54 153 50 26 99 125 81 125 81 92 120 48 50 0 
9 47 61 28 183 10 5 102 0 95 0 58 0 50 88 90 20 54 0 0 0 122 59 0 114 42 85 54 29 87 44 50 78 80 42 92 2 35 47 45 2 0 105 32 100 43 47 25 0 119 5 45 33 48 21 23 25 57 40 23 4 17 57 109 72 130 5 24 2 100 36 47 46 45 0 0 38 4 132 40 82 6 65 108 0 80 30 47 4 65 81 41 32 68 10 35 34 41 62 12 30 0 107 0 79 55 89 0 15 28 15 98 112 56 20 0 81 56 51 129 78 0 126 42 41 0 58 5 47 35 71 145 113 15 64 42 76 15 48 42 32 112 0 149 12 63 56 24 130 32 91 149 56 143 26 15 24 104 44 16 52 12 76 32 169 86 62 27 111 120 56 33 0 47 48 87 40 89 46 30 40 181 69 73 49 9 15 180 189 3 69 69 0 25 8 68 131 229 104 65 12 48 81 15 97 92 69 6 0 0 0 72 0 42 171 0 69 30 5 73 39 81 40 25 20 98 30 0 0 0 9 0 50 76 75 24 64 9 12 28 28 214 72 119 180 92 66 77 63 65 104 129 87 49 0 24 
95 39 0 5 93 0 103 21 0 45 98 103 24 96 35 28 16 0 168 25 22 132 0 129 62 140 65 77 137 0 8 0 102 120 6 0 31 9 61 81 35 47 45 38 54 98 87 70 81 66 26 0 24 40 24 70 50 40 0 27 71 0 122 18 0 126 56 0 0 27 2 120 54 26 20 55 65 35 5 40 0 24 37 41 81 7 75 75 35 92 89 41 64 40 156 0 11 41 116 49 61 54 75 114 36 3 58 0 25 117 49 0 76 108 57 58 46 72 107 59 104 0 88 57 148 0 60 36 74 39 45 0 88 154 10 144 0 6 28 192 170 45 44 51 45 108 8 81 69 0 34 84 30 48 83 3 24 133 64 63 110 0 38 60 61 78 35 82 48 46 64 40 41 99 67 113 49 40 74 36 96 27 26 65 87 67 74 16 91 60 127 88 20 67 18 91 4 20 54 74 74 49 0 29 5 54 102 110 120 0 76 74 121 50 0 63 0 99 10 9 6 4 56 33 78 28 25 0 149 54 9 96 37 20 93 2 80 72 10 81 0 133 63 75 151 0 22 31 117 29 5 180 106 59 117 20 
24 29 85 72 159 75 5 94 59 36 149 121 60 36 105 66 0 73 49 121 20 109 58 87 72 8 48 24 79 18 107 89 87 15 4 113 14 35 141 80 20 38 10 32 91 99 35 12 90 32 39 26 39 97 0 122 41 113 142 25 40 42 0 115 162 106 59 88 95 69 8 106 83 0 148 17 0 5 5 49 70 33 95 69 162 80 36 24 30 10 66 116 135 7 0 0 24 64 27 127 75 16 62 54 72 80 46 84 0 83 35 54 38 33 45 0 109 82 126 64 32 0 84 53 93 55 67 27 128 56 115 32 35 115 0 0 69 20 63 66 8 64 53 194 64 94 0 66 20 79 89 8 30 24 53 22 38 42 149 122 3 15 29 27 0 45 143 32 100 69 8 88 42 199 67 123 77 81 181 0 39 37 90 5 30 14 108 104 49 21 53 0 48 56 30 126 164 150 38 57 114 103 8 127 179 16 57 44 10 5 0 130 63 0 22 28 56 21 28 107 57 139 107 45 78 88 50 79 0 47 58 42 59 45 61 39 116 56 115 108 95 60 36 145 86 0 127 193 172 51 32 121 56 9 95 79 
54 26 153 12 156 99 74 24 27 105 78 136 8 0 45 126 0 97 161 73 150 152 165 28 207 63 69 152 6 126 32 175 89 45 93 252 30 10 0 138 13 64 66 215 64 82 0 42 88 51 97 32 80 42 58 78 63 128 6 141 124 0 64 22 67 66 68 12 45 114 0 153 22 42 155 8 0 65 66 0 2 14 31 83 229 81 219 43 157 6 114 6 156 52 102 45 99 112 217 125 67 285 113 0 33 70 18 53 49 136 55 62 145 128 66 144 66 72 40 161 9 9 127 46 71 35 16 79 194 40 195 51 71 121 52 48 24 112 51 119 112 28 75 41 54 84 96 74 8 30 119 42 91 74 12 162 71 158 53 152 98 51 55 101 32 93 96 0 81 103 124 114 16 42 96 58 50 134 133 82 0 117 5 24 129 61 232 27 124 61 149 38 40 122 39 101 51 36 64 82 56 5 91 21 217 87 8 13 12 117 0 109 87 72 28 1 46 62 66 151 160 9 88 92 98 18 123 78 72 110 103 0 85 4 60 54 78 32 36 85 116 122 69 59 109 68 68 92 138 110 168 109 0 0 106 60 
18 8 176 0 42 72 39 66 63 179 106 130 77 150 73 63 93 98 3 106 113 144 102 88 84 2 126 168 9 109 86 71 27 68 50 77 84 76 105 40 12 123 107 154 51 87 29 171 69 118 81 9 0 81 7 78 144 247 133 131 82 93 25 99 55 138 85 28 90 115 100 121 21 77 56 26 121 107 83 83 42 25 106 87 32 97 109 42 0 58 103 20 95 116 52 245 47 94 127 234 65 119 4 160 103 164 10 39 162 95 66 163 80 18 134 82 52 166 111 77 136 41 32 45 49 68 51 28 32 53 45 105 131 100 6 68 72 75 117 49 8 108 99 224 51 153 32 72 0 59 99 27 71 47 66 86 66 51 9 56 91 54 98 120 102 37 49 0 12 90 28 68 194 152 85 24 79 121 81 56 29 121 91 5 0 10 39 52 260 102 235 36 116 98 109 72 150 115 57 105 119 80 35 82 181 143 11 109 103 21 43 32 104 9 37 22 106 44 207 220 81 141 47 60 35 167 73 1 0 92 51 129 47 63 74 57 54 42 115 27 39 159 0 132 16 42 66 109 117 16 128 74 76 111 98 0 
40 0 56 0 0 63 89 68 123 4 105 21 2 96 4 119 0 40 0 92 18 37 9 0 124 26 64 98 28 165 0 38 60 72 36 10 18 235 0 111 48 16 54 8 91 0 0 62 0 103 40 78 0 14 28 4 0 29 21 47 119 40 20 135 63 149 12 79 53 0 16 72 67 63 91 54 65 0 54 96 5 152 63 85 24 18 78 125 15 64 54 86 76 80 63 76 123 27 91 60 18 50 28 92 0 46 35 14 30 95 0 107 55 0 41 47 100 106 199 208 24 28 223 120 141 61 79 12 32 0 32 36 117 5 83 84 101 0 0 76 24 201 36 90 36 71 0 63 59 44 24 0 153 71 55 81 74 83 84 47 48 0 16 74 95 0 110 24 169 36 72 8 53 106 5 119 4 63 26 97 18 71 5 16 40 45 0 90 45 24 131 0 0 37 26 122 0 21 68 117 14 91 63 72 20 102 8 60 111 119 45 23 36 76 129 56 15 18 117 89 31 92 33 18 57 78 23 216 0 30 13 18 12 56 94 78 54 40 138 18 79 84 18 165 91 82 119 132 40 52 33 73 30 112 20 32 
165 26 26 146 139 31 77 56 72 80 48 107 0 33 164 150 34 54 101 138 144 155 47 110 220 7 136 233 110 95 72 81 139 84 44 185 100 5 95 66 60 100 48 153 83 88 100 59 28 124 76 132 105 170 65 101 67 193 122 62 331 84 20 156 110 133 89 123 171 116 113 118 3 74 136 88 10 132 72 131 70 104 96 175 24 97 189 29 156 237 63 129 50 71 128 36 85 151 105 161 88 75 102 146 107 93 33 129 33 145 0 83 35 144 97 241 83 160 66 245 66 178 3 78 255 103 129 10 159 58 38 30 213 70 112 59 101 68 67 46 131 93 63 89 169 127 99 56 60 64 16 123 112 202 96 72 162 164 273 62 57 62 116 80 129 171 153 93 75 70 68 187 76 127 23 60 242 77 271 144 40 13 29 162 30 165 26 24 171 70 88 225 141 7 39 57 164 14 147 105 53 93 100 159 172 33 60 68 97 55 17 8 0 10 0 116 43 120 97 14 155 12 88 129 48 80 69 201 146 96 97 67 122 85 71 122 58 0 189 167 38 85 218 218 54 6 137 232 151 158 60 181 6 116 64 32 
142 72 139 32 55 27 171 106 24 23 40 174 0 24 115 37 9 118 32 40 107 72 175 0 51 99 63 0 120 101 50 113 127 86 109 169 26 61 40 63 64 84 12 93 90 0 48 78 42 6 45 0 97 0 81 0 60 57 34 19 6 19 40 100 72 6 21 162 26 6 48 59 72 160 7 92 11 46 176 0 12 150 48 85 107 218 73 66 24 0 180 24 112 151 32 93 66 111 102 5 84 164 63 54 36 9 27 114 36 6 28 40 48 18 40 67 120 13 54 7 20 58 41 87 101 0 98 71 46 56 62 87 28 34 16 84 168 0 29 108 26 94 26 49 0 46 51 0 8 164 18 0 99 164 126 24 118 42 81 38 47 0 91 6 7 106 148 24 122 101 70 185 16 63 63 0 25 75 124 144 0 48 36 25 55 0 76 0 0 28 36 0 84 137 96 183 9 57 75 0 59 134 27 43 36 0 90 154 19 20 48 72 16 12 137 3 63 18 82 92 44 164 0 0 125 27 87 30 77 25 158 24 20 14 29 63 36 0 34 44 100 193 77 122 0 115 84 205 0 112 4 52 111 97 27 14 
126 76 69 12 66 0 68 228 28 34 116 12 14 78 96 157 48 27 18 141 53 5 99 35 30 4 9 43 48 116 25 35 101 63 16 71 84 130 90 44 88 61 47 0 26 127 89 77 80 12 7 93 50 113 8 81 0 120 35 196 63 134 44 11 124 161 48 73 45 76 66 152 0 6 10 90 55 60 15 0 127 81 77 35 32 127 18 92 92 56 115 37 164 42 0 100 91 6 50 79 75 21 137 69 12 77 21 45 64 39 92 66 145 116 41 56 56 122 87 83 17 119 117 137 38 39 203 49 42 98 56 79 127 98 58 45 49 112 118 68 39 144 12 48 84 59 39 40 188 11 27 0 42 29 72 0 5 100 81 17 62 20 45 93 42 182 82 59 45 60 289 63 184 35 69 97 137 33 112 126 73 8 21 39 73 80 172 46 27 0 16 86 71 139 38 98 35 171 9 118 72 86 101 74 102 4 42 45 48 76 69 147 241 102 84 58 86 78 42 73 84 15 40 148 30 105 0 69 32 72 18 0 143 151 35 93 21 86 114 101 89 12 148 105 72 8 114 80 115 126 8 62 0 194 123 123 
69 12 35 0 155 48 47 59 172 36 31 95 64 9 68 138 57 3 21 180 39 135 20 80 92 27 60 113 82 135 117 78 81 96 46 19 19 32 90 100 67 25 48 95 6 121 67 49 15 84 134 88 40 110 56 74 72 132 73 4 8 16 54 58 96 170 30 48 77 88 155 118 42 44 0 5 40 80 117 57 134 126 123 41 137 91 44 0 52 93 64 8 124 83 49 75 109 14 66 117 51 63 0 31 59 127 0 9 0 34 64 136 36 0 105 94 39 114 65 60 138 0 110 108 32 74 90 7 159 133 44 35 79 98 21 101 82 60 54 133 108 31 9 105 56 112 90 42 93 69 63 129 101 0 60 6 67 82 68 79 62 214 69 25 142 78 15 48 116 75 137 195 67 128 75 56 50 123 52 102 24 122 46 72 15 91 64 58 114 94 51 0 84 147 87 59 12 161 78 126 64 93 163 93 5 92 41 98 0 97 51 80 24 0 73 6 121 114 129 183 24 73 0 69 103 109 150 60 0 68 102 31 3 12 51 165 36 95 122 88 131 168 63 175 0 74 60 84 327 68 18 122 54 110 75 51 
16 18 64 18 118 78 83 51 120 4 31 108 0 0 52 5 48 57 30 56 29 20 79 0 38 22 27 9 0 72 78 0 35 0 55 124 20 44 14 74 49 18 104 4 84 8 57 12 12 110 8 6 29 29 12 5 34 0 88 45 5 20 101 6 15 14 3 121 129 9 81 14 33 15 77 30 0 45 27 19 44 36 27 21 0 91 135 45 49 64 0 195 31 0 72 3 60 33 10 7 76 4 56 46 64 49 62 200 8 136 4 36 111 90 24 0 9 88 76 25 6 0 75 69 91 76 33 0 18 8 5 7 192 60 0 41 35 3 39 0 68 124 60 18 169 47 0 54 56 15 0 8 9 75 55 8 81 35 17 34 6 0 54 6 3 72 18 9 5 21 3 90 65 104 0 29 69 4 8 35 79 47 12 61 30 40 14 9 47 84 9 44 46 40 47 72 97 36 60 70 12 163 23 83 110 49 36 57 69 72 56 27 54 81 47 43 20 128 9 78 23 92 34 10 53 52 5 130 48 0 5 42 34 40 28 8 18 12 0 146 102 4 0 83 91 8 24 0 74 103 0 92 2 12 69 0 
10 46 35 106 112 28 23 24 36 4 28 85 18 48 75 55 102 77 45 25 149 46 49 0 54 10 16 70 0 0 116 46 66 48 37 91 71 80 0 54 50 9 16 125 63 24 24 27 0 17 14 77 17 36 51 40 79 67 75 35 41 0 0 42 93 19 69 16 29 64 47 24 61 24 30 79 26 4 72 18 73 67 82 53 66 44 99 0 102 67 0 73 103 55 0 47 18 0 63 12 10 29 22 58 96 0 46 137 0 77 0 78 125 26 0 44 17 64 42 49 33 74 52 12 66 22 73 14 0 44 18 56 21 0 1 60 194 12 117 30 9 128 9 2 62 137 41 4 6 82 12 48 108 35 37 23 53 7 43 26 122 40 12 51 52 70 50 8 3 92 27 74 20 18 1 67 104 9 8 166 49 74 0 59 0 62 20 33 96 54 77 70 16 44 92 74 148 56 16 116 27 40 16 61 108 0 44 20 105 9 12 120 15 38 195 0 0 16 44 54 44 46 30 39 14 77 120 46 14 18 42 0 20 56 0 84 19 8 77 124 21 53 30 171 39 87 79 89 0 88 21 63 0 52 25 57 
0 0 72 2 102 36 59 105 30 32 112 90 36 30 14 82 61 42 47 176 70 22 108 48 70 9 16 12 0 224 6 154 63 5 54 54 15 20 56 25 129 86 98 105 100 168 53 30 9 40 49 50 20 64 16 48 9 141 36 235 78 56 59 12 60 107 42 10 32 13 7 28 28 56 28 98 36 19 0 72 40 0 58 148 49 74 20 39 72 184 66 47 0 23 36 206 128 0 103 98 20 0 19 72 50 46 95 8 122 54 56 0 0 133 0 86 64 34 136 61 62 72 82 32 22 148 80 8 0 102 0 50 200 34 120 32 95 6 74 8 91 77 0 87 65 89 8 106 20 76 131 36 89 83 43 80 0 0 35 16 50 45 18 80 5 156 44 32 149 108 10 53 23 64 110 20 99 0 49 56 36 20 0 55 36 68 33 91 3 108 50 97 23 24 0 44 35 7 108 24 49 201 134 48 81 124 0 28 77 41 41 50 74 108 100 14 14 52 76 53 102 20 96 71 21 0 13 32 45 6 37 9 38 100 40 0 77 24 42 16 83 64 50 59 104 129 109 76 0 8 21 115 41 81 9 90 
35 95 36 0 83 0 10 99 26 154 18 12 24 81 149 20 32 49 16 32 84 45 48 12 0 141 28 10 56 70 18 149 4 60 107 186 84 109 72 54 32 27 60 68 12 0 60 69 54 54 12 52 128 12 49 53 174 10 38 83 67 48 63 66 96 124 113 83 32 81 25 50 84 18 63 151 0 20 113 18 51 29 53 63 0 141 0 89 44 84 175 3 189 195 16 30 71 48 138 10 83 51 109 12 0 86 0 59 40 95 24 80 79 6 127 85 66 70 85 36 72 18 32 63 136 32 84 37 71 18 2 30 8 42 51 72 29 32 83 64 75 106 28 89 39 58 72 86 152 72 13 36 12 112 37 81 42 211 81 67 98 0 125 32 138 45 85 28 45 75 21 102 48 24 8 79 40 72 88 72 16 34 57 27 20 62 32 143 48 10 60 21 42 93 74 197 94 28 36 76 120 41 81 57 16 0 110 35 101 106 48 68 69 0 0 35 127 106 46 83 72 14 63 44 12 8 95 36 116 16 123 66 36 129 79 31 16 6 56 104 68 56 80 125 0 45 28 84 100 50 61 50 72 74 91 2 
18 4 63 36 114 75 0 18 56 34 32 92 18 0 85 93 112 83 52 63 10 2 18 56 86 6 28 144 62 24 76 170 81 0 52 29 16 2 16 78 36 70 117 73 122 116 81 6 0 46 45 51 78 18 36 193 2 58 105 35 107 0 55 81 38 117 61 19 14 120 34 0 8 9 32 62 30 73 141 0 14 11 18 78 80 37 63 72 37 95 2 0 26 31 75 68 164 28 48 63 74 107 88 12 16 60 3 193 88 54 0 99 22 32 50 64 53 0 56 6 12 0 72 8 51 84 61 0 11 14 36 16 20 46 63 16 74 0 70 37 77 16 38 90 22 20 76 55 61 8 34 27 62 21 34 65 30 98 75 24 48 0 48 27 74 88 123 78 45 19 0 86 74 34 4 39 103 0 72 24 36 105 65 0 12 2 35 67 50 15 59 70 54 96 33 96 169 56 10 1 0 74 81 88 94 0 39 29 32 0 22 44 121 3 167 9 14 24 81 190 93 32 36 46 0 0 12 74 40 32 82 72 48 75 38 54 92 64 72 30 22 142 54 38 79 70 16 235 87 53 78 75 8 27 70 104 
40 88 60 0 189 0 54 94 65 41 54 128 67 29 226 47 79 60 0 138 137 42 9 0 36 0 0 38 133 93 87 69 57 55 111 171 87 87 3 30 81 12 24 120 24 167 60 74 48 81 136 83 45 121 22 97 75 0 109 176 123 30 99 108 48 85 15 40 20 28 33 72 112 102 173 246 85 91 54 18 73 190 112 170 91 18 60 60 55 111 0 45 49 8 0 198 138 0 112 12 30 45 90 145 9 27 30 0 169 51 61 197 118 49 9 78 61 105 39 108 42 18 53 0 70 12 78 111 23 36 118 12 126 45 24 33 94 0 14 14 107 111 105 96 95 137 73 159 59 81 89 39 42 72 125 0 122 137 151 107 33 45 57 43 100 12 121 40 57 12 66 0 45 83 45 53 0 9 36 30 134 24 11 49 113 83 9 154 9 45 169 115 60 144 35 81 74 50 72 60 146 120 23 23 50 83 55 109 122 70 15 66 72 113 167 58 66 84 81 121 76 22 30 36 50 33 49 50 0 30 0 39 17 134 115 67 35 77 161 0 91 171 28 76 35 56 15 56 46 117 80 65 0 85 51 132 
28 72 85 108 156 0 27 90 42 36 100 10 0 0 81 91 66 45 140 0 14 51 45 21 7 2 75 54 6 64 28 48 0 144 163 70 185 0 187 24 12 5 21 48 92 76 8 0 40 32 110 0 107 52 34 9 79 165 58 130 77 81 54 64 93 52 212 6 114 0 0 40 54 31 101 0 9 40 68 50 79 36 198 81 49 97 237 18 81 48 49 28 0 78 21 50 40 0 126 57 86 35 34 18 150 77 9 16 0 43 3 136 72 36 42 36 42 19 36 45 47 54 16 0 191 148 50 0 42 0 63 82 132 38 0 0 108 0 0 66 40 50 0 56 19 92 0 0 69 117 29 86 86 167 61 126 0 0 20 0 25 4 42 77 48 129 14 18 81 12 2 8 52 84 40 58 72 122 9 63 65 72 34 81 10 163 0 90 70 30 0 60 25 144 0 31 162 54 24 68 120 46 0 42 125 120 60 45 210 34 92 10 98 0 90 30 56 0 134 4 92 16 45 74 102 46 14 21 21 0 56 48 8 54 38 4 45 6 59 69 134 90 10 99 119 144 93 144 72 118 8 170 77 91 73 47 
6 12 35 42 98 62 27 64 103 1 81 70 0 0 85 44 6 81 11 18 122 52 18 5 63 84 0 38 104 16 55 131 144 62 121 20 66 87 35 84 148 17 21 120 69 54 14 45 0 0 73 0 6 60 49 54 35 109 0 31 9 43 20 126 0 31 37 141 6 1 90 96 63 27 135 137 35 48 14 71 108 121 4 120 78 33 19 0 4 33 142 0 22 212 0 66 48 0 209 8 27 96 24 9 48 0 0 95 0 0 0 126 46 53 28 46 44 49 146 5 8 9 240 80 0 36 1 8 12 108 8 24 31 9 21 124 24 26 66 125 35 81 0 20 7 18 0 6 6 35 59 20 87 0 91 60 74 96 0 2 5 48 100 11 88 0 61 9 120 0 72 104 12 5 59 0 0 20 72 160 72 24 24 34 79 50 12 42 124 86 42 35 80 51 100 99 54 23 69 131 26 2 117 96 0 2 0 40 24 24 8 20 135 54 54 99 13 0 27 16 69 0 18 0 90 99 136 63 8 0 107 15 5 115 81 101 9 16 22 45 67 237 142 132 46 90 65 34 6 118 45 12 21 176 33 4 
150 32 26 147 190 24 24 76 84 13 125 274 18 101 127 20 72 42 156 64 116 108 99 25 40 8 78 60 14 42 30 53 180 243 150 86 138 39 193 32 137 35 64 122 33 40 4 120 54 50 63 16 89 141 63 3 1 160 66 0 46 83 40 245 79 80 112 88 46 130 34 51 82 27 158 9 20 28 57 78 81 117 140 6 46 105 144 36 78 59 56 26 52 0 31 158 51 199 101 12 38 45 0 128 39 97 63 72 98 8 38 193 36 32 21 37 134 82 139 58 58 141 114 2 175 112 84 81 19 103 151 54 99 90 60 97 120 60 84 90 28 230 66 175 85 88 71 54 24 78 54 50 110 144 13 91 89 192 200 105 123 108 102 75 66 92 127 2 117 102 110 63 18 46 16 60 60 76 212 50 88 0 69 6 8 38 90 126 11 85 152 51 48 171 35 114 24 57 22 9 83 111 63 30 119 116 54 69 23 0 66 102 173 42 46 30 28 54 169 97 83 169 94 8 31 49 136 60 18 93 92 18 41 52 88 190 83 60 129 100 82 158 40 115 161 111 77 72 58 54 84 89 53 180 78 27 
70 74 12 70 14 34 48 96 66 9 141 173 125 41 96 118 106 5 102 105 110 101 188 262 58 24 116 120 83 39 76 148 51 97 38 64 30 45 83 97 52 52 16 110 97 109 65 36 93 23 42 6 65 128 32 105 30 48 41 234 105 82 215 120 43 42 36 69 145 69 145 149 27 59 179 63 87 111 31 129 60 13 94 93 116 27 110 72 148 81 196 39 114 62 144 147 214 39 108 47 143 63 60 151 74 56 72 173 85 133 65 49 63 66 0 55 92 80 54 204 36 64 107 73 64 89 53 108 35 114 12 83 155 214 50 153 93 110 81 122 110 96 91 127 101 139 88 114 35 100 172 76 100 63 104 63 52 124 91 169 87 32 86 117 0 165 100 40 39 123 50 47 150 106 64 128 64 82 34 85 0 79 59 80 159 175 221 36 185 59 106 72 21 127 90 36 36 25 30 100 183 43 73 86 175 97 6 57 53 50 32 49 56 45 66 36 57 75 146 144 101 14 69 55 106 3 43 111 72 128 35 83 32 170 114 6 100 86 74 108 146 64 14 85 98 0 32 67 25 169 59 117 128 28 29 0 
83 9 42 42 49 52 0 121 40 49 135 113 0 63 90 126 21 0 29 192 52 119 64 51 45 43 143 19 0 177 12 143 28 103 108 80 24 0 28 0 60 53 72 16 25 16 12 36 72 104 36 111 168 172 36 43 25 117 70 18 50 92 37 64 24 34 89 8 56 160 26 102 72 46 178 13 46 12 58 84 23 86 0 0 93 51 6 78 86 101 165 51 80 34 0 198 63 26 53 50 45 5 43 27 102 0 45 30 0 5 49 90 15 78 12 91 6 148 24 24 54 97 16 18 185 156 130 6 12 226 71 33 0 120 109 113 23 35 44 73 8 155 48 121 48 0 36 54 29 56 99 16 0 55 7 69 0 70 111 96 20 69 96 61 10 16 189 32 6 159 108 0 8 0 34 0 48 102 32 12 0 24 72 45 51 46 45 87 25 116 122 56 32 60 88 25 84 0 93 6 164 150 66 54 172 30 60 60 12 30 30 42 52 0 63 60 74 0 110 78 14 64 17 76 56 24 60 33 35 74 46 54 81 96 50 0 30 28 140 67 106 218 60 97 0 76 190 36 80 24 32 66 84 50 66 114 
74 71 63 0 113 156 28 0 45 34 48 32 0 38 51 74 24 0 9 77 15 185 33 0 0 0 157 32 16 53 113 70 86 184 0 38 33 57 27 76 8 29 74 253 134 10 33 43 92 70 163 44 12 120 107 28 60 87 100 45 12 4 32 36 72 79 3 9 98 16 10 105 117 5 100 68 35 86 28 0 12 54 86 95 205 83 48 56 92 79 56 124 81 51 24 46 101 70 72 28 84 54 67 114 0 7 21 27 38 40 56 130 13 0 0 66 126 25 72 33 179 0 20 9 73 0 0 0 31 0 211 26 5 8 4 78 63 63 16 123 34 20 120 0 26 70 48 24 20 5 27 24 0 0 80 108 77 104 89 27 88 110 54 57 161 37 143 16 21 56 62 61 9 20 60 84 0 84 2 85 36 71 85 64 66 82 16 44 37 72 126 29 103 43 0 24 0 32 22 57 16 14 45 27 10 65 80 8 107 92 138 74 81 12 72 36 79 12 95 105 80 0 44 0 66 56 28 59 20 9 147 48 36 113 70 64 14 79 261 67 27 124 99 119 52 52 101 101 14 128 18 12 88 111 76 0 
58 32 28 99 79 6 17 16 0 127 84 42 0 144 28 60 6 20 120 85 55 21 40 27 52 94 99 68 4 203 72 36 12 54 63 79 25 38 39 0 42 25 30 21 0 0 0 84 2 90 71 4 56 0 24 0 40 60 73 16 83 93 36 9 40 166 0 37 20 122 14 132 40 40 49 0 0 25 98 0 94 4 114 45 9 124 24 128 16 68 73 36 97 160 0 98 20 28 111 83 5 12 12 42 27 69 0 0 17 41 0 66 52 0 82 28 68 135 32 15 55 36 36 18 70 16 80 0 42 82 81 86 84 122 48 73 0 24 112 75 74 127 42 62 36 9 48 0 55 64 36 127 49 188 0 9 16 155 118 0 3 57 61 43 118 49 78 135 42 102 0 21 33 19 20 39 55 48 49 44 0 63 6 93 10 42 10 129 57 24 54 20 15 25 18 67 9 0 16 28 0 42 72 63 0 87 32 0 0 0 25 8 18 8 0 42 89 28 36 64 42 0 21 25 79 110 149 41 30 48 36 15 25 24 48 69 14 8 120 86 32 12 66 123 16 106 107 75 187 48 60 12 72 0 35 18 
50 56 35 56 20 7 84 67 12 36 129 63 42 38 28 8 0 43 12 86 3 148 52 94 32 8 155 0 36 27 0 24 60 62 113 107 44 18 0 8 0 51 0 164 54 5 17 10 32 127 69 66 67 27 16 15 35 23 18 30 159 10 87 72 22 103 0 52 71 135 0 5 16 40 24 15 18 26 12 53 0 35 40 35 45 57 134 42 54 71 66 141 24 76 40 14 28 26 76 30 42 57 103 115 0 14 64 49 24 71 24 42 14 33 45 18 109 27 96 84 12 81 81 107 105 89 40 12 90 43 34 0 44 27 14 157 0 20 42 68 36 252 0 63 41 146 0 0 34 30 56 5 30 123 59 0 12 24 35 52 29 51 80 25 23 95 86 136 97 0 101 110 23 126 57 136 81 19 130 75 25 12 4 48 24 36 84 24 62 54 55 41 97 29 27 88 18 10 67 27 0 81 25 30 30 29 28 48 109 0 51 30 0 26 8 98 42 27 18 39 50 32 103 70 140 62 40 52 74 58 26 0 36 101 87 69 46 0 32 10 16 35 30 75 125 54 120 184 84 206 0 75 37 60 44 48 
67 68 92 60 117 75 83 48 80 30 28 25 0 126 136 61 108 35 0 56 18 135 112 12 125 42 104 72 20 118 86 34 112 58 102 77 116 116 69 95 70 66 18 231 86 56 99 85 107 29 216 82 123 24 65 51 80 99 0 138 91 91 0 39 110 71 87 15 81 42 35 120 163 33 45 21 136 49 24 28 37 69 52 135 62 94 140 108 57 100 91 31 60 173 9 9 89 22 227 101 69 87 14 69 71 49 91 36 68 203 61 110 201 25 78 17 49 114 184 118 56 129 59 36 111 166 105 156 46 51 15 121 123 74 25 18 165 151 84 9 37 107 18 54 12 117 118 112 120 98 10 7 132 63 0 143 128 7 36 28 87 88 274 177 78 71 6 85 217 16 33 92 70 46 101 108 65 93 62 127 169 148 40 86 18 67 140 9 89 142 27 35 41 32 48 120 124 108 59 60 180 115 33 44 169 175 0 54 64 61 103 104 12 144 83 57 153 17 106 15 128 50 88 46 119 60 114 115 0 12 186 67 18 0 73 60 44 56 102 118 96 170 71 225 78 143 86 167 54 93 6 230 41 139 70 21 
139 90 16 45 175 18 24 39 27 0 225 40 109 24 130 55 28 12 14 67 134 60 135 30 114 7 24 29 54 127 26 60 40 60 71 65 42 40 138 32 46 46 37 25 23 94 158 17 162 141 123 105 61 34 82 163 96 90 70 144 37 71 0 57 34 342 204 66 105 30 14 96 48 94 62 87 158 104 147 82 22 50 133 85 59 53 67 170 84 156 4 128 56 143 18 3 62 0 40 42 162 23 98 129 78 16 48 118 99 0 75 53 18 60 14 108 127 76 141 136 127 184 80 71 139 55 54 65 107 72 124 34 121 39 118 55 96 79 89 0 25 266 30 212 122 57 78 129 41 81 38 42 14 64 119 12 35 35 25 71 161 96 46 132 213 42 173 126 36 78 39 49 150 78 37 0 5 64 4 18 87 53 31 123 48 88 79 32 123 42 59 102 153 96 46 195 40 56 129 91 112 111 128 171 18 47 30 111 75 94 68 80 77 40 108 107 109 0 99 66 35 78 6 72 133 96 95 8 52 0 116 0 141 142 122 66 66 81 91 133 0 218 36 186 22 36 242 144 197 41 79 167 26 104 0 21 
3 0 56 25 73 0 42 5 85 77 0 19 0 0 31 39 59 84 8 22 0 77 56 0 25 64 61 0 128 114 0 94 43 18 54 35 44 58 21 20 4 56 59 56 96 61 16 62 73 106 5 16 90 64 0 0 148 5 35 31 0 45 0 0 18 56 40 49 20 110 0 204 86 64 16 123 63 108 67 35 0 103 21 5 54 135 96 56 21 92 62 14 121 63 85 0 123 35 6 0 67 28 8 40 0 0 5 7 40 75 136 82 12 0 44 94 30 4 56 0 62 0 51 12 118 56 21 56 86 8 30 3 78 55 131 88 18 42 42 73 112 28 81 32 14 7 0 122 8 145 90 14 76 26 104 30 12 26 153 113 69 23 45 93 147 66 140 64 35 109 63 68 30 0 0 2 49 39 54 0 16 63 8 29 63 0 205 74 72 13 45 57 56 54 66 9 0 63 37 68 57 78 6 50 34 89 7 72 37 0 12 0 57 50 0 20 36 45 125 198 24 14 28 23 63 0 21 0 69 42 26 75 6 26 8 161 56 35 68 52 128 138 70 96 46 40 70 10 97 172 8 17 2 59 81 0 
66 56 14 14 61 18 49 69 108 72 0 78 15 104 79 87 24 72 28 21 81 95 126 93 12 29 9 88 71 51 48 66 144 137 17 85 15 138 21 0 91 78 37 81 54 0 107 24 63 82 111 61 41 75 10 61 44 51 112 123 88 114 118 84 66 67 173 10 25 93 0 118 0 9 86 147 102 39 94 42 68 37 127 87 48 27 72 35 66 47 108 18 46 62 76 47 105 0 45 119 17 51 81 77 3 69 87 51 38 77 0 0 2 64 65 57 9 81 228 66 56 9 61 2 118 68 123 36 147 109 14 150 17 117 61 156 35 12 166 0 99 94 6 15 120 34 64 9 48 92 0 105 57 21 16 0 38 123 189 97 105 14 223 40 8 20 148 48 13 110 104 51 97 37 79 0 15 84 21 48 84 2 5 49 0 52 0 27 38 0 152 68 50 50 56 81 141 31 116 64 117 23 144 145 12 32 62 6 48 104 34 5 28 64 53 24 178 100 65 8 92 12 35 81 53 71 88 98 104 54 67 102 14 80 107 117 14 0 72 26 51 92 0 148 77 14 21 43 44 62 76 148 159 32 9 13 
26 51 63 71 31 36 8 0 37 77 16 123 105 46 34 32 143 66 0 43 72 42 118 79 0 16 54 72 77 46 125 54 38 8 0 91 46 6 36 77 137 41 80 100 12 9 0 48 39 8 161 56 84 0 67 34 63 37 23 18 63 28 14 71 1 114 94 80 22 52 4 51 8 16 36 9 61 21 75 26 7 4 1 11 74 42 75 1 36 13 42 35 77 70 12 41 36 48 72 89 94 24 42 74 8 63 98 41 59 42 14 132 96 104 4 22 26 38 80 86 52 82 0 2 82 172 50 96 4 82 73 27 78 40 8 62 28 5 41 42 12 84 9 33 34 86 45 71 24 4 89 0 138 0 46 32 0 88 9 15 149 14 54 114 69 58 136 63 15 70 25 56 6 77 16 36 30 8 63 116 23 84 0 7 68 21 94 0 11 84 51 36 6 72 32 37 4 16 76 20 7 9 9 10 157 54 64 10 46 40 0 29 64 72 62 42 65 24 43 40 33 27 48 80 0 0 166 24 60 32 56 8 57 0 23 72 162 7 8 27 36 148 28 37 16 26 26 0 64 120 0 48 0 54 42 65 
0 0 63 14 63 0 0 0 0 0 0 7 25 27 156 38 0 25 8 105 0 78 63 0 127 10 102 144 14 67 0 87 6 2 49 85 0 44 4 0 0 66 9 55 18 0 5 22 90 0 5 0 42 0 0 28 73 0 25 59 0 18 0 9 0 0 55 12 14 102 25 75 42 0 7 30 34 0 43 0 12 31 21 77 63 0 102 35 25 0 14 70 29 57 12 88 9 30 35 36 30 34 0 64 0 40 0 49 0 65 0 87 72 63 0 45 0 70 0 99 92 93 2 46 5 50 72 0 22 110 63 4 64 63 54 60 9 137 0 21 15 9 8 18 9 6 51 20 20 0 4 0 0 0 7 90 0 97 32 41 47 150 54 6 48 49 71 16 126 105 36 103 0 0 81 103 0 34 89 121 89 69 36 105 0 56 54 12 47 7 0 32 48 9 105 102 21 49 0 77 8 9 87 0 9 3 0 30 60 27 0 50 87 3 21 30 14 18 0 0 72 40 6 80 71 0 70 0 0 101 147 103 54 45 9 54 0 0 64 6 12 7 83 0 18 0 0 38 42 146 12 63 2 90 94 2 
46 24 48 0 29 27 52 0 0 28 31 36 48 48 16 6 0 87 0 35 138 119 63 21 23 24 81 0 0 66 101 16 58 35 42 45 12 66 0 78 0 0 0 12 36 10 0 0 45 14 64 0 21 40 41 6 15 75 25 59 107 9 16 48 40 51 48 75 82 78 0 12 111 41 46 0 18 39 173 28 5 30 74 0 49 57 97 0 9 50 58 66 122 152 21 32 0 0 24 42 32 83 88 25 0 35 36 56 15 19 25 15 0 0 5 20 27 27 8 30 99 27 74 18 105 42 0 109 8 0 76 6 0 7 28 53 54 35 30 135 0 62 0 35 27 17 18 35 15 44 62 12 30 9 23 56 0 6 48 0 64 5 49 72 20 61 85 3 48 51 46 78 2 24 104 28 1 85 39 240 1 72 3 29 0 33 105 39 0 16 53 57 0 54 79 37 35 10 45 29 10 99 24 90 7 10 20 24 157 6 12 54 0 45 109 0 0 27 20 55 42 81 0 115 157 0 64 0 61 0 18 30 23 34 15 34 30 0 59 27 18 84 15 97 0 63 131 0 54 162 45 87 96 191 0 16 
106 49 39 25 94 0 99 73 16 20 133 125 45 103 81 53 14 70 0 60 53 246 106 54 61 29 106 49 51 51 9 40 205 66 32 83 93 103 102 122 86 77 21 118 40 111 49 21 55 0 52 15 5 36 12 18 10 108 49 128 102 44 25 80 30 46 0 128 120 80 7 160 74 27 112 86 2 67 97 82 100 16 83 65 70 16 166 89 17 34 70 81 110 139 40 130 119 98 171 0 202 25 64 94 119 17 54 66 80 106 82 3 63 40 115 81 62 122 55 166 17 75 174 84 48 50 21 86 77 160 56 8 48 201 28 92 84 56 172 151 75 73 2 134 60 48 72 129 25 81 45 49 109 91 10 95 87 95 48 57 120 72 51 96 38 30 178 53 155 142 14 48 34 68 42 193 0 39 101 213 35 0 9 72 91 44 124 135 63 66 30 1 111 85 34 140 81 80 95 111 38 84 66 70 34 45 42 45 69 115 35 78 85 131 127 45 30 81 0 55 26 48 139 81 143 61 14 109 59 0 33 14 160 170 86 10 70 30 134 132 104 160 140 124 7 116 43 148 89 201 39 79 0 150 30 28 
7 9 85 10 132 72 42 69 92 30 89 74 0 33 107 131 7 14 0 67 64 64 86 0 34 76 160 141 128 72 28 108 42 125 86 60 96 50 63 0 65 24 132 137 81 89 82 0 12 24 41 0 0 13 0 85 26 26 66 100 3 25 27 92 4 0 35 145 77 138 48 0 2 42 148 18 52 40 57 43 31 113 92 97 51 95 15 35 33 0 94 129 88 74 152 0 18 57 157 67 5 59 0 52 24 52 22 135 0 0 22 77 21 38 31 75 0 36 109 63 0 4 101 185 31 125 32 32 15 30 20 31 131 2 12 38 63 63 33 33 8 121 81 36 81 0 99 26 18 92 18 36 49 40 24 35 0 194 113 14 13 16 4 91 49 202 51 6 63 1 12 56 55 110 0 6 23 78 156 33 59 117 24 36 4 25 8 24 70 4 36 48 36 77 130 72 12 41 19 56 72 94 15 0 20 77 48 103 30 76 34 105 111 45 72 19 23 82 122 25 60 72 26 15 69 29 72 35 62 0 51 49 28 76 89 44 13 87 208 98 84 146 78 105 80 42 64 186 28 0 0 79 46 34 59 40 
59 59 70 20 104 63 117 37 176 63 56 110 43 49 88 30 30 66 36 40 81 186 99 30 77 35 50 72 46 58 40 38 113 89 36 121 4 18 34 16 113 45 74 195 117 0 29 75 63 112 10 86 56 29 119 43 45 9 156 52 28 3 42 67 113 104 31 56 97 97 71 41 58 45 7 45 18 14 39 52 68 54 127 70 88 52 136 49 24 60 6 173 37 118 40 63 10 24 22 18 0 128 14 210 119 0 72 54 0 21 83 113 111 14 0 59 49 51 145 36 79 59 68 13 79 31 1 0 54 43 32 96 58 42 49 206 71 24 74 195 144 119 40 92 89 172 29 28 115 21 29 4 17 0 145 39 77 106 96 84 72 142 104 0 156 22 140 40 83 166 31 162 61 14 17 145 43 64 141 14 48 89 7 135 111 10 30 76 92 48 63 72 64 5 28 140 64 97 151 15 12 161 33 208 108 48 97 20 209 165 60 124 46 6 50 109 108 15 0 89 19 56 34 75 83 45 97 128 15 40 58 105 121 60 157 171 52 0 115 81 81 131 40 273 58 74 157 173 82 253 26 212 25 121 32 22 
49 56 52 10 110 27 20 61 6 7 83 13 0 25 4 14 0 21 18 75 45 0 24 18 18 1 48 38 32 60 77 21 63 0 14 19 8 39 21 0 30 9 60 0 18 0 36 5 0 56 150 0 0 0 7 63 28 0 56 35 21 0 0 21 4 66 0 0 0 0 0 0 18 20 77 36 91 17 84 8 24 32 50 48 42 57 16 58 0 107 9 50 1 0 27 39 139 14 0 0 60 7 30 36 0 57 5 36 8 7 0 0 7 24 0 113 54 63 24 54 9 0 27 24 32 42 3 2 0 35 206 28 31 28 4 0 4 36 46 28 96 69 0 0 0 6 24 42 48 76 51 82 0 15 36 12 9 0 8 68 55 5 48 0 150 0 0 0 0 12 0 0 12 53 104 2 8 35 0 0 69 47 91 100 63 90 76 40 27 10 0 65 47 0 49 30 30 78 81 18 7 26 42 0 44 22 0 0 50 113 50 14 0 0 7 119 93 118 0 54 42 48 15 0 0 63 49 56 3 0 18 12 8 64 42 22 0 0 18 0 74 108 132 68 88 26 14 0 56 38 32 39 0 28 63 6 
83 0 131 35 161 0 28 54 28 113 0 48 0 36 12 85 46 98 54 141 99 46 99 39 90 0 15 80 0 87 8 45 56 45 134 115 12 99 16 36 0 27 28 62 28 55 12 0 12 15 0 4 25 29 25 16 42 0 44 56 156 76 87 0 2 113 0 83 0 21 0 128 0 20 75 68 0 63 158 66 0 5 0 4 66 81 49 30 78 35 140 0 180 29 69 137 94 87 41 26 29 9 0 63 25 137 28 8 0 42 0 15 14 0 10 8 45 63 26 127 39 48 124 70 73 20 37 5 24 55 80 18 32 65 65 0 81 101 93 21 40 45 50 36 27 84 93 48 35 112 53 0 91 42 0 0 8 126 92 82 81 62 67 46 59 76 9 33 57 92 48 67 77 71 99 35 84 25 58 165 0 20 0 65 103 81 84 24 49 9 121 6 51 147 3 42 21 50 0 28 75 136 60 51 110 30 0 12 0 24 9 36 74 12 119 9 14 24 41 116 12 101 16 5 81 0 123 71 109 58 24 14 24 84 49 24 30 8 40 99 102 55 72 0 8 56 1 4 114 36 10 45 119 42 48 43 
29 0 101 0 39 63 14 44 7 21 0 135 117 72 10 15 27 6 0 70 64 10 85 6 19 0 114 14 39 153 121 20 21 8 42 59 22 55 42 24 0 21 42 16 0 28 48 3 81 32 92 38 40 6 85 0 21 0 34 29 13 0 0 18 48 156 83 12 64 3 68 58 54 39 145 45 100 19 56 65 16 89 77 20 50 0 0 68 47 107 21 91 0 7 93 46 51 40 6 28 40 118 0 30 6 103 40 43 20 15 0 57 13 40 0 70 53 98 56 0 87 0 112 70 20 52 81 14 30 71 81 20 82 20 62 39 9 0 28 0 63 121 18 59 27 14 0 58 30 45 45 28 0 35 104 0 0 12 15 32 45 42 56 24 91 58 1 3 19 35 0 35 88 111 63 23 64 16 56 56 109 120 0 0 65 78 40 8 115 132 0 61 72 15 24 63 45 0 33 47 32 79 54 107 118 102 21 13 69 135 12 38 24 24 14 133 66 37 54 36 54 28 21 70 0 0 112 157 33 0 53 48 54 28 29 63 64 0 60 63 63 34 0 10 118 62 93 14 16 53 53 15 8 73 63 18 
0 90 0 21 12 12 82 54 106 69 0 4 47 33 62 52 40 66 75 21 36 66 25 51 84 24 99 32 62 38 60 119 48 13 10 32 44 2 21 4 32 21 0 184 9 20 25 24 16 0 9 0 6 49 74 0 205 39 38 40 36 24 24 53 81 36 89 53 73 129 56 62 16 34 0 0 11 43 36 78 66 5 175 0 24 6 42 106 140 36 64 29 40 50 33 32 44 129 154 29 50 0 0 46 26 35 44 70 74 44 76 0 60 0 12 24 79 7 27 12 155 6 96 12 42 100 64 44 35 30 14 108 0 90 28 12 45 108 144 42 100 66 36 50 86 169 0 12 126 60 24 49 78 14 38 1 36 33 100 100 30 2 52 6 110 0 36 32 28 114 162 28 72 27 48 8 46 56 111 0 18 0 107 75 0 52 0 36 80 109 150 14 106 16 6 0 48 72 74 8 109 56 96 22 30 48 56 48 0 78 99 60 0 97 18 4 0 108 78 2 85 32 6 15 72 42 78 75 0 112 42 24 0 63 0 7 88 0 63 28 0 12 0 63 56 0 63 25 8 2 4 167 117 56 10 64 
12 165 91 10 156 20 62 119 0 54 94 28 0 56 76 140 52 13 16 104 26 68 35 51 31 36 248 94 103 135 64 147 51 101 72 79 80 16 48 82 35 18 136 54 0 28 12 0 0 98 0 21 110 4 81 89 107 4 2 75 27 0 8 40 32 111 44 31 28 159 96 70 103 46 59 45 19 30 23 10 24 228 122 2 54 78 54 8 0 135 0 78 48 33 54 0 36 2 42 95 90 144 119 0 25 0 12 73 0 18 15 124 54 18 0 123 40 193 12 7 49 12 16 28 48 91 52 30 50 28 13 0 0 70 2 76 52 8 0 45 44 121 72 148 73 57 81 14 76 47 53 2 52 14 99 21 48 98 81 10 26 59 39 23 124 185 107 69 5 54 68 2 6 70 74 24 16 164 127 81 0 113 67 9 18 48 0 36 42 37 30 45 40 67 2 71 30 22 43 0 124 113 0 46 125 72 112 44 91 71 86 0 26 0 111 45 51 127 46 17 54 40 5 115 37 104 45 50 21 0 26 66 53 132 93 18 81 0 150 126 106 104 14 82 72 105 106 135 142 76 91 113 0 43 30 72 
168 0 23 0 63 27 36 88 0 0 121 56 48 36 4 33 36 4 86 40 54 80 67 72 36 99 20 102 90 2 109 0 48 0 28 104 56 36 66 0 9 42 0 185 27 72 48 153 12 18 15 23 60 21 4 27 78 0 39 49 29 12 66 18 50 72 30 63 0 83 48 36 0 113 54 12 0 38 0 0 0 85 72 0 0 96 140 29 36 14 28 63 37 27 79 63 51 27 168 108 57 123 48 72 9 72 34 129 110 30 24 58 64 91 16 48 0 63 60 121 61 6 84 72 15 12 0 53 44 24 117 6 97 0 12 54 2 54 92 170 77 79 164 0 9 110 0 32 18 54 100 21 24 63 139 0 72 107 18 84 12 81 55 54 0 70 34 54 32 24 27 42 38 72 61 171 0 72 0 0 0 67 23 0 79 0 144 59 51 8 81 128 72 152 47 0 65 64 82 0 54 0 0 0 30 100 41 109 69 75 100 71 93 0 44 109 82 18 0 76 138 4 91 24 0 48 15 3 72 102 82 54 27 40 87 30 45 36 93 73 36 21 62 86 99 32 0 73 57 73 24 117 7 0 75 27 
134 0 53 0 63 0 51 12 77 14 68 41 42 109 4 128 124 147 90 15 9 84 88 38 0 45 56 0 83 0 0 58 129 56 65 70 42 42 57 6 44 41 88 78 84 59 28 0 27 27 0 0 86 122 18 8 113 75 0 28 3 16 36 111 129 62 18 0 104 36 1 74 0 88 35 63 23 83 42 59 43 40 16 54 18 100 99 150 14 63 143 14 70 36 45 158 186 54 3 8 54 21 83 88 89 96 36 4 59 9 80 91 4 8 8 64 20 27 51 24 0 0 73 0 40 63 20 27 40 16 52 64 64 21 14 65 59 29 38 55 58 79 72 43 61 14 0 0 0 54 21 80 69 103 131 43 60 98 78 135 8 32 64 28 60 33 82 98 25 85 3 113 35 18 62 0 44 7 15 58 63 53 56 45 23 65 112 35 6 0 33 58 60 175 33 85 0 69 90 28 32 78 216 23 6 42 105 0 21 0 30 0 175 88 268 70 36 16 136 46 20 0 45 28 25 18 0 21 82 26 101 0 56 20 72 35 85 56 144 74 39 108 16 72 70 112 45 65 56 71 47 96 80 18 44 45 
118 103 135 0 48 27 106 148 135 113 137 28 6 90 24 32 64 34 123 131 28 166 91 29 119 0 63 87 41 0 74 29 10 122 12 140 18 77 40 0 16 31 87 98 21 190 63 108 18 54 66 84 39 68 33 136 12 99 173 87 74 46 79 24 58 35 0 111 58 86 19 108 91 59 86 0 12 64 162 122 2 72 77 113 50 185 30 114 28 58 167 12 128 1 121 137 201 63 31 23 107 17 6 78 0 56 57 110 107 119 66 44 46 63 0 27 28 119 75 80 42 36 67 136 107 67 138 6 78 6 72 101 106 90 42 56 108 56 110 171 35 27 31 208 44 143 45 70 173 87 54 58 138 182 30 35 115 63 67 11 73 24 170 92 45 179 35 0 89 143 96 62 132 10 29 9 14 155 131 164 56 73 81 57 62 4 172 93 108 80 156 111 72 129 163 121 148 103 53 78 65 102 42 105 48 44 127 91 101 5 70 109 49 256 28 18 115 154 75 138 57 30 49 0 86 57 4 130 55 38 14 138 19 144 180 95 69 65 91 65 214 130 7 111 54 42 63 87 153 24 14 81 172 24 127 0 
68 0 8 0 69 3 0 54 12 13 69 44 122 54 64 147 43 98 32 45 34 58 66 113 27 10 66 3 54 81 36 10 52 55 59 64 84 0 149 63 45 25 6 0 83 32 61 10 45 58 121 2 35 69 14 32 24 0 0 26 55 0 90 1 62 188 96 62 110 62 11 75 40 44 24 40 146 2 82 0 6 57 70 30 35 60 24 11 66 12 60 19 0 101 0 66 30 0 89 23 125 109 86 8 66 20 34 8 11 89 12 75 0 51 87 1 74 142 112 88 57 60 180 87 109 0 70 23 75 51 26 24 54 54 29 71 82 0 63 150 12 135 12 25 16 66 0 32 90 15 78 35 40 61 21 60 0 22 0 78 6 15 38 93 7 90 75 0 135 57 25 64 123 145 72 203 62 79 64 97 54 35 45 0 18 123 108 159 45 65 28 41 21 100 2 0 0 48 40 33 128 29 108 88 27 36 29 79 82 10 30 85 92 47 75 0 0 0 51 3 64 0 79 96 72 13 27 111 29 24 28 0 69 108 50 41 61 40 110 61 12 75 6 80 87 0 106 24 98 230 76 54 52 108 15 24 
68 26 50 56 103 12 143 97 102 0 0 109 0 9 0 13 24 26 67 74 27 145 110 10 66 59 95 125 66 62 13 2 206 113 110 99 0 35 39 35 108 12 70 72 40 56 62 14 0 0 0 128 102 81 0 18 0 6 85 92 26 0 54 12 10 50 44 128 36 55 13 43 0 9 76 179 21 12 70 96 44 26 12 77 15 162 56 0 58 50 54 29 210 24 124 0 162 43 9 98 85 75 32 42 6 89 72 34 27 36 54 113 0 72 4 31 16 8 150 76 18 21 45 32 24 102 0 45 147 24 0 28 10 97 40 0 162 0 12 65 35 5 57 215 119 0 12 0 53 68 18 0 158 61 38 0 98 2 163 9 69 15 0 104 31 25 119 67 5 186 91 48 116 0 63 0 114 0 148 92 16 18 0 48 89 30 172 14 128 31 4 37 124 164 3 81 63 76 13 90 54 178 95 34 87 0 63 2 16 12 106 0 34 8 145 30 51 82 110 66 0 50 40 9 78 21 82 92 57 56 0 20 81 188 97 324 83 0 16 55 28 118 41 74 4 6 9 54 65 116 53 65 160 91 45 48 
30 0 33 20 149 38 36 6 35 35 100 12 4 60 48 71 12 18 37 74 18 93 85 0 23 24 106 68 14 121 72 12 63 23 11 63 0 26 63 0 33 12 21 57 30 0 53 29 0 77 48 17 10 0 5 8 17 78 83 0 40 0 24 0 28 93 28 15 52 35 31 82 6 31 0 9 40 0 0 20 0 11 212 80 0 0 124 59 10 30 0 73 34 33 10 27 18 18 12 92 27 72 40 159 0 90 5 43 45 19 0 8 36 14 123 59 195 60 51 18 124 49 0 50 15 24 63 0 44 0 70 34 18 5 20 131 3 106 9 54 84 88 18 34 6 85 0 0 21 17 33 0 24 101 76 14 38 132 34 32 109 126 104 7 46 18 20 0 12 0 0 75 28 44 18 140 15 88 20 6 71 86 43 46 36 80 76 0 17 12 15 47 4 91 24 91 40 0 84 32 45 47 21 110 7 134 10 6 66 40 86 28 0 16 52 42 75 2 120 43 76 109 0 99 0 30 13 35 8 6 86 62 24 35 73 44 28 31 10 0 8 51 20 112 74 0 0 56 86 101 27 105 46 0 46 9 
8 84 0 7 41 97 50 55 156 64 116 28 30 14 50 121 114 76 48 42 16 37 74 47 0 0 48 21 0 48 64 70 42 33 64 85 16 16 66 54 80 30 62 63 64 16 20 0 60 3 113 42 69 102 78 30 132 157 82 0 70 56 6 179 24 82 66 29 74 31 0 0 8 0 112 63 20 64 65 110 132 65 245 116 121 170 147 74 57 0 68 5 68 20 28 58 76 0 108 54 88 108 4 110 114 68 2 57 48 56 32 112 0 0 26 56 0 88 96 4 48 25 7 0 139 20 71 12 8 80 61 162 16 3 24 86 124 42 118 14 0 178 59 109 51 109 24 24 175 15 20 56 117 0 80 80 8 108 18 0 74 16 144 48 82 0 56 0 28 29 20 16 36 78 5 35 88 86 15 0 24 16 56 90 35 20 36 64 86 12 37 40 66 48 62 0 150 24 40 12 217 4 28 66 0 32 92 0 111 40 50 3 80 134 9 0 68 129 36 110 114 103 46 36 76 0 16 76 0 26 81 0 20 128 100 149 8 42 106 87 8 119 157 6 32 79 20 20 24 87 2 116 64 28 92 71 
160 72 11 103 130 0 2 136 7 188 20 104 0 163 62 158 185 186 140 17 142 100 112 6 30 94 53 42 62 44 84 95 259 63 124 90 185 4 105 55 34 79 18 207 42 12 33 151 12 59 117 15 126 83 0 18 128 96 8 66 95 63 73 6 124 145 125 0 70 104 128 140 0 131 28 15 99 62 142 0 45 19 144 239 87 52 141 8 141 7 83 14 82 16 98 204 67 59 48 48 55 93 86 46 150 51 90 0 25 14 82 70 99 67 33 17 100 79 9 61 18 130 146 49 165 12 58 32 24 102 33 18 75 70 23 125 56 63 42 100 113 0 39 101 53 96 105 39 185 157 58 55 0 42 161 72 10 95 178 121 169 16 48 82 80 86 77 4 0 104 48 144 7 33 35 49 154 135 123 44 56 30 0 108 59 83 164 144 12 64 69 100 58 265 100 44 44 165 180 43 73 38 108 26 151 52 125 58 94 208 12 112 58 28 84 14 70 67 36 69 129 42 87 77 46 62 147 119 4 117 88 6 101 136 41 99 13 30 208 76 208 190 149 70 33 117 86 29 107 182 87 189 12 51 160 57 
